

================================================================
== Vitis HLS Report for 'dense_gemv_Pipeline_VITIS_LOOP_25_1'
================================================================
* Date:           Mon Aug  3 20:40:56 2026

* Version:        2025.2 (Build 6295257 on Nov 12 2025)
* Project:        dense_gemv
* Solution:       hls (Vivado IP Flow Target)
* Product family: artix7
* Target device:  xc7a12t-cpg238-1


================================================================
== Performance Estimates
================================================================
+ Timing: 
    * Summary: 
    +--------+----------+----------+------------+
    |  Clock |  Target  | Estimated| Uncertainty|
    +--------+----------+----------+------------+
    |ap_clk  |  10.00 ns|  5.166 ns|     2.70 ns|
    +--------+----------+----------+------------+

+ Latency: 
    * Summary: 
    +---------+---------+----------+----------+-----+-----+-------------------+
    |  Latency (cycles) |  Latency (absolute) |  Interval |      Pipeline     |
    |   min   |   max   |    min   |    max   | min | max |        Type       |
    +---------+---------+----------+----------+-----+-----+-------------------+
    |       34|       34|  0.340 us|  0.340 us|    0|    0|  loop pipeline stp|
    +---------+---------+----------+----------+-----+-----+-------------------+

    + Detail: 
        * Instance: 
        N/A

        * Loop: 
        +-------------------+---------+---------+----------+-----------+-----------+------+----------+
        |                   |  Latency (cycles) | Iteration|  Initiation Interval  | Trip |          |
        |     Loop Name     |   min   |   max   |  Latency |  achieved |   target  | Count| Pipelined|
        +-------------------+---------+---------+----------+-----------+-----------+------+----------+
        |- VITIS_LOOP_25_1  |       32|       32|         2|          1|          1|    32|       yes|
        +-------------------+---------+---------+----------+-----------+-----------+------+----------+



================================================================
== Utilization Estimates
================================================================
* Summary: 
+-----------------+---------+----+-------+------+-----+
|       Name      | BRAM_18K| DSP|   FF  |  LUT | URAM|
+-----------------+---------+----+-------+------+-----+
|DSP              |        -|   -|      -|     -|    -|
|Expression       |        -|   -|      0|    32|    -|
|FIFO             |        -|   -|      -|     -|    -|
|Instance         |        -|   -|      -|     -|    -|
|Memory           |        -|   -|      -|     -|    -|
|Multiplexer      |        -|   -|      0|    45|    -|
|Register         |        -|   -|    270|     -|    -|
+-----------------+---------+----+-------+------+-----+
|Total            |        0|   0|    270|    77|    0|
+-----------------+---------+----+-------+------+-----+
|Available        |       40|  40|  16000|  8000|    0|
+-----------------+---------+----+-------+------+-----+
|Utilization (%)  |        0|   0|      1|    ~0|    0|
+-----------------+---------+----+-------+------+-----+

+ Detail: 
    * Instance: 
    N/A

    * DSP: 
    N/A

    * Memory: 
    N/A

    * FIFO: 
    N/A

    * Expression: 
    +--------------------------------+----------+----+---+----+------------+------------+
    |          Variable Name         | Operation| DSP| FF| LUT| Bitwidth P0| Bitwidth P1|
    +--------------------------------+----------+----+---+----+------------+------------+
    |add_ln25_fu_538_p2              |         +|   0|  0|  14|           6|           1|
    |ap_block_pp0_stage0_01001_grp1  |       and|   0|  0|   2|           1|           1|
    |icmp_ln25_fu_532_p2             |      icmp|   0|  0|  14|           6|           7|
    |ap_enable_pp0                   |       xor|   0|  0|   2|           1|           2|
    +--------------------------------+----------+----+---+----+------------+------------+
    |Total                           |          |   0|  0|  32|          14|          11|
    +--------------------------------+----------+----+---+----+------------+------------+

    * Multiplexer: 
    +-------------------------+----+-----------+-----+-----------+
    |           Name          | LUT| Input Size| Bits| Total Bits|
    +-------------------------+----+-----------+-----+-----------+
    |ap_done_int              |   9|          2|    1|          2|
    |ap_enable_reg_pp0_iter1  |   9|          2|    1|          2|
    |ap_sig_allocacmp_i_2     |   9|          2|    6|         12|
    |i_fu_162                 |   9|          2|    6|         12|
    |in_stream_TDATA_blk_n    |   9|          2|    1|          2|
    +-------------------------+----+-----------+-----+-----------+
    |Total                    |  45|         10|   15|         30|
    +-------------------------+----+-----------+-----+-----------+

    * Register: 
    +-------------------------+---+----+-----+-----------+
    |           Name          | FF| LUT| Bits| Const Bits|
    +-------------------------+---+----+-----+-----------+
    |ap_CS_fsm                |  1|   0|    1|          0|
    |ap_done_reg              |  1|   0|    1|          0|
    |ap_enable_reg_pp0_iter1  |  1|   0|    1|          0|
    |empty_45_fu_170          |  8|   0|    8|          0|
    |empty_46_fu_174          |  8|   0|    8|          0|
    |empty_47_fu_178          |  8|   0|    8|          0|
    |empty_48_fu_182          |  8|   0|    8|          0|
    |empty_49_fu_186          |  8|   0|    8|          0|
    |empty_50_fu_190          |  8|   0|    8|          0|
    |empty_51_fu_194          |  8|   0|    8|          0|
    |empty_52_fu_198          |  8|   0|    8|          0|
    |empty_53_fu_202          |  8|   0|    8|          0|
    |empty_54_fu_206          |  8|   0|    8|          0|
    |empty_55_fu_210          |  8|   0|    8|          0|
    |empty_56_fu_214          |  8|   0|    8|          0|
    |empty_57_fu_218          |  8|   0|    8|          0|
    |empty_58_fu_222          |  8|   0|    8|          0|
    |empty_59_fu_226          |  8|   0|    8|          0|
    |empty_60_fu_230          |  8|   0|    8|          0|
    |empty_61_fu_234          |  8|   0|    8|          0|
    |empty_62_fu_238          |  8|   0|    8|          0|
    |empty_63_fu_242          |  8|   0|    8|          0|
    |empty_64_fu_246          |  8|   0|    8|          0|
    |empty_65_fu_250          |  8|   0|    8|          0|
    |empty_66_fu_254          |  8|   0|    8|          0|
    |empty_67_fu_258          |  8|   0|    8|          0|
    |empty_68_fu_262          |  8|   0|    8|          0|
    |empty_69_fu_266          |  8|   0|    8|          0|
    |empty_70_fu_270          |  8|   0|    8|          0|
    |empty_71_fu_274          |  8|   0|    8|          0|
    |empty_72_fu_278          |  8|   0|    8|          0|
    |empty_73_fu_282          |  8|   0|    8|          0|
    |empty_74_fu_286          |  8|   0|    8|          0|
    |empty_75_fu_290          |  8|   0|    8|          0|
    |empty_fu_166             |  8|   0|    8|          0|
    |i_fu_162                 |  6|   0|    6|          0|
    |trunc_ln25_reg_1109      |  5|   0|    5|          0|
    +-------------------------+---+----+-----+-----------+
    |Total                    |270|   0|  270|          0|
    +-------------------------+---+----+-----+-----------+



================================================================
== Interface
================================================================
* Summary: 
+------------------+-----+-----+------------+-------------------------------------+--------------+
|     RTL Ports    | Dir | Bits|  Protocol  |            Source Object            |    C Type    |
+------------------+-----+-----+------------+-------------------------------------+--------------+
|ap_clk            |   in|    1|  ap_ctrl_hs|  dense_gemv_Pipeline_VITIS_LOOP_25_1|  return value|
|ap_rst            |   in|    1|  ap_ctrl_hs|  dense_gemv_Pipeline_VITIS_LOOP_25_1|  return value|
|ap_start          |   in|    1|  ap_ctrl_hs|  dense_gemv_Pipeline_VITIS_LOOP_25_1|  return value|
|ap_done           |  out|    1|  ap_ctrl_hs|  dense_gemv_Pipeline_VITIS_LOOP_25_1|  return value|
|ap_idle           |  out|    1|  ap_ctrl_hs|  dense_gemv_Pipeline_VITIS_LOOP_25_1|  return value|
|ap_ready          |  out|    1|  ap_ctrl_hs|  dense_gemv_Pipeline_VITIS_LOOP_25_1|  return value|
|in_stream_TVALID  |   in|    1|        axis|                            in_stream|       pointer|
|in_stream_TDATA   |   in|    8|        axis|                            in_stream|       pointer|
|in_stream_TREADY  |  out|    1|        axis|                            in_stream|       pointer|
|p_out             |  out|    8|      ap_vld|                                p_out|       pointer|
|p_out_ap_vld      |  out|    1|      ap_vld|                                p_out|       pointer|
|p_out1            |  out|    8|      ap_vld|                               p_out1|       pointer|
|p_out1_ap_vld     |  out|    1|      ap_vld|                               p_out1|       pointer|
|p_out2            |  out|    8|      ap_vld|                               p_out2|       pointer|
|p_out2_ap_vld     |  out|    1|      ap_vld|                               p_out2|       pointer|
|p_out3            |  out|    8|      ap_vld|                               p_out3|       pointer|
|p_out3_ap_vld     |  out|    1|      ap_vld|                               p_out3|       pointer|
|p_out4            |  out|    8|      ap_vld|                               p_out4|       pointer|
|p_out4_ap_vld     |  out|    1|      ap_vld|                               p_out4|       pointer|
|p_out5            |  out|    8|      ap_vld|                               p_out5|       pointer|
|p_out5_ap_vld     |  out|    1|      ap_vld|                               p_out5|       pointer|
|p_out6            |  out|    8|      ap_vld|                               p_out6|       pointer|
|p_out6_ap_vld     |  out|    1|      ap_vld|                               p_out6|       pointer|
|p_out7            |  out|    8|      ap_vld|                               p_out7|       pointer|
|p_out7_ap_vld     |  out|    1|      ap_vld|                               p_out7|       pointer|
|p_out8            |  out|    8|      ap_vld|                               p_out8|       pointer|
|p_out8_ap_vld     |  out|    1|      ap_vld|                               p_out8|       pointer|
|p_out9            |  out|    8|      ap_vld|                               p_out9|       pointer|
|p_out9_ap_vld     |  out|    1|      ap_vld|                               p_out9|       pointer|
|p_out10           |  out|    8|      ap_vld|                              p_out10|       pointer|
|p_out10_ap_vld    |  out|    1|      ap_vld|                              p_out10|       pointer|
|p_out11           |  out|    8|      ap_vld|                              p_out11|       pointer|
|p_out11_ap_vld    |  out|    1|      ap_vld|                              p_out11|       pointer|
|p_out12           |  out|    8|      ap_vld|                              p_out12|       pointer|
|p_out12_ap_vld    |  out|    1|      ap_vld|                              p_out12|       pointer|
|p_out13           |  out|    8|      ap_vld|                              p_out13|       pointer|
|p_out13_ap_vld    |  out|    1|      ap_vld|                              p_out13|       pointer|
|p_out14           |  out|    8|      ap_vld|                              p_out14|       pointer|
|p_out14_ap_vld    |  out|    1|      ap_vld|                              p_out14|       pointer|
|p_out15           |  out|    8|      ap_vld|                              p_out15|       pointer|
|p_out15_ap_vld    |  out|    1|      ap_vld|                              p_out15|       pointer|
|p_out16           |  out|    8|      ap_vld|                              p_out16|       pointer|
|p_out16_ap_vld    |  out|    1|      ap_vld|                              p_out16|       pointer|
|p_out17           |  out|    8|      ap_vld|                              p_out17|       pointer|
|p_out17_ap_vld    |  out|    1|      ap_vld|                              p_out17|       pointer|
|p_out18           |  out|    8|      ap_vld|                              p_out18|       pointer|
|p_out18_ap_vld    |  out|    1|      ap_vld|                              p_out18|       pointer|
|p_out19           |  out|    8|      ap_vld|                              p_out19|       pointer|
|p_out19_ap_vld    |  out|    1|      ap_vld|                              p_out19|       pointer|
|p_out20           |  out|    8|      ap_vld|                              p_out20|       pointer|
|p_out20_ap_vld    |  out|    1|      ap_vld|                              p_out20|       pointer|
|p_out21           |  out|    8|      ap_vld|                              p_out21|       pointer|
|p_out21_ap_vld    |  out|    1|      ap_vld|                              p_out21|       pointer|
|p_out22           |  out|    8|      ap_vld|                              p_out22|       pointer|
|p_out22_ap_vld    |  out|    1|      ap_vld|                              p_out22|       pointer|
|p_out23           |  out|    8|      ap_vld|                              p_out23|       pointer|
|p_out23_ap_vld    |  out|    1|      ap_vld|                              p_out23|       pointer|
|p_out24           |  out|    8|      ap_vld|                              p_out24|       pointer|
|p_out24_ap_vld    |  out|    1|      ap_vld|                              p_out24|       pointer|
|p_out25           |  out|    8|      ap_vld|                              p_out25|       pointer|
|p_out25_ap_vld    |  out|    1|      ap_vld|                              p_out25|       pointer|
|p_out26           |  out|    8|      ap_vld|                              p_out26|       pointer|
|p_out26_ap_vld    |  out|    1|      ap_vld|                              p_out26|       pointer|
|p_out27           |  out|    8|      ap_vld|                              p_out27|       pointer|
|p_out27_ap_vld    |  out|    1|      ap_vld|                              p_out27|       pointer|
|p_out28           |  out|    8|      ap_vld|                              p_out28|       pointer|
|p_out28_ap_vld    |  out|    1|      ap_vld|                              p_out28|       pointer|
|p_out29           |  out|    8|      ap_vld|                              p_out29|       pointer|
|p_out29_ap_vld    |  out|    1|      ap_vld|                              p_out29|       pointer|
|p_out30           |  out|    8|      ap_vld|                              p_out30|       pointer|
|p_out30_ap_vld    |  out|    1|      ap_vld|                              p_out30|       pointer|
|p_out31           |  out|    8|      ap_vld|                              p_out31|       pointer|
|p_out31_ap_vld    |  out|    1|      ap_vld|                              p_out31|       pointer|
+------------------+-----+-----+------------+-------------------------------------+--------------+

============================================================
+ Verbose Summary: Synthesis Manager
============================================================
InlineROM: 1
ExposeGlobal: 0
============================================================
+ Verbose Summary: CDFG Model
============================================================
IsTopModel: 0
ResetActiveHigh: 1
IsCombinational: 2
IsDatapathOnly: 2
HasWiredReturn: 1
HasMFsm: 2
HasVarLatency: 1
IsPipeline: 0
IsRtlPipelined: 0
IsInstanceOverlapped: 0
IsDontTouch: 0
HasImplIP: 0
IsGatedGlobalClock: 0

+ Individual pipeline summary: 
  * Pipeline-0: initiation interval (II) = 1, depth = 2


============================================================
+ Verbose Summary: Schedule
============================================================
* Number of FSM states : 2
* Pipeline : 1
  Pipeline-0 : II = 1, D = 2, States = { 1 2 }
* Dataflow Pipeline: 0

* FSM state transitions: 
1 --> 2 
2 --> 

* FSM state operations: 

State 1 <SV = 0> <Delay = 5.16>
ST_1 : Operation 5 [1/1] (0.00ns)   --->   "%i = alloca i32 1" [../hls/dense_gemv.cpp:25]   --->   Operation 5 'alloca' 'i' <Predicate = true> <Delay = 0.00>
ST_1 : Operation 6 [1/1] (0.00ns)   --->   "%empty = alloca i32 1"   --->   Operation 6 'alloca' 'empty' <Predicate = true> <Delay = 0.00>
ST_1 : Operation 7 [1/1] (0.00ns)   --->   "%empty_45 = alloca i32 1"   --->   Operation 7 'alloca' 'empty_45' <Predicate = true> <Delay = 0.00>
ST_1 : Operation 8 [1/1] (0.00ns)   --->   "%empty_46 = alloca i32 1"   --->   Operation 8 'alloca' 'empty_46' <Predicate = true> <Delay = 0.00>
ST_1 : Operation 9 [1/1] (0.00ns)   --->   "%empty_47 = alloca i32 1"   --->   Operation 9 'alloca' 'empty_47' <Predicate = true> <Delay = 0.00>
ST_1 : Operation 10 [1/1] (0.00ns)   --->   "%empty_48 = alloca i32 1"   --->   Operation 10 'alloca' 'empty_48' <Predicate = true> <Delay = 0.00>
ST_1 : Operation 11 [1/1] (0.00ns)   --->   "%empty_49 = alloca i32 1"   --->   Operation 11 'alloca' 'empty_49' <Predicate = true> <Delay = 0.00>
ST_1 : Operation 12 [1/1] (0.00ns)   --->   "%empty_50 = alloca i32 1"   --->   Operation 12 'alloca' 'empty_50' <Predicate = true> <Delay = 0.00>
ST_1 : Operation 13 [1/1] (0.00ns)   --->   "%empty_51 = alloca i32 1"   --->   Operation 13 'alloca' 'empty_51' <Predicate = true> <Delay = 0.00>
ST_1 : Operation 14 [1/1] (0.00ns)   --->   "%empty_52 = alloca i32 1"   --->   Operation 14 'alloca' 'empty_52' <Predicate = true> <Delay = 0.00>
ST_1 : Operation 15 [1/1] (0.00ns)   --->   "%empty_53 = alloca i32 1"   --->   Operation 15 'alloca' 'empty_53' <Predicate = true> <Delay = 0.00>
ST_1 : Operation 16 [1/1] (0.00ns)   --->   "%empty_54 = alloca i32 1"   --->   Operation 16 'alloca' 'empty_54' <Predicate = true> <Delay = 0.00>
ST_1 : Operation 17 [1/1] (0.00ns)   --->   "%empty_55 = alloca i32 1"   --->   Operation 17 'alloca' 'empty_55' <Predicate = true> <Delay = 0.00>
ST_1 : Operation 18 [1/1] (0.00ns)   --->   "%empty_56 = alloca i32 1"   --->   Operation 18 'alloca' 'empty_56' <Predicate = true> <Delay = 0.00>
ST_1 : Operation 19 [1/1] (0.00ns)   --->   "%empty_57 = alloca i32 1"   --->   Operation 19 'alloca' 'empty_57' <Predicate = true> <Delay = 0.00>
ST_1 : Operation 20 [1/1] (0.00ns)   --->   "%empty_58 = alloca i32 1"   --->   Operation 20 'alloca' 'empty_58' <Predicate = true> <Delay = 0.00>
ST_1 : Operation 21 [1/1] (0.00ns)   --->   "%empty_59 = alloca i32 1"   --->   Operation 21 'alloca' 'empty_59' <Predicate = true> <Delay = 0.00>
ST_1 : Operation 22 [1/1] (0.00ns)   --->   "%empty_60 = alloca i32 1"   --->   Operation 22 'alloca' 'empty_60' <Predicate = true> <Delay = 0.00>
ST_1 : Operation 23 [1/1] (0.00ns)   --->   "%empty_61 = alloca i32 1"   --->   Operation 23 'alloca' 'empty_61' <Predicate = true> <Delay = 0.00>
ST_1 : Operation 24 [1/1] (0.00ns)   --->   "%empty_62 = alloca i32 1"   --->   Operation 24 'alloca' 'empty_62' <Predicate = true> <Delay = 0.00>
ST_1 : Operation 25 [1/1] (0.00ns)   --->   "%empty_63 = alloca i32 1"   --->   Operation 25 'alloca' 'empty_63' <Predicate = true> <Delay = 0.00>
ST_1 : Operation 26 [1/1] (0.00ns)   --->   "%empty_64 = alloca i32 1"   --->   Operation 26 'alloca' 'empty_64' <Predicate = true> <Delay = 0.00>
ST_1 : Operation 27 [1/1] (0.00ns)   --->   "%empty_65 = alloca i32 1"   --->   Operation 27 'alloca' 'empty_65' <Predicate = true> <Delay = 0.00>
ST_1 : Operation 28 [1/1] (0.00ns)   --->   "%empty_66 = alloca i32 1"   --->   Operation 28 'alloca' 'empty_66' <Predicate = true> <Delay = 0.00>
ST_1 : Operation 29 [1/1] (0.00ns)   --->   "%empty_67 = alloca i32 1"   --->   Operation 29 'alloca' 'empty_67' <Predicate = true> <Delay = 0.00>
ST_1 : Operation 30 [1/1] (0.00ns)   --->   "%empty_68 = alloca i32 1"   --->   Operation 30 'alloca' 'empty_68' <Predicate = true> <Delay = 0.00>
ST_1 : Operation 31 [1/1] (0.00ns)   --->   "%empty_69 = alloca i32 1"   --->   Operation 31 'alloca' 'empty_69' <Predicate = true> <Delay = 0.00>
ST_1 : Operation 32 [1/1] (0.00ns)   --->   "%empty_70 = alloca i32 1"   --->   Operation 32 'alloca' 'empty_70' <Predicate = true> <Delay = 0.00>
ST_1 : Operation 33 [1/1] (0.00ns)   --->   "%empty_71 = alloca i32 1"   --->   Operation 33 'alloca' 'empty_71' <Predicate = true> <Delay = 0.00>
ST_1 : Operation 34 [1/1] (0.00ns)   --->   "%empty_72 = alloca i32 1"   --->   Operation 34 'alloca' 'empty_72' <Predicate = true> <Delay = 0.00>
ST_1 : Operation 35 [1/1] (0.00ns)   --->   "%empty_73 = alloca i32 1"   --->   Operation 35 'alloca' 'empty_73' <Predicate = true> <Delay = 0.00>
ST_1 : Operation 36 [1/1] (0.00ns)   --->   "%empty_74 = alloca i32 1"   --->   Operation 36 'alloca' 'empty_74' <Predicate = true> <Delay = 0.00>
ST_1 : Operation 37 [1/1] (0.00ns)   --->   "%empty_75 = alloca i32 1"   --->   Operation 37 'alloca' 'empty_75' <Predicate = true> <Delay = 0.00>
ST_1 : Operation 38 [1/1] (0.00ns)   --->   "%specinterface_ln0 = specinterface void @_ssdm_op_SpecInterface, i8 %in_stream, void @empty_31, i32 0, i32 0, void @empty_40, i32 0, i32 0, void @empty, void @empty, void @empty, i32 0, i32 0, i32 0, i32 0, void @empty, void @empty, i32 4294967295, i32 0, i32 0, i32 0"   --->   Operation 38 'specinterface' 'specinterface_ln0' <Predicate = true> <Delay = 0.00>
ST_1 : Operation 39 [1/1] (1.61ns)   --->   "%store_ln25 = store i6 0, i6 %i" [../hls/dense_gemv.cpp:25]   --->   Operation 39 'store' 'store_ln25' <Predicate = true> <Delay = 1.61>
ST_1 : Operation 40 [1/1] (0.00ns)   --->   "%br_ln25 = br void %for.inc" [../hls/dense_gemv.cpp:25]   --->   Operation 40 'br' 'br_ln25' <Predicate = true> <Delay = 0.00>
ST_1 : Operation 41 [1/1] (0.00ns)   --->   "%i_2 = load i6 %i" [../hls/dense_gemv.cpp:25]   --->   Operation 41 'load' 'i_2' <Predicate = true> <Delay = 0.00>
ST_1 : Operation 42 [1/1] (1.94ns)   --->   "%icmp_ln25 = icmp_eq  i6 %i_2, i6 32" [../hls/dense_gemv.cpp:25]   --->   Operation 42 'icmp' 'icmp_ln25' <Predicate = true> <Delay = 1.94> <CoreInst = "Cmp">   --->   Core 9 'Cmp' <Latency = 0> <II = 1> <Delay = 2.03> <FuncUnit> <Opcode : 'seteq' 'setne' 'setle' 'setge' 'setlt' 'setgt'> <InPorts = 2> <OutPorts = 1>
ST_1 : Operation 43 [1/1] (1.94ns)   --->   "%add_ln25 = add i6 %i_2, i6 1" [../hls/dense_gemv.cpp:25]   --->   Operation 43 'add' 'add_ln25' <Predicate = true> <Delay = 1.94> <CoreInst = "Adder">   --->   Core 1 'Adder' <Latency = 0> <II = 1> <Delay = 1.94> <FuncUnit> <Opcode : 'add' 'sub'> <InPorts = 2> <OutPorts = 1>
ST_1 : Operation 44 [1/1] (0.00ns)   --->   "%br_ln25 = br i1 %icmp_ln25, void %for.inc.split, void %VITIS_LOOP_35_3.lr.ph.exitStub" [../hls/dense_gemv.cpp:25]   --->   Operation 44 'br' 'br_ln25' <Predicate = true> <Delay = 0.00>
ST_1 : Operation 45 [1/1] (0.00ns)   --->   "%trunc_ln25 = trunc i6 %i_2" [../hls/dense_gemv.cpp:25]   --->   Operation 45 'trunc' 'trunc_ln25' <Predicate = (!icmp_ln25)> <Delay = 0.00>
ST_1 : Operation 46 [1/1] (1.86ns)   --->   "%switch_ln27 = switch i5 %trunc_ln25, void %arrayidx.case.31, i5 0, void %for.inc.split.arrayidx.exit_crit_edge, i5 1, void %arrayidx.case.1, i5 2, void %arrayidx.case.2, i5 3, void %arrayidx.case.3, i5 4, void %arrayidx.case.4, i5 5, void %arrayidx.case.5, i5 6, void %arrayidx.case.6, i5 7, void %arrayidx.case.7, i5 8, void %arrayidx.case.8, i5 9, void %arrayidx.case.9, i5 10, void %arrayidx.case.10, i5 11, void %arrayidx.case.11, i5 12, void %arrayidx.case.12, i5 13, void %arrayidx.case.13, i5 14, void %arrayidx.case.14, i5 15, void %arrayidx.case.15, i5 16, void %arrayidx.case.16, i5 17, void %arrayidx.case.17, i5 18, void %arrayidx.case.18, i5 19, void %arrayidx.case.19, i5 20, void %arrayidx.case.20, i5 21, void %arrayidx.case.21, i5 22, void %arrayidx.case.22, i5 23, void %arrayidx.case.23, i5 24, void %arrayidx.case.24, i5 25, void %arrayidx.case.25, i5 26, void %arrayidx.case.26, i5 27, void %arrayidx.case.27, i5 28, void %arrayidx.case.28, i5 29, void %arrayidx.case.29, i5 30, void %arrayidx.case.30" [../hls/dense_gemv.cpp:27]   --->   Operation 46 'switch' 'switch_ln27' <Predicate = (!icmp_ln25)> <Delay = 1.86>
ST_1 : Operation 47 [1/1] (1.61ns)   --->   "%store_ln25 = store i6 %add_ln25, i6 %i" [../hls/dense_gemv.cpp:25]   --->   Operation 47 'store' 'store_ln25' <Predicate = (!icmp_ln25)> <Delay = 1.61>
ST_1 : Operation 48 [1/1] (0.00ns)   --->   "%br_ln25 = br void %for.inc" [../hls/dense_gemv.cpp:25]   --->   Operation 48 'br' 'br_ln25' <Predicate = (!icmp_ln25)> <Delay = 0.00>
ST_1 : Operation 117 [1/1] (0.00ns)   --->   "%p_load63 = load i8 %empty"   --->   Operation 117 'load' 'p_load63' <Predicate = (icmp_ln25)> <Delay = 0.00>
ST_1 : Operation 118 [1/1] (0.00ns)   --->   "%p_load62 = load i8 %empty_45"   --->   Operation 118 'load' 'p_load62' <Predicate = (icmp_ln25)> <Delay = 0.00>
ST_1 : Operation 119 [1/1] (0.00ns)   --->   "%p_load61 = load i8 %empty_46"   --->   Operation 119 'load' 'p_load61' <Predicate = (icmp_ln25)> <Delay = 0.00>
ST_1 : Operation 120 [1/1] (0.00ns)   --->   "%p_load60 = load i8 %empty_47"   --->   Operation 120 'load' 'p_load60' <Predicate = (icmp_ln25)> <Delay = 0.00>
ST_1 : Operation 121 [1/1] (0.00ns)   --->   "%p_load59 = load i8 %empty_48"   --->   Operation 121 'load' 'p_load59' <Predicate = (icmp_ln25)> <Delay = 0.00>
ST_1 : Operation 122 [1/1] (0.00ns)   --->   "%p_load58 = load i8 %empty_49"   --->   Operation 122 'load' 'p_load58' <Predicate = (icmp_ln25)> <Delay = 0.00>
ST_1 : Operation 123 [1/1] (0.00ns)   --->   "%p_load57 = load i8 %empty_50"   --->   Operation 123 'load' 'p_load57' <Predicate = (icmp_ln25)> <Delay = 0.00>
ST_1 : Operation 124 [1/1] (0.00ns)   --->   "%p_load56 = load i8 %empty_51"   --->   Operation 124 'load' 'p_load56' <Predicate = (icmp_ln25)> <Delay = 0.00>
ST_1 : Operation 125 [1/1] (0.00ns)   --->   "%p_load55 = load i8 %empty_52"   --->   Operation 125 'load' 'p_load55' <Predicate = (icmp_ln25)> <Delay = 0.00>
ST_1 : Operation 126 [1/1] (0.00ns)   --->   "%p_load54 = load i8 %empty_53"   --->   Operation 126 'load' 'p_load54' <Predicate = (icmp_ln25)> <Delay = 0.00>
ST_1 : Operation 127 [1/1] (0.00ns)   --->   "%p_load53 = load i8 %empty_54"   --->   Operation 127 'load' 'p_load53' <Predicate = (icmp_ln25)> <Delay = 0.00>
ST_1 : Operation 128 [1/1] (0.00ns)   --->   "%p_load52 = load i8 %empty_55"   --->   Operation 128 'load' 'p_load52' <Predicate = (icmp_ln25)> <Delay = 0.00>
ST_1 : Operation 129 [1/1] (0.00ns)   --->   "%p_load51 = load i8 %empty_56"   --->   Operation 129 'load' 'p_load51' <Predicate = (icmp_ln25)> <Delay = 0.00>
ST_1 : Operation 130 [1/1] (0.00ns)   --->   "%p_load50 = load i8 %empty_57"   --->   Operation 130 'load' 'p_load50' <Predicate = (icmp_ln25)> <Delay = 0.00>
ST_1 : Operation 131 [1/1] (0.00ns)   --->   "%p_load49 = load i8 %empty_58"   --->   Operation 131 'load' 'p_load49' <Predicate = (icmp_ln25)> <Delay = 0.00>
ST_1 : Operation 132 [1/1] (0.00ns)   --->   "%p_load48 = load i8 %empty_59"   --->   Operation 132 'load' 'p_load48' <Predicate = (icmp_ln25)> <Delay = 0.00>
ST_1 : Operation 133 [1/1] (0.00ns)   --->   "%p_load47 = load i8 %empty_60"   --->   Operation 133 'load' 'p_load47' <Predicate = (icmp_ln25)> <Delay = 0.00>
ST_1 : Operation 134 [1/1] (0.00ns)   --->   "%p_load46 = load i8 %empty_61"   --->   Operation 134 'load' 'p_load46' <Predicate = (icmp_ln25)> <Delay = 0.00>
ST_1 : Operation 135 [1/1] (0.00ns)   --->   "%p_load45 = load i8 %empty_62"   --->   Operation 135 'load' 'p_load45' <Predicate = (icmp_ln25)> <Delay = 0.00>
ST_1 : Operation 136 [1/1] (0.00ns)   --->   "%p_load44 = load i8 %empty_63"   --->   Operation 136 'load' 'p_load44' <Predicate = (icmp_ln25)> <Delay = 0.00>
ST_1 : Operation 137 [1/1] (0.00ns)   --->   "%p_load43 = load i8 %empty_64"   --->   Operation 137 'load' 'p_load43' <Predicate = (icmp_ln25)> <Delay = 0.00>
ST_1 : Operation 138 [1/1] (0.00ns)   --->   "%p_load42 = load i8 %empty_65"   --->   Operation 138 'load' 'p_load42' <Predicate = (icmp_ln25)> <Delay = 0.00>
ST_1 : Operation 139 [1/1] (0.00ns)   --->   "%p_load41 = load i8 %empty_66"   --->   Operation 139 'load' 'p_load41' <Predicate = (icmp_ln25)> <Delay = 0.00>
ST_1 : Operation 140 [1/1] (0.00ns)   --->   "%p_load40 = load i8 %empty_67"   --->   Operation 140 'load' 'p_load40' <Predicate = (icmp_ln25)> <Delay = 0.00>
ST_1 : Operation 141 [1/1] (0.00ns)   --->   "%p_load39 = load i8 %empty_68"   --->   Operation 141 'load' 'p_load39' <Predicate = (icmp_ln25)> <Delay = 0.00>
ST_1 : Operation 142 [1/1] (0.00ns)   --->   "%p_load38 = load i8 %empty_69"   --->   Operation 142 'load' 'p_load38' <Predicate = (icmp_ln25)> <Delay = 0.00>
ST_1 : Operation 143 [1/1] (0.00ns)   --->   "%p_load37 = load i8 %empty_70"   --->   Operation 143 'load' 'p_load37' <Predicate = (icmp_ln25)> <Delay = 0.00>
ST_1 : Operation 144 [1/1] (0.00ns)   --->   "%p_load36 = load i8 %empty_71"   --->   Operation 144 'load' 'p_load36' <Predicate = (icmp_ln25)> <Delay = 0.00>
ST_1 : Operation 145 [1/1] (0.00ns)   --->   "%p_load35 = load i8 %empty_72"   --->   Operation 145 'load' 'p_load35' <Predicate = (icmp_ln25)> <Delay = 0.00>
ST_1 : Operation 146 [1/1] (0.00ns)   --->   "%p_load34 = load i8 %empty_73"   --->   Operation 146 'load' 'p_load34' <Predicate = (icmp_ln25)> <Delay = 0.00>
ST_1 : Operation 147 [1/1] (0.00ns)   --->   "%p_load33 = load i8 %empty_74"   --->   Operation 147 'load' 'p_load33' <Predicate = (icmp_ln25)> <Delay = 0.00>
ST_1 : Operation 148 [1/1] (0.00ns)   --->   "%p_load = load i8 %empty_75"   --->   Operation 148 'load' 'p_load' <Predicate = (icmp_ln25)> <Delay = 0.00>
ST_1 : Operation 149 [1/1] (0.00ns)   --->   "%write_ln0 = write void @_ssdm_op_Write.ap_auto.i8P0A, i8 %p_out, i8 %p_load"   --->   Operation 149 'write' 'write_ln0' <Predicate = (icmp_ln25)> <Delay = 0.00>
ST_1 : Operation 150 [1/1] (0.00ns)   --->   "%write_ln0 = write void @_ssdm_op_Write.ap_auto.i8P0A, i8 %p_out1, i8 %p_load33"   --->   Operation 150 'write' 'write_ln0' <Predicate = (icmp_ln25)> <Delay = 0.00>
ST_1 : Operation 151 [1/1] (0.00ns)   --->   "%write_ln0 = write void @_ssdm_op_Write.ap_auto.i8P0A, i8 %p_out2, i8 %p_load34"   --->   Operation 151 'write' 'write_ln0' <Predicate = (icmp_ln25)> <Delay = 0.00>
ST_1 : Operation 152 [1/1] (0.00ns)   --->   "%write_ln0 = write void @_ssdm_op_Write.ap_auto.i8P0A, i8 %p_out3, i8 %p_load35"   --->   Operation 152 'write' 'write_ln0' <Predicate = (icmp_ln25)> <Delay = 0.00>
ST_1 : Operation 153 [1/1] (0.00ns)   --->   "%write_ln0 = write void @_ssdm_op_Write.ap_auto.i8P0A, i8 %p_out4, i8 %p_load36"   --->   Operation 153 'write' 'write_ln0' <Predicate = (icmp_ln25)> <Delay = 0.00>
ST_1 : Operation 154 [1/1] (0.00ns)   --->   "%write_ln0 = write void @_ssdm_op_Write.ap_auto.i8P0A, i8 %p_out5, i8 %p_load37"   --->   Operation 154 'write' 'write_ln0' <Predicate = (icmp_ln25)> <Delay = 0.00>
ST_1 : Operation 155 [1/1] (0.00ns)   --->   "%write_ln0 = write void @_ssdm_op_Write.ap_auto.i8P0A, i8 %p_out6, i8 %p_load38"   --->   Operation 155 'write' 'write_ln0' <Predicate = (icmp_ln25)> <Delay = 0.00>
ST_1 : Operation 156 [1/1] (0.00ns)   --->   "%write_ln0 = write void @_ssdm_op_Write.ap_auto.i8P0A, i8 %p_out7, i8 %p_load39"   --->   Operation 156 'write' 'write_ln0' <Predicate = (icmp_ln25)> <Delay = 0.00>
ST_1 : Operation 157 [1/1] (0.00ns)   --->   "%write_ln0 = write void @_ssdm_op_Write.ap_auto.i8P0A, i8 %p_out8, i8 %p_load40"   --->   Operation 157 'write' 'write_ln0' <Predicate = (icmp_ln25)> <Delay = 0.00>
ST_1 : Operation 158 [1/1] (0.00ns)   --->   "%write_ln0 = write void @_ssdm_op_Write.ap_auto.i8P0A, i8 %p_out9, i8 %p_load41"   --->   Operation 158 'write' 'write_ln0' <Predicate = (icmp_ln25)> <Delay = 0.00>
ST_1 : Operation 159 [1/1] (0.00ns)   --->   "%write_ln0 = write void @_ssdm_op_Write.ap_auto.i8P0A, i8 %p_out10, i8 %p_load42"   --->   Operation 159 'write' 'write_ln0' <Predicate = (icmp_ln25)> <Delay = 0.00>
ST_1 : Operation 160 [1/1] (0.00ns)   --->   "%write_ln0 = write void @_ssdm_op_Write.ap_auto.i8P0A, i8 %p_out11, i8 %p_load43"   --->   Operation 160 'write' 'write_ln0' <Predicate = (icmp_ln25)> <Delay = 0.00>
ST_1 : Operation 161 [1/1] (0.00ns)   --->   "%write_ln0 = write void @_ssdm_op_Write.ap_auto.i8P0A, i8 %p_out12, i8 %p_load44"   --->   Operation 161 'write' 'write_ln0' <Predicate = (icmp_ln25)> <Delay = 0.00>
ST_1 : Operation 162 [1/1] (0.00ns)   --->   "%write_ln0 = write void @_ssdm_op_Write.ap_auto.i8P0A, i8 %p_out13, i8 %p_load45"   --->   Operation 162 'write' 'write_ln0' <Predicate = (icmp_ln25)> <Delay = 0.00>
ST_1 : Operation 163 [1/1] (0.00ns)   --->   "%write_ln0 = write void @_ssdm_op_Write.ap_auto.i8P0A, i8 %p_out14, i8 %p_load46"   --->   Operation 163 'write' 'write_ln0' <Predicate = (icmp_ln25)> <Delay = 0.00>
ST_1 : Operation 164 [1/1] (0.00ns)   --->   "%write_ln0 = write void @_ssdm_op_Write.ap_auto.i8P0A, i8 %p_out15, i8 %p_load47"   --->   Operation 164 'write' 'write_ln0' <Predicate = (icmp_ln25)> <Delay = 0.00>
ST_1 : Operation 165 [1/1] (0.00ns)   --->   "%write_ln0 = write void @_ssdm_op_Write.ap_auto.i8P0A, i8 %p_out16, i8 %p_load48"   --->   Operation 165 'write' 'write_ln0' <Predicate = (icmp_ln25)> <Delay = 0.00>
ST_1 : Operation 166 [1/1] (0.00ns)   --->   "%write_ln0 = write void @_ssdm_op_Write.ap_auto.i8P0A, i8 %p_out17, i8 %p_load49"   --->   Operation 166 'write' 'write_ln0' <Predicate = (icmp_ln25)> <Delay = 0.00>
ST_1 : Operation 167 [1/1] (0.00ns)   --->   "%write_ln0 = write void @_ssdm_op_Write.ap_auto.i8P0A, i8 %p_out18, i8 %p_load50"   --->   Operation 167 'write' 'write_ln0' <Predicate = (icmp_ln25)> <Delay = 0.00>
ST_1 : Operation 168 [1/1] (0.00ns)   --->   "%write_ln0 = write void @_ssdm_op_Write.ap_auto.i8P0A, i8 %p_out19, i8 %p_load51"   --->   Operation 168 'write' 'write_ln0' <Predicate = (icmp_ln25)> <Delay = 0.00>
ST_1 : Operation 169 [1/1] (0.00ns)   --->   "%write_ln0 = write void @_ssdm_op_Write.ap_auto.i8P0A, i8 %p_out20, i8 %p_load52"   --->   Operation 169 'write' 'write_ln0' <Predicate = (icmp_ln25)> <Delay = 0.00>
ST_1 : Operation 170 [1/1] (0.00ns)   --->   "%write_ln0 = write void @_ssdm_op_Write.ap_auto.i8P0A, i8 %p_out21, i8 %p_load53"   --->   Operation 170 'write' 'write_ln0' <Predicate = (icmp_ln25)> <Delay = 0.00>
ST_1 : Operation 171 [1/1] (0.00ns)   --->   "%write_ln0 = write void @_ssdm_op_Write.ap_auto.i8P0A, i8 %p_out22, i8 %p_load54"   --->   Operation 171 'write' 'write_ln0' <Predicate = (icmp_ln25)> <Delay = 0.00>
ST_1 : Operation 172 [1/1] (0.00ns)   --->   "%write_ln0 = write void @_ssdm_op_Write.ap_auto.i8P0A, i8 %p_out23, i8 %p_load55"   --->   Operation 172 'write' 'write_ln0' <Predicate = (icmp_ln25)> <Delay = 0.00>
ST_1 : Operation 173 [1/1] (0.00ns)   --->   "%write_ln0 = write void @_ssdm_op_Write.ap_auto.i8P0A, i8 %p_out24, i8 %p_load56"   --->   Operation 173 'write' 'write_ln0' <Predicate = (icmp_ln25)> <Delay = 0.00>
ST_1 : Operation 174 [1/1] (0.00ns)   --->   "%write_ln0 = write void @_ssdm_op_Write.ap_auto.i8P0A, i8 %p_out25, i8 %p_load57"   --->   Operation 174 'write' 'write_ln0' <Predicate = (icmp_ln25)> <Delay = 0.00>
ST_1 : Operation 175 [1/1] (0.00ns)   --->   "%write_ln0 = write void @_ssdm_op_Write.ap_auto.i8P0A, i8 %p_out26, i8 %p_load58"   --->   Operation 175 'write' 'write_ln0' <Predicate = (icmp_ln25)> <Delay = 0.00>
ST_1 : Operation 176 [1/1] (0.00ns)   --->   "%write_ln0 = write void @_ssdm_op_Write.ap_auto.i8P0A, i8 %p_out27, i8 %p_load59"   --->   Operation 176 'write' 'write_ln0' <Predicate = (icmp_ln25)> <Delay = 0.00>
ST_1 : Operation 177 [1/1] (0.00ns)   --->   "%write_ln0 = write void @_ssdm_op_Write.ap_auto.i8P0A, i8 %p_out28, i8 %p_load60"   --->   Operation 177 'write' 'write_ln0' <Predicate = (icmp_ln25)> <Delay = 0.00>
ST_1 : Operation 178 [1/1] (0.00ns)   --->   "%write_ln0 = write void @_ssdm_op_Write.ap_auto.i8P0A, i8 %p_out29, i8 %p_load61"   --->   Operation 178 'write' 'write_ln0' <Predicate = (icmp_ln25)> <Delay = 0.00>
ST_1 : Operation 179 [1/1] (0.00ns)   --->   "%write_ln0 = write void @_ssdm_op_Write.ap_auto.i8P0A, i8 %p_out30, i8 %p_load62"   --->   Operation 179 'write' 'write_ln0' <Predicate = (icmp_ln25)> <Delay = 0.00>
ST_1 : Operation 180 [1/1] (0.00ns)   --->   "%write_ln0 = write void @_ssdm_op_Write.ap_auto.i8P0A, i8 %p_out31, i8 %p_load63"   --->   Operation 180 'write' 'write_ln0' <Predicate = (icmp_ln25)> <Delay = 0.00>
ST_1 : Operation 181 [1/1] (1.61ns)   --->   "%ret_ln0 = ret"   --->   Operation 181 'ret' 'ret_ln0' <Predicate = (icmp_ln25)> <Delay = 1.61>

State 2 <SV = 1> <Delay = 0.51>
ST_2 : Operation 49 [1/1] (0.00ns)   --->   "%specpipeline_ln25 = specpipeline void @_ssdm_op_SpecPipeline, i32 4294967295, i32 0, i32 0, i32 0, i32 4294967295, void @empty" [../hls/dense_gemv.cpp:25]   --->   Operation 49 'specpipeline' 'specpipeline_ln25' <Predicate = true> <Delay = 0.00>
ST_2 : Operation 50 [1/1] (0.00ns)   --->   "%speclooptripcount_ln25 = speclooptripcount void @_ssdm_op_SpecLoopTripCount, i64 32, i64 32, i64 32" [../hls/dense_gemv.cpp:25]   --->   Operation 50 'speclooptripcount' 'speclooptripcount_ln25' <Predicate = true> <Delay = 0.00>
ST_2 : Operation 51 [1/1] (0.00ns)   --->   "%specloopname_ln25 = specloopname void @_ssdm_op_SpecLoopName, void @empty_39" [../hls/dense_gemv.cpp:25]   --->   Operation 51 'specloopname' 'specloopname_ln25' <Predicate = true> <Delay = 0.00>
ST_2 : Operation 52 [1/1] ( I:0.51ns O:0.51ns )   --->   "%input_buffer = read i8 @_ssdm_op_Read.axis.volatile.i8P128A, i8 %in_stream" [../hls/dense_gemv.cpp:26]   --->   Operation 52 'read' 'input_buffer' <Predicate = true> <Delay = 0.51> <CoreInst = "regslice">   --->   Core 135 'regslice' <Latency = 0> <II = 1> <Delay = 1.75> <Adapter> <Opcode : 'read' 'write'>
ST_2 : Operation 53 [1/1] (0.00ns)   --->   "%store_ln26 = store i8 %input_buffer, i8 %empty_74" [../hls/dense_gemv.cpp:26]   --->   Operation 53 'store' 'store_ln26' <Predicate = (trunc_ln25 == 30)> <Delay = 0.00>
ST_2 : Operation 54 [1/1] (0.00ns)   --->   "%br_ln27 = br void %arrayidx.exit" [../hls/dense_gemv.cpp:27]   --->   Operation 54 'br' 'br_ln27' <Predicate = (trunc_ln25 == 30)> <Delay = 0.00>
ST_2 : Operation 55 [1/1] (0.00ns)   --->   "%store_ln26 = store i8 %input_buffer, i8 %empty_73" [../hls/dense_gemv.cpp:26]   --->   Operation 55 'store' 'store_ln26' <Predicate = (trunc_ln25 == 29)> <Delay = 0.00>
ST_2 : Operation 56 [1/1] (0.00ns)   --->   "%br_ln27 = br void %arrayidx.exit" [../hls/dense_gemv.cpp:27]   --->   Operation 56 'br' 'br_ln27' <Predicate = (trunc_ln25 == 29)> <Delay = 0.00>
ST_2 : Operation 57 [1/1] (0.00ns)   --->   "%store_ln26 = store i8 %input_buffer, i8 %empty_72" [../hls/dense_gemv.cpp:26]   --->   Operation 57 'store' 'store_ln26' <Predicate = (trunc_ln25 == 28)> <Delay = 0.00>
ST_2 : Operation 58 [1/1] (0.00ns)   --->   "%br_ln27 = br void %arrayidx.exit" [../hls/dense_gemv.cpp:27]   --->   Operation 58 'br' 'br_ln27' <Predicate = (trunc_ln25 == 28)> <Delay = 0.00>
ST_2 : Operation 59 [1/1] (0.00ns)   --->   "%store_ln26 = store i8 %input_buffer, i8 %empty_71" [../hls/dense_gemv.cpp:26]   --->   Operation 59 'store' 'store_ln26' <Predicate = (trunc_ln25 == 27)> <Delay = 0.00>
ST_2 : Operation 60 [1/1] (0.00ns)   --->   "%br_ln27 = br void %arrayidx.exit" [../hls/dense_gemv.cpp:27]   --->   Operation 60 'br' 'br_ln27' <Predicate = (trunc_ln25 == 27)> <Delay = 0.00>
ST_2 : Operation 61 [1/1] (0.00ns)   --->   "%store_ln26 = store i8 %input_buffer, i8 %empty_70" [../hls/dense_gemv.cpp:26]   --->   Operation 61 'store' 'store_ln26' <Predicate = (trunc_ln25 == 26)> <Delay = 0.00>
ST_2 : Operation 62 [1/1] (0.00ns)   --->   "%br_ln27 = br void %arrayidx.exit" [../hls/dense_gemv.cpp:27]   --->   Operation 62 'br' 'br_ln27' <Predicate = (trunc_ln25 == 26)> <Delay = 0.00>
ST_2 : Operation 63 [1/1] (0.00ns)   --->   "%store_ln26 = store i8 %input_buffer, i8 %empty_69" [../hls/dense_gemv.cpp:26]   --->   Operation 63 'store' 'store_ln26' <Predicate = (trunc_ln25 == 25)> <Delay = 0.00>
ST_2 : Operation 64 [1/1] (0.00ns)   --->   "%br_ln27 = br void %arrayidx.exit" [../hls/dense_gemv.cpp:27]   --->   Operation 64 'br' 'br_ln27' <Predicate = (trunc_ln25 == 25)> <Delay = 0.00>
ST_2 : Operation 65 [1/1] (0.00ns)   --->   "%store_ln26 = store i8 %input_buffer, i8 %empty_68" [../hls/dense_gemv.cpp:26]   --->   Operation 65 'store' 'store_ln26' <Predicate = (trunc_ln25 == 24)> <Delay = 0.00>
ST_2 : Operation 66 [1/1] (0.00ns)   --->   "%br_ln27 = br void %arrayidx.exit" [../hls/dense_gemv.cpp:27]   --->   Operation 66 'br' 'br_ln27' <Predicate = (trunc_ln25 == 24)> <Delay = 0.00>
ST_2 : Operation 67 [1/1] (0.00ns)   --->   "%store_ln26 = store i8 %input_buffer, i8 %empty_67" [../hls/dense_gemv.cpp:26]   --->   Operation 67 'store' 'store_ln26' <Predicate = (trunc_ln25 == 23)> <Delay = 0.00>
ST_2 : Operation 68 [1/1] (0.00ns)   --->   "%br_ln27 = br void %arrayidx.exit" [../hls/dense_gemv.cpp:27]   --->   Operation 68 'br' 'br_ln27' <Predicate = (trunc_ln25 == 23)> <Delay = 0.00>
ST_2 : Operation 69 [1/1] (0.00ns)   --->   "%store_ln26 = store i8 %input_buffer, i8 %empty_66" [../hls/dense_gemv.cpp:26]   --->   Operation 69 'store' 'store_ln26' <Predicate = (trunc_ln25 == 22)> <Delay = 0.00>
ST_2 : Operation 70 [1/1] (0.00ns)   --->   "%br_ln27 = br void %arrayidx.exit" [../hls/dense_gemv.cpp:27]   --->   Operation 70 'br' 'br_ln27' <Predicate = (trunc_ln25 == 22)> <Delay = 0.00>
ST_2 : Operation 71 [1/1] (0.00ns)   --->   "%store_ln26 = store i8 %input_buffer, i8 %empty_65" [../hls/dense_gemv.cpp:26]   --->   Operation 71 'store' 'store_ln26' <Predicate = (trunc_ln25 == 21)> <Delay = 0.00>
ST_2 : Operation 72 [1/1] (0.00ns)   --->   "%br_ln27 = br void %arrayidx.exit" [../hls/dense_gemv.cpp:27]   --->   Operation 72 'br' 'br_ln27' <Predicate = (trunc_ln25 == 21)> <Delay = 0.00>
ST_2 : Operation 73 [1/1] (0.00ns)   --->   "%store_ln26 = store i8 %input_buffer, i8 %empty_64" [../hls/dense_gemv.cpp:26]   --->   Operation 73 'store' 'store_ln26' <Predicate = (trunc_ln25 == 20)> <Delay = 0.00>
ST_2 : Operation 74 [1/1] (0.00ns)   --->   "%br_ln27 = br void %arrayidx.exit" [../hls/dense_gemv.cpp:27]   --->   Operation 74 'br' 'br_ln27' <Predicate = (trunc_ln25 == 20)> <Delay = 0.00>
ST_2 : Operation 75 [1/1] (0.00ns)   --->   "%store_ln26 = store i8 %input_buffer, i8 %empty_63" [../hls/dense_gemv.cpp:26]   --->   Operation 75 'store' 'store_ln26' <Predicate = (trunc_ln25 == 19)> <Delay = 0.00>
ST_2 : Operation 76 [1/1] (0.00ns)   --->   "%br_ln27 = br void %arrayidx.exit" [../hls/dense_gemv.cpp:27]   --->   Operation 76 'br' 'br_ln27' <Predicate = (trunc_ln25 == 19)> <Delay = 0.00>
ST_2 : Operation 77 [1/1] (0.00ns)   --->   "%store_ln26 = store i8 %input_buffer, i8 %empty_62" [../hls/dense_gemv.cpp:26]   --->   Operation 77 'store' 'store_ln26' <Predicate = (trunc_ln25 == 18)> <Delay = 0.00>
ST_2 : Operation 78 [1/1] (0.00ns)   --->   "%br_ln27 = br void %arrayidx.exit" [../hls/dense_gemv.cpp:27]   --->   Operation 78 'br' 'br_ln27' <Predicate = (trunc_ln25 == 18)> <Delay = 0.00>
ST_2 : Operation 79 [1/1] (0.00ns)   --->   "%store_ln26 = store i8 %input_buffer, i8 %empty_61" [../hls/dense_gemv.cpp:26]   --->   Operation 79 'store' 'store_ln26' <Predicate = (trunc_ln25 == 17)> <Delay = 0.00>
ST_2 : Operation 80 [1/1] (0.00ns)   --->   "%br_ln27 = br void %arrayidx.exit" [../hls/dense_gemv.cpp:27]   --->   Operation 80 'br' 'br_ln27' <Predicate = (trunc_ln25 == 17)> <Delay = 0.00>
ST_2 : Operation 81 [1/1] (0.00ns)   --->   "%store_ln26 = store i8 %input_buffer, i8 %empty_60" [../hls/dense_gemv.cpp:26]   --->   Operation 81 'store' 'store_ln26' <Predicate = (trunc_ln25 == 16)> <Delay = 0.00>
ST_2 : Operation 82 [1/1] (0.00ns)   --->   "%br_ln27 = br void %arrayidx.exit" [../hls/dense_gemv.cpp:27]   --->   Operation 82 'br' 'br_ln27' <Predicate = (trunc_ln25 == 16)> <Delay = 0.00>
ST_2 : Operation 83 [1/1] (0.00ns)   --->   "%store_ln26 = store i8 %input_buffer, i8 %empty_59" [../hls/dense_gemv.cpp:26]   --->   Operation 83 'store' 'store_ln26' <Predicate = (trunc_ln25 == 15)> <Delay = 0.00>
ST_2 : Operation 84 [1/1] (0.00ns)   --->   "%br_ln27 = br void %arrayidx.exit" [../hls/dense_gemv.cpp:27]   --->   Operation 84 'br' 'br_ln27' <Predicate = (trunc_ln25 == 15)> <Delay = 0.00>
ST_2 : Operation 85 [1/1] (0.00ns)   --->   "%store_ln26 = store i8 %input_buffer, i8 %empty_58" [../hls/dense_gemv.cpp:26]   --->   Operation 85 'store' 'store_ln26' <Predicate = (trunc_ln25 == 14)> <Delay = 0.00>
ST_2 : Operation 86 [1/1] (0.00ns)   --->   "%br_ln27 = br void %arrayidx.exit" [../hls/dense_gemv.cpp:27]   --->   Operation 86 'br' 'br_ln27' <Predicate = (trunc_ln25 == 14)> <Delay = 0.00>
ST_2 : Operation 87 [1/1] (0.00ns)   --->   "%store_ln26 = store i8 %input_buffer, i8 %empty_57" [../hls/dense_gemv.cpp:26]   --->   Operation 87 'store' 'store_ln26' <Predicate = (trunc_ln25 == 13)> <Delay = 0.00>
ST_2 : Operation 88 [1/1] (0.00ns)   --->   "%br_ln27 = br void %arrayidx.exit" [../hls/dense_gemv.cpp:27]   --->   Operation 88 'br' 'br_ln27' <Predicate = (trunc_ln25 == 13)> <Delay = 0.00>
ST_2 : Operation 89 [1/1] (0.00ns)   --->   "%store_ln26 = store i8 %input_buffer, i8 %empty_56" [../hls/dense_gemv.cpp:26]   --->   Operation 89 'store' 'store_ln26' <Predicate = (trunc_ln25 == 12)> <Delay = 0.00>
ST_2 : Operation 90 [1/1] (0.00ns)   --->   "%br_ln27 = br void %arrayidx.exit" [../hls/dense_gemv.cpp:27]   --->   Operation 90 'br' 'br_ln27' <Predicate = (trunc_ln25 == 12)> <Delay = 0.00>
ST_2 : Operation 91 [1/1] (0.00ns)   --->   "%store_ln26 = store i8 %input_buffer, i8 %empty_55" [../hls/dense_gemv.cpp:26]   --->   Operation 91 'store' 'store_ln26' <Predicate = (trunc_ln25 == 11)> <Delay = 0.00>
ST_2 : Operation 92 [1/1] (0.00ns)   --->   "%br_ln27 = br void %arrayidx.exit" [../hls/dense_gemv.cpp:27]   --->   Operation 92 'br' 'br_ln27' <Predicate = (trunc_ln25 == 11)> <Delay = 0.00>
ST_2 : Operation 93 [1/1] (0.00ns)   --->   "%store_ln26 = store i8 %input_buffer, i8 %empty_54" [../hls/dense_gemv.cpp:26]   --->   Operation 93 'store' 'store_ln26' <Predicate = (trunc_ln25 == 10)> <Delay = 0.00>
ST_2 : Operation 94 [1/1] (0.00ns)   --->   "%br_ln27 = br void %arrayidx.exit" [../hls/dense_gemv.cpp:27]   --->   Operation 94 'br' 'br_ln27' <Predicate = (trunc_ln25 == 10)> <Delay = 0.00>
ST_2 : Operation 95 [1/1] (0.00ns)   --->   "%store_ln26 = store i8 %input_buffer, i8 %empty_53" [../hls/dense_gemv.cpp:26]   --->   Operation 95 'store' 'store_ln26' <Predicate = (trunc_ln25 == 9)> <Delay = 0.00>
ST_2 : Operation 96 [1/1] (0.00ns)   --->   "%br_ln27 = br void %arrayidx.exit" [../hls/dense_gemv.cpp:27]   --->   Operation 96 'br' 'br_ln27' <Predicate = (trunc_ln25 == 9)> <Delay = 0.00>
ST_2 : Operation 97 [1/1] (0.00ns)   --->   "%store_ln26 = store i8 %input_buffer, i8 %empty_52" [../hls/dense_gemv.cpp:26]   --->   Operation 97 'store' 'store_ln26' <Predicate = (trunc_ln25 == 8)> <Delay = 0.00>
ST_2 : Operation 98 [1/1] (0.00ns)   --->   "%br_ln27 = br void %arrayidx.exit" [../hls/dense_gemv.cpp:27]   --->   Operation 98 'br' 'br_ln27' <Predicate = (trunc_ln25 == 8)> <Delay = 0.00>
ST_2 : Operation 99 [1/1] (0.00ns)   --->   "%store_ln26 = store i8 %input_buffer, i8 %empty_51" [../hls/dense_gemv.cpp:26]   --->   Operation 99 'store' 'store_ln26' <Predicate = (trunc_ln25 == 7)> <Delay = 0.00>
ST_2 : Operation 100 [1/1] (0.00ns)   --->   "%br_ln27 = br void %arrayidx.exit" [../hls/dense_gemv.cpp:27]   --->   Operation 100 'br' 'br_ln27' <Predicate = (trunc_ln25 == 7)> <Delay = 0.00>
ST_2 : Operation 101 [1/1] (0.00ns)   --->   "%store_ln26 = store i8 %input_buffer, i8 %empty_50" [../hls/dense_gemv.cpp:26]   --->   Operation 101 'store' 'store_ln26' <Predicate = (trunc_ln25 == 6)> <Delay = 0.00>
ST_2 : Operation 102 [1/1] (0.00ns)   --->   "%br_ln27 = br void %arrayidx.exit" [../hls/dense_gemv.cpp:27]   --->   Operation 102 'br' 'br_ln27' <Predicate = (trunc_ln25 == 6)> <Delay = 0.00>
ST_2 : Operation 103 [1/1] (0.00ns)   --->   "%store_ln26 = store i8 %input_buffer, i8 %empty_49" [../hls/dense_gemv.cpp:26]   --->   Operation 103 'store' 'store_ln26' <Predicate = (trunc_ln25 == 5)> <Delay = 0.00>
ST_2 : Operation 104 [1/1] (0.00ns)   --->   "%br_ln27 = br void %arrayidx.exit" [../hls/dense_gemv.cpp:27]   --->   Operation 104 'br' 'br_ln27' <Predicate = (trunc_ln25 == 5)> <Delay = 0.00>
ST_2 : Operation 105 [1/1] (0.00ns)   --->   "%store_ln26 = store i8 %input_buffer, i8 %empty_48" [../hls/dense_gemv.cpp:26]   --->   Operation 105 'store' 'store_ln26' <Predicate = (trunc_ln25 == 4)> <Delay = 0.00>
ST_2 : Operation 106 [1/1] (0.00ns)   --->   "%br_ln27 = br void %arrayidx.exit" [../hls/dense_gemv.cpp:27]   --->   Operation 106 'br' 'br_ln27' <Predicate = (trunc_ln25 == 4)> <Delay = 0.00>
ST_2 : Operation 107 [1/1] (0.00ns)   --->   "%store_ln26 = store i8 %input_buffer, i8 %empty_47" [../hls/dense_gemv.cpp:26]   --->   Operation 107 'store' 'store_ln26' <Predicate = (trunc_ln25 == 3)> <Delay = 0.00>
ST_2 : Operation 108 [1/1] (0.00ns)   --->   "%br_ln27 = br void %arrayidx.exit" [../hls/dense_gemv.cpp:27]   --->   Operation 108 'br' 'br_ln27' <Predicate = (trunc_ln25 == 3)> <Delay = 0.00>
ST_2 : Operation 109 [1/1] (0.00ns)   --->   "%store_ln26 = store i8 %input_buffer, i8 %empty_46" [../hls/dense_gemv.cpp:26]   --->   Operation 109 'store' 'store_ln26' <Predicate = (trunc_ln25 == 2)> <Delay = 0.00>
ST_2 : Operation 110 [1/1] (0.00ns)   --->   "%br_ln27 = br void %arrayidx.exit" [../hls/dense_gemv.cpp:27]   --->   Operation 110 'br' 'br_ln27' <Predicate = (trunc_ln25 == 2)> <Delay = 0.00>
ST_2 : Operation 111 [1/1] (0.00ns)   --->   "%store_ln26 = store i8 %input_buffer, i8 %empty_45" [../hls/dense_gemv.cpp:26]   --->   Operation 111 'store' 'store_ln26' <Predicate = (trunc_ln25 == 1)> <Delay = 0.00>
ST_2 : Operation 112 [1/1] (0.00ns)   --->   "%br_ln27 = br void %arrayidx.exit" [../hls/dense_gemv.cpp:27]   --->   Operation 112 'br' 'br_ln27' <Predicate = (trunc_ln25 == 1)> <Delay = 0.00>
ST_2 : Operation 113 [1/1] (0.00ns)   --->   "%store_ln26 = store i8 %input_buffer, i8 %empty" [../hls/dense_gemv.cpp:26]   --->   Operation 113 'store' 'store_ln26' <Predicate = (trunc_ln25 == 0)> <Delay = 0.00>
ST_2 : Operation 114 [1/1] (0.00ns)   --->   "%br_ln27 = br void %arrayidx.exit" [../hls/dense_gemv.cpp:27]   --->   Operation 114 'br' 'br_ln27' <Predicate = (trunc_ln25 == 0)> <Delay = 0.00>
ST_2 : Operation 115 [1/1] (0.00ns)   --->   "%store_ln26 = store i8 %input_buffer, i8 %empty_75" [../hls/dense_gemv.cpp:26]   --->   Operation 115 'store' 'store_ln26' <Predicate = (trunc_ln25 == 31)> <Delay = 0.00>
ST_2 : Operation 116 [1/1] (0.00ns)   --->   "%br_ln27 = br void %arrayidx.exit" [../hls/dense_gemv.cpp:27]   --->   Operation 116 'br' 'br_ln27' <Predicate = (trunc_ln25 == 31)> <Delay = 0.00>


============================================================
+ Verbose Summary: Binding
============================================================
STG Binding: 
---------------- STG Properties BEGIN ----------------
- Is combinational: 0
- Is one-state seq: 0
- Is datapath-only: 0
- Is pipelined: 0
- Is top level: 0
Port [ Return ] is wired: 1; IO mode=ap_ctrl_hs:ce=0
Port [ in_stream]:  wired=1; compound=1; hidden=0; nouse=0; global=0; static=0; extern=0; dir=0; type=0; pingpong=0; private_global=0; IO mode=axis:ce=0
Port [ p_out]:  wired=1; compound=0; hidden=0; nouse=0; global=0; static=0; extern=0; dir=1; type=0; pingpong=0; private_global=0; IO mode=ap_vld:ce=0
Port [ p_out1]:  wired=1; compound=0; hidden=0; nouse=0; global=0; static=0; extern=0; dir=1; type=0; pingpong=0; private_global=0; IO mode=ap_vld:ce=0
Port [ p_out2]:  wired=1; compound=0; hidden=0; nouse=0; global=0; static=0; extern=0; dir=1; type=0; pingpong=0; private_global=0; IO mode=ap_vld:ce=0
Port [ p_out3]:  wired=1; compound=0; hidden=0; nouse=0; global=0; static=0; extern=0; dir=1; type=0; pingpong=0; private_global=0; IO mode=ap_vld:ce=0
Port [ p_out4]:  wired=1; compound=0; hidden=0; nouse=0; global=0; static=0; extern=0; dir=1; type=0; pingpong=0; private_global=0; IO mode=ap_vld:ce=0
Port [ p_out5]:  wired=1; compound=0; hidden=0; nouse=0; global=0; static=0; extern=0; dir=1; type=0; pingpong=0; private_global=0; IO mode=ap_vld:ce=0
Port [ p_out6]:  wired=1; compound=0; hidden=0; nouse=0; global=0; static=0; extern=0; dir=1; type=0; pingpong=0; private_global=0; IO mode=ap_vld:ce=0
Port [ p_out7]:  wired=1; compound=0; hidden=0; nouse=0; global=0; static=0; extern=0; dir=1; type=0; pingpong=0; private_global=0; IO mode=ap_vld:ce=0
Port [ p_out8]:  wired=1; compound=0; hidden=0; nouse=0; global=0; static=0; extern=0; dir=1; type=0; pingpong=0; private_global=0; IO mode=ap_vld:ce=0
Port [ p_out9]:  wired=1; compound=0; hidden=0; nouse=0; global=0; static=0; extern=0; dir=1; type=0; pingpong=0; private_global=0; IO mode=ap_vld:ce=0
Port [ p_out10]:  wired=1; compound=0; hidden=0; nouse=0; global=0; static=0; extern=0; dir=1; type=0; pingpong=0; private_global=0; IO mode=ap_vld:ce=0
Port [ p_out11]:  wired=1; compound=0; hidden=0; nouse=0; global=0; static=0; extern=0; dir=1; type=0; pingpong=0; private_global=0; IO mode=ap_vld:ce=0
Port [ p_out12]:  wired=1; compound=0; hidden=0; nouse=0; global=0; static=0; extern=0; dir=1; type=0; pingpong=0; private_global=0; IO mode=ap_vld:ce=0
Port [ p_out13]:  wired=1; compound=0; hidden=0; nouse=0; global=0; static=0; extern=0; dir=1; type=0; pingpong=0; private_global=0; IO mode=ap_vld:ce=0
Port [ p_out14]:  wired=1; compound=0; hidden=0; nouse=0; global=0; static=0; extern=0; dir=1; type=0; pingpong=0; private_global=0; IO mode=ap_vld:ce=0
Port [ p_out15]:  wired=1; compound=0; hidden=0; nouse=0; global=0; static=0; extern=0; dir=1; type=0; pingpong=0; private_global=0; IO mode=ap_vld:ce=0
Port [ p_out16]:  wired=1; compound=0; hidden=0; nouse=0; global=0; static=0; extern=0; dir=1; type=0; pingpong=0; private_global=0; IO mode=ap_vld:ce=0
Port [ p_out17]:  wired=1; compound=0; hidden=0; nouse=0; global=0; static=0; extern=0; dir=1; type=0; pingpong=0; private_global=0; IO mode=ap_vld:ce=0
Port [ p_out18]:  wired=1; compound=0; hidden=0; nouse=0; global=0; static=0; extern=0; dir=1; type=0; pingpong=0; private_global=0; IO mode=ap_vld:ce=0
Port [ p_out19]:  wired=1; compound=0; hidden=0; nouse=0; global=0; static=0; extern=0; dir=1; type=0; pingpong=0; private_global=0; IO mode=ap_vld:ce=0
Port [ p_out20]:  wired=1; compound=0; hidden=0; nouse=0; global=0; static=0; extern=0; dir=1; type=0; pingpong=0; private_global=0; IO mode=ap_vld:ce=0
Port [ p_out21]:  wired=1; compound=0; hidden=0; nouse=0; global=0; static=0; extern=0; dir=1; type=0; pingpong=0; private_global=0; IO mode=ap_vld:ce=0
Port [ p_out22]:  wired=1; compound=0; hidden=0; nouse=0; global=0; static=0; extern=0; dir=1; type=0; pingpong=0; private_global=0; IO mode=ap_vld:ce=0
Port [ p_out23]:  wired=1; compound=0; hidden=0; nouse=0; global=0; static=0; extern=0; dir=1; type=0; pingpong=0; private_global=0; IO mode=ap_vld:ce=0
Port [ p_out24]:  wired=1; compound=0; hidden=0; nouse=0; global=0; static=0; extern=0; dir=1; type=0; pingpong=0; private_global=0; IO mode=ap_vld:ce=0
Port [ p_out25]:  wired=1; compound=0; hidden=0; nouse=0; global=0; static=0; extern=0; dir=1; type=0; pingpong=0; private_global=0; IO mode=ap_vld:ce=0
Port [ p_out26]:  wired=1; compound=0; hidden=0; nouse=0; global=0; static=0; extern=0; dir=1; type=0; pingpong=0; private_global=0; IO mode=ap_vld:ce=0
Port [ p_out27]:  wired=1; compound=0; hidden=0; nouse=0; global=0; static=0; extern=0; dir=1; type=0; pingpong=0; private_global=0; IO mode=ap_vld:ce=0
Port [ p_out28]:  wired=1; compound=0; hidden=0; nouse=0; global=0; static=0; extern=0; dir=1; type=0; pingpong=0; private_global=0; IO mode=ap_vld:ce=0
Port [ p_out29]:  wired=1; compound=0; hidden=0; nouse=0; global=0; static=0; extern=0; dir=1; type=0; pingpong=0; private_global=0; IO mode=ap_vld:ce=0
Port [ p_out30]:  wired=1; compound=0; hidden=0; nouse=0; global=0; static=0; extern=0; dir=1; type=0; pingpong=0; private_global=0; IO mode=ap_vld:ce=0
Port [ p_out31]:  wired=1; compound=0; hidden=0; nouse=0; global=0; static=0; extern=0; dir=1; type=0; pingpong=0; private_global=0; IO mode=ap_vld:ce=0
---------------- STG Properties END ------------------

---------------- Datapath Model BEGIN ----------------

<LifeTime>
<method=bitvector/>
i                      (alloca           ) [ 010]
empty                  (alloca           ) [ 011]
empty_45               (alloca           ) [ 011]
empty_46               (alloca           ) [ 011]
empty_47               (alloca           ) [ 011]
empty_48               (alloca           ) [ 011]
empty_49               (alloca           ) [ 011]
empty_50               (alloca           ) [ 011]
empty_51               (alloca           ) [ 011]
empty_52               (alloca           ) [ 011]
empty_53               (alloca           ) [ 011]
empty_54               (alloca           ) [ 011]
empty_55               (alloca           ) [ 011]
empty_56               (alloca           ) [ 011]
empty_57               (alloca           ) [ 011]
empty_58               (alloca           ) [ 011]
empty_59               (alloca           ) [ 011]
empty_60               (alloca           ) [ 011]
empty_61               (alloca           ) [ 011]
empty_62               (alloca           ) [ 011]
empty_63               (alloca           ) [ 011]
empty_64               (alloca           ) [ 011]
empty_65               (alloca           ) [ 011]
empty_66               (alloca           ) [ 011]
empty_67               (alloca           ) [ 011]
empty_68               (alloca           ) [ 011]
empty_69               (alloca           ) [ 011]
empty_70               (alloca           ) [ 011]
empty_71               (alloca           ) [ 011]
empty_72               (alloca           ) [ 011]
empty_73               (alloca           ) [ 011]
empty_74               (alloca           ) [ 011]
empty_75               (alloca           ) [ 011]
specinterface_ln0      (specinterface    ) [ 000]
store_ln25             (store            ) [ 000]
br_ln25                (br               ) [ 000]
i_2                    (load             ) [ 000]
icmp_ln25              (icmp             ) [ 010]
add_ln25               (add              ) [ 000]
br_ln25                (br               ) [ 000]
trunc_ln25             (trunc            ) [ 011]
switch_ln27            (switch           ) [ 000]
store_ln25             (store            ) [ 000]
br_ln25                (br               ) [ 000]
specpipeline_ln25      (specpipeline     ) [ 000]
speclooptripcount_ln25 (speclooptripcount) [ 000]
specloopname_ln25      (specloopname     ) [ 000]
input_buffer           (read             ) [ 000]
store_ln26             (store            ) [ 000]
br_ln27                (br               ) [ 000]
store_ln26             (store            ) [ 000]
br_ln27                (br               ) [ 000]
store_ln26             (store            ) [ 000]
br_ln27                (br               ) [ 000]
store_ln26             (store            ) [ 000]
br_ln27                (br               ) [ 000]
store_ln26             (store            ) [ 000]
br_ln27                (br               ) [ 000]
store_ln26             (store            ) [ 000]
br_ln27                (br               ) [ 000]
store_ln26             (store            ) [ 000]
br_ln27                (br               ) [ 000]
store_ln26             (store            ) [ 000]
br_ln27                (br               ) [ 000]
store_ln26             (store            ) [ 000]
br_ln27                (br               ) [ 000]
store_ln26             (store            ) [ 000]
br_ln27                (br               ) [ 000]
store_ln26             (store            ) [ 000]
br_ln27                (br               ) [ 000]
store_ln26             (store            ) [ 000]
br_ln27                (br               ) [ 000]
store_ln26             (store            ) [ 000]
br_ln27                (br               ) [ 000]
store_ln26             (store            ) [ 000]
br_ln27                (br               ) [ 000]
store_ln26             (store            ) [ 000]
br_ln27                (br               ) [ 000]
store_ln26             (store            ) [ 000]
br_ln27                (br               ) [ 000]
store_ln26             (store            ) [ 000]
br_ln27                (br               ) [ 000]
store_ln26             (store            ) [ 000]
br_ln27                (br               ) [ 000]
store_ln26             (store            ) [ 000]
br_ln27                (br               ) [ 000]
store_ln26             (store            ) [ 000]
br_ln27                (br               ) [ 000]
store_ln26             (store            ) [ 000]
br_ln27                (br               ) [ 000]
store_ln26             (store            ) [ 000]
br_ln27                (br               ) [ 000]
store_ln26             (store            ) [ 000]
br_ln27                (br               ) [ 000]
store_ln26             (store            ) [ 000]
br_ln27                (br               ) [ 000]
store_ln26             (store            ) [ 000]
br_ln27                (br               ) [ 000]
store_ln26             (store            ) [ 000]
br_ln27                (br               ) [ 000]
store_ln26             (store            ) [ 000]
br_ln27                (br               ) [ 000]
store_ln26             (store            ) [ 000]
br_ln27                (br               ) [ 000]
store_ln26             (store            ) [ 000]
br_ln27                (br               ) [ 000]
store_ln26             (store            ) [ 000]
br_ln27                (br               ) [ 000]
store_ln26             (store            ) [ 000]
br_ln27                (br               ) [ 000]
store_ln26             (store            ) [ 000]
br_ln27                (br               ) [ 000]
p_load63               (load             ) [ 000]
p_load62               (load             ) [ 000]
p_load61               (load             ) [ 000]
p_load60               (load             ) [ 000]
p_load59               (load             ) [ 000]
p_load58               (load             ) [ 000]
p_load57               (load             ) [ 000]
p_load56               (load             ) [ 000]
p_load55               (load             ) [ 000]
p_load54               (load             ) [ 000]
p_load53               (load             ) [ 000]
p_load52               (load             ) [ 000]
p_load51               (load             ) [ 000]
p_load50               (load             ) [ 000]
p_load49               (load             ) [ 000]
p_load48               (load             ) [ 000]
p_load47               (load             ) [ 000]
p_load46               (load             ) [ 000]
p_load45               (load             ) [ 000]
p_load44               (load             ) [ 000]
p_load43               (load             ) [ 000]
p_load42               (load             ) [ 000]
p_load41               (load             ) [ 000]
p_load40               (load             ) [ 000]
p_load39               (load             ) [ 000]
p_load38               (load             ) [ 000]
p_load37               (load             ) [ 000]
p_load36               (load             ) [ 000]
p_load35               (load             ) [ 000]
p_load34               (load             ) [ 000]
p_load33               (load             ) [ 000]
p_load                 (load             ) [ 000]
write_ln0              (write            ) [ 000]
write_ln0              (write            ) [ 000]
write_ln0              (write            ) [ 000]
write_ln0              (write            ) [ 000]
write_ln0              (write            ) [ 000]
write_ln0              (write            ) [ 000]
write_ln0              (write            ) [ 000]
write_ln0              (write            ) [ 000]
write_ln0              (write            ) [ 000]
write_ln0              (write            ) [ 000]
write_ln0              (write            ) [ 000]
write_ln0              (write            ) [ 000]
write_ln0              (write            ) [ 000]
write_ln0              (write            ) [ 000]
write_ln0              (write            ) [ 000]
write_ln0              (write            ) [ 000]
write_ln0              (write            ) [ 000]
write_ln0              (write            ) [ 000]
write_ln0              (write            ) [ 000]
write_ln0              (write            ) [ 000]
write_ln0              (write            ) [ 000]
write_ln0              (write            ) [ 000]
write_ln0              (write            ) [ 000]
write_ln0              (write            ) [ 000]
write_ln0              (write            ) [ 000]
write_ln0              (write            ) [ 000]
write_ln0              (write            ) [ 000]
write_ln0              (write            ) [ 000]
write_ln0              (write            ) [ 000]
write_ln0              (write            ) [ 000]
write_ln0              (write            ) [ 000]
write_ln0              (write            ) [ 000]
ret_ln0                (ret              ) [ 000]
</LifeTime>

<model>

<comp_list>
<comp id="0" class="1000" name="in_stream">
<pin_list>
<pin id="1" dir="1" index="0" bw="1" slack="0"/>
</pin_list>
<bind>
<StgValue><ssdm name="in_stream"/></StgValue>
</bind>
</comp>

<comp id="2" class="1000" name="p_out">
<pin_list>
<pin id="3" dir="1" index="0" bw="1" slack="0"/>
</pin_list>
<bind>
<StgValue><ssdm name="p_out"/></StgValue>
</bind>
</comp>

<comp id="4" class="1000" name="p_out1">
<pin_list>
<pin id="5" dir="1" index="0" bw="1" slack="0"/>
</pin_list>
<bind>
<StgValue><ssdm name="p_out1"/></StgValue>
</bind>
</comp>

<comp id="6" class="1000" name="p_out2">
<pin_list>
<pin id="7" dir="1" index="0" bw="1" slack="0"/>
</pin_list>
<bind>
<StgValue><ssdm name="p_out2"/></StgValue>
</bind>
</comp>

<comp id="8" class="1000" name="p_out3">
<pin_list>
<pin id="9" dir="1" index="0" bw="1" slack="0"/>
</pin_list>
<bind>
<StgValue><ssdm name="p_out3"/></StgValue>
</bind>
</comp>

<comp id="10" class="1000" name="p_out4">
<pin_list>
<pin id="11" dir="1" index="0" bw="1" slack="0"/>
</pin_list>
<bind>
<StgValue><ssdm name="p_out4"/></StgValue>
</bind>
</comp>

<comp id="12" class="1000" name="p_out5">
<pin_list>
<pin id="13" dir="1" index="0" bw="1" slack="0"/>
</pin_list>
<bind>
<StgValue><ssdm name="p_out5"/></StgValue>
</bind>
</comp>

<comp id="14" class="1000" name="p_out6">
<pin_list>
<pin id="15" dir="1" index="0" bw="1" slack="0"/>
</pin_list>
<bind>
<StgValue><ssdm name="p_out6"/></StgValue>
</bind>
</comp>

<comp id="16" class="1000" name="p_out7">
<pin_list>
<pin id="17" dir="1" index="0" bw="1" slack="0"/>
</pin_list>
<bind>
<StgValue><ssdm name="p_out7"/></StgValue>
</bind>
</comp>

<comp id="18" class="1000" name="p_out8">
<pin_list>
<pin id="19" dir="1" index="0" bw="1" slack="0"/>
</pin_list>
<bind>
<StgValue><ssdm name="p_out8"/></StgValue>
</bind>
</comp>

<comp id="20" class="1000" name="p_out9">
<pin_list>
<pin id="21" dir="1" index="0" bw="1" slack="0"/>
</pin_list>
<bind>
<StgValue><ssdm name="p_out9"/></StgValue>
</bind>
</comp>

<comp id="22" class="1000" name="p_out10">
<pin_list>
<pin id="23" dir="1" index="0" bw="1" slack="0"/>
</pin_list>
<bind>
<StgValue><ssdm name="p_out10"/></StgValue>
</bind>
</comp>

<comp id="24" class="1000" name="p_out11">
<pin_list>
<pin id="25" dir="1" index="0" bw="1" slack="0"/>
</pin_list>
<bind>
<StgValue><ssdm name="p_out11"/></StgValue>
</bind>
</comp>

<comp id="26" class="1000" name="p_out12">
<pin_list>
<pin id="27" dir="1" index="0" bw="1" slack="0"/>
</pin_list>
<bind>
<StgValue><ssdm name="p_out12"/></StgValue>
</bind>
</comp>

<comp id="28" class="1000" name="p_out13">
<pin_list>
<pin id="29" dir="1" index="0" bw="1" slack="0"/>
</pin_list>
<bind>
<StgValue><ssdm name="p_out13"/></StgValue>
</bind>
</comp>

<comp id="30" class="1000" name="p_out14">
<pin_list>
<pin id="31" dir="1" index="0" bw="1" slack="0"/>
</pin_list>
<bind>
<StgValue><ssdm name="p_out14"/></StgValue>
</bind>
</comp>

<comp id="32" class="1000" name="p_out15">
<pin_list>
<pin id="33" dir="1" index="0" bw="1" slack="0"/>
</pin_list>
<bind>
<StgValue><ssdm name="p_out15"/></StgValue>
</bind>
</comp>

<comp id="34" class="1000" name="p_out16">
<pin_list>
<pin id="35" dir="1" index="0" bw="1" slack="0"/>
</pin_list>
<bind>
<StgValue><ssdm name="p_out16"/></StgValue>
</bind>
</comp>

<comp id="36" class="1000" name="p_out17">
<pin_list>
<pin id="37" dir="1" index="0" bw="1" slack="0"/>
</pin_list>
<bind>
<StgValue><ssdm name="p_out17"/></StgValue>
</bind>
</comp>

<comp id="38" class="1000" name="p_out18">
<pin_list>
<pin id="39" dir="1" index="0" bw="1" slack="0"/>
</pin_list>
<bind>
<StgValue><ssdm name="p_out18"/></StgValue>
</bind>
</comp>

<comp id="40" class="1000" name="p_out19">
<pin_list>
<pin id="41" dir="1" index="0" bw="1" slack="0"/>
</pin_list>
<bind>
<StgValue><ssdm name="p_out19"/></StgValue>
</bind>
</comp>

<comp id="42" class="1000" name="p_out20">
<pin_list>
<pin id="43" dir="1" index="0" bw="1" slack="0"/>
</pin_list>
<bind>
<StgValue><ssdm name="p_out20"/></StgValue>
</bind>
</comp>

<comp id="44" class="1000" name="p_out21">
<pin_list>
<pin id="45" dir="1" index="0" bw="1" slack="0"/>
</pin_list>
<bind>
<StgValue><ssdm name="p_out21"/></StgValue>
</bind>
</comp>

<comp id="46" class="1000" name="p_out22">
<pin_list>
<pin id="47" dir="1" index="0" bw="1" slack="0"/>
</pin_list>
<bind>
<StgValue><ssdm name="p_out22"/></StgValue>
</bind>
</comp>

<comp id="48" class="1000" name="p_out23">
<pin_list>
<pin id="49" dir="1" index="0" bw="1" slack="0"/>
</pin_list>
<bind>
<StgValue><ssdm name="p_out23"/></StgValue>
</bind>
</comp>

<comp id="50" class="1000" name="p_out24">
<pin_list>
<pin id="51" dir="1" index="0" bw="1" slack="0"/>
</pin_list>
<bind>
<StgValue><ssdm name="p_out24"/></StgValue>
</bind>
</comp>

<comp id="52" class="1000" name="p_out25">
<pin_list>
<pin id="53" dir="1" index="0" bw="1" slack="0"/>
</pin_list>
<bind>
<StgValue><ssdm name="p_out25"/></StgValue>
</bind>
</comp>

<comp id="54" class="1000" name="p_out26">
<pin_list>
<pin id="55" dir="1" index="0" bw="1" slack="0"/>
</pin_list>
<bind>
<StgValue><ssdm name="p_out26"/></StgValue>
</bind>
</comp>

<comp id="56" class="1000" name="p_out27">
<pin_list>
<pin id="57" dir="1" index="0" bw="1" slack="0"/>
</pin_list>
<bind>
<StgValue><ssdm name="p_out27"/></StgValue>
</bind>
</comp>

<comp id="58" class="1000" name="p_out28">
<pin_list>
<pin id="59" dir="1" index="0" bw="1" slack="0"/>
</pin_list>
<bind>
<StgValue><ssdm name="p_out28"/></StgValue>
</bind>
</comp>

<comp id="60" class="1000" name="p_out29">
<pin_list>
<pin id="61" dir="1" index="0" bw="1" slack="0"/>
</pin_list>
<bind>
<StgValue><ssdm name="p_out29"/></StgValue>
</bind>
</comp>

<comp id="62" class="1000" name="p_out30">
<pin_list>
<pin id="63" dir="1" index="0" bw="1" slack="0"/>
</pin_list>
<bind>
<StgValue><ssdm name="p_out30"/></StgValue>
</bind>
</comp>

<comp id="64" class="1000" name="p_out31">
<pin_list>
<pin id="65" dir="1" index="0" bw="1" slack="0"/>
</pin_list>
<bind>
<StgValue><ssdm name="p_out31"/></StgValue>
</bind>
</comp>

<comp id="66" class="1001" name="const_66">
<pin_list>
<pin id="67" dir="1" index="0" bw="1" slack="0"/>
</pin_list>
<bind>
<StgValue><ssdm name=""/></StgValue>
</bind>
</comp>

<comp id="68" class="1001" name="const_68">
<pin_list>
<pin id="69" dir="1" index="0" bw="1" slack="2147483647"/>
</pin_list>
<bind>
<StgValue><ssdm name="_ssdm_op_SpecInterface"/></StgValue>
</bind>
</comp>

<comp id="70" class="1001" name="const_70">
<pin_list>
<pin id="71" dir="1" index="0" bw="1" slack="2147483647"/>
</pin_list>
<bind>
<StgValue><ssdm name="empty_31"/></StgValue>
</bind>
</comp>

<comp id="72" class="1001" name="const_72">
<pin_list>
<pin id="73" dir="1" index="0" bw="1" slack="2147483647"/>
</pin_list>
<bind>
<StgValue><ssdm name=""/></StgValue>
</bind>
</comp>

<comp id="74" class="1001" name="const_74">
<pin_list>
<pin id="75" dir="1" index="0" bw="1" slack="2147483647"/>
</pin_list>
<bind>
<StgValue><ssdm name="empty_40"/></StgValue>
</bind>
</comp>

<comp id="76" class="1001" name="const_76">
<pin_list>
<pin id="77" dir="1" index="0" bw="1" slack="2147483647"/>
</pin_list>
<bind>
<StgValue><ssdm name="empty"/></StgValue>
</bind>
</comp>

<comp id="78" class="1001" name="const_78">
<pin_list>
<pin id="79" dir="1" index="0" bw="1" slack="2147483647"/>
</pin_list>
<bind>
<StgValue><ssdm name=""/></StgValue>
</bind>
</comp>

<comp id="80" class="1001" name="const_80">
<pin_list>
<pin id="81" dir="1" index="0" bw="1" slack="0"/>
</pin_list>
<bind>
<StgValue><ssdm name=""/></StgValue>
</bind>
</comp>

<comp id="82" class="1001" name="const_82">
<pin_list>
<pin id="83" dir="1" index="0" bw="1" slack="0"/>
</pin_list>
<bind>
<StgValue><ssdm name=""/></StgValue>
</bind>
</comp>

<comp id="84" class="1001" name="const_84">
<pin_list>
<pin id="85" dir="1" index="0" bw="1" slack="0"/>
</pin_list>
<bind>
<StgValue><ssdm name=""/></StgValue>
</bind>
</comp>

<comp id="86" class="1001" name="const_86">
<pin_list>
<pin id="87" dir="1" index="0" bw="1" slack="0"/>
</pin_list>
<bind>
<StgValue><ssdm name=""/></StgValue>
</bind>
</comp>

<comp id="88" class="1001" name="const_88">
<pin_list>
<pin id="89" dir="1" index="0" bw="1" slack="0"/>
</pin_list>
<bind>
<StgValue><ssdm name=""/></StgValue>
</bind>
</comp>

<comp id="90" class="1001" name="const_90">
<pin_list>
<pin id="91" dir="1" index="0" bw="1" slack="0"/>
</pin_list>
<bind>
<StgValue><ssdm name=""/></StgValue>
</bind>
</comp>

<comp id="92" class="1001" name="const_92">
<pin_list>
<pin id="93" dir="1" index="0" bw="1" slack="0"/>
</pin_list>
<bind>
<StgValue><ssdm name=""/></StgValue>
</bind>
</comp>

<comp id="94" class="1001" name="const_94">
<pin_list>
<pin id="95" dir="1" index="0" bw="1" slack="0"/>
</pin_list>
<bind>
<StgValue><ssdm name=""/></StgValue>
</bind>
</comp>

<comp id="96" class="1001" name="const_96">
<pin_list>
<pin id="97" dir="1" index="0" bw="1" slack="0"/>
</pin_list>
<bind>
<StgValue><ssdm name=""/></StgValue>
</bind>
</comp>

<comp id="98" class="1001" name="const_98">
<pin_list>
<pin id="99" dir="1" index="0" bw="1" slack="0"/>
</pin_list>
<bind>
<StgValue><ssdm name=""/></StgValue>
</bind>
</comp>

<comp id="100" class="1001" name="const_100">
<pin_list>
<pin id="101" dir="1" index="0" bw="1" slack="0"/>
</pin_list>
<bind>
<StgValue><ssdm name=""/></StgValue>
</bind>
</comp>

<comp id="102" class="1001" name="const_102">
<pin_list>
<pin id="103" dir="1" index="0" bw="1" slack="0"/>
</pin_list>
<bind>
<StgValue><ssdm name=""/></StgValue>
</bind>
</comp>

<comp id="104" class="1001" name="const_104">
<pin_list>
<pin id="105" dir="1" index="0" bw="1" slack="0"/>
</pin_list>
<bind>
<StgValue><ssdm name=""/></StgValue>
</bind>
</comp>

<comp id="106" class="1001" name="const_106">
<pin_list>
<pin id="107" dir="1" index="0" bw="1" slack="0"/>
</pin_list>
<bind>
<StgValue><ssdm name=""/></StgValue>
</bind>
</comp>

<comp id="108" class="1001" name="const_108">
<pin_list>
<pin id="109" dir="1" index="0" bw="1" slack="0"/>
</pin_list>
<bind>
<StgValue><ssdm name=""/></StgValue>
</bind>
</comp>

<comp id="110" class="1001" name="const_110">
<pin_list>
<pin id="111" dir="1" index="0" bw="1" slack="0"/>
</pin_list>
<bind>
<StgValue><ssdm name=""/></StgValue>
</bind>
</comp>

<comp id="112" class="1001" name="const_112">
<pin_list>
<pin id="113" dir="1" index="0" bw="1" slack="0"/>
</pin_list>
<bind>
<StgValue><ssdm name=""/></StgValue>
</bind>
</comp>

<comp id="114" class="1001" name="const_114">
<pin_list>
<pin id="115" dir="1" index="0" bw="1" slack="0"/>
</pin_list>
<bind>
<StgValue><ssdm name=""/></StgValue>
</bind>
</comp>

<comp id="116" class="1001" name="const_116">
<pin_list>
<pin id="117" dir="1" index="0" bw="1" slack="0"/>
</pin_list>
<bind>
<StgValue><ssdm name=""/></StgValue>
</bind>
</comp>

<comp id="118" class="1001" name="const_118">
<pin_list>
<pin id="119" dir="1" index="0" bw="1" slack="0"/>
</pin_list>
<bind>
<StgValue><ssdm name=""/></StgValue>
</bind>
</comp>

<comp id="120" class="1001" name="const_120">
<pin_list>
<pin id="121" dir="1" index="0" bw="1" slack="0"/>
</pin_list>
<bind>
<StgValue><ssdm name=""/></StgValue>
</bind>
</comp>

<comp id="122" class="1001" name="const_122">
<pin_list>
<pin id="123" dir="1" index="0" bw="1" slack="0"/>
</pin_list>
<bind>
<StgValue><ssdm name=""/></StgValue>
</bind>
</comp>

<comp id="124" class="1001" name="const_124">
<pin_list>
<pin id="125" dir="1" index="0" bw="1" slack="0"/>
</pin_list>
<bind>
<StgValue><ssdm name=""/></StgValue>
</bind>
</comp>

<comp id="126" class="1001" name="const_126">
<pin_list>
<pin id="127" dir="1" index="0" bw="1" slack="0"/>
</pin_list>
<bind>
<StgValue><ssdm name=""/></StgValue>
</bind>
</comp>

<comp id="128" class="1001" name="const_128">
<pin_list>
<pin id="129" dir="1" index="0" bw="1" slack="0"/>
</pin_list>
<bind>
<StgValue><ssdm name=""/></StgValue>
</bind>
</comp>

<comp id="130" class="1001" name="const_130">
<pin_list>
<pin id="131" dir="1" index="0" bw="1" slack="0"/>
</pin_list>
<bind>
<StgValue><ssdm name=""/></StgValue>
</bind>
</comp>

<comp id="132" class="1001" name="const_132">
<pin_list>
<pin id="133" dir="1" index="0" bw="1" slack="0"/>
</pin_list>
<bind>
<StgValue><ssdm name=""/></StgValue>
</bind>
</comp>

<comp id="134" class="1001" name="const_134">
<pin_list>
<pin id="135" dir="1" index="0" bw="1" slack="0"/>
</pin_list>
<bind>
<StgValue><ssdm name=""/></StgValue>
</bind>
</comp>

<comp id="136" class="1001" name="const_136">
<pin_list>
<pin id="137" dir="1" index="0" bw="1" slack="0"/>
</pin_list>
<bind>
<StgValue><ssdm name=""/></StgValue>
</bind>
</comp>

<comp id="138" class="1001" name="const_138">
<pin_list>
<pin id="139" dir="1" index="0" bw="1" slack="0"/>
</pin_list>
<bind>
<StgValue><ssdm name=""/></StgValue>
</bind>
</comp>

<comp id="140" class="1001" name="const_140">
<pin_list>
<pin id="141" dir="1" index="0" bw="1" slack="0"/>
</pin_list>
<bind>
<StgValue><ssdm name=""/></StgValue>
</bind>
</comp>

<comp id="142" class="1001" name="const_142">
<pin_list>
<pin id="143" dir="1" index="0" bw="1" slack="0"/>
</pin_list>
<bind>
<StgValue><ssdm name=""/></StgValue>
</bind>
</comp>

<comp id="144" class="1001" name="const_144">
<pin_list>
<pin id="145" dir="1" index="0" bw="1" slack="0"/>
</pin_list>
<bind>
<StgValue><ssdm name=""/></StgValue>
</bind>
</comp>

<comp id="146" class="1001" name="const_146">
<pin_list>
<pin id="147" dir="1" index="0" bw="1" slack="0"/>
</pin_list>
<bind>
<StgValue><ssdm name=""/></StgValue>
</bind>
</comp>

<comp id="148" class="1001" name="const_148">
<pin_list>
<pin id="149" dir="1" index="0" bw="1" slack="2147483647"/>
</pin_list>
<bind>
<StgValue><ssdm name="_ssdm_op_SpecPipeline"/></StgValue>
</bind>
</comp>

<comp id="150" class="1001" name="const_150">
<pin_list>
<pin id="151" dir="1" index="0" bw="1" slack="2147483647"/>
</pin_list>
<bind>
<StgValue><ssdm name="_ssdm_op_SpecLoopTripCount"/></StgValue>
</bind>
</comp>

<comp id="152" class="1001" name="const_152">
<pin_list>
<pin id="153" dir="1" index="0" bw="1" slack="2147483647"/>
</pin_list>
<bind>
<StgValue><ssdm name=""/></StgValue>
</bind>
</comp>

<comp id="154" class="1001" name="const_154">
<pin_list>
<pin id="155" dir="1" index="0" bw="1" slack="2147483647"/>
</pin_list>
<bind>
<StgValue><ssdm name="_ssdm_op_SpecLoopName"/></StgValue>
</bind>
</comp>

<comp id="156" class="1001" name="const_156">
<pin_list>
<pin id="157" dir="1" index="0" bw="1" slack="2147483647"/>
</pin_list>
<bind>
<StgValue><ssdm name="empty_39"/></StgValue>
</bind>
</comp>

<comp id="158" class="1001" name="const_158">
<pin_list>
<pin id="159" dir="1" index="0" bw="1" slack="0"/>
</pin_list>
<bind>
<StgValue><ssdm name="_ssdm_op_Read.axis.volatile.i8P128A"/></StgValue>
</bind>
</comp>

<comp id="160" class="1001" name="const_160">
<pin_list>
<pin id="161" dir="1" index="0" bw="1" slack="0"/>
</pin_list>
<bind>
<StgValue><ssdm name="_ssdm_op_Write.ap_auto.i8P0A"/></StgValue>
</bind>
</comp>

<comp id="162" class="1004" name="i_fu_162">
<pin_list>
<pin id="163" dir="0" index="0" bw="1" slack="0"/>
<pin id="164" dir="1" index="1" bw="6" slack="0"/>
</pin_list>
<bind>
<opcode="alloca(26) " fcode="alloca"/>
<opset="i/1 "/>
</bind>
</comp>

<comp id="166" class="1004" name="empty_fu_166">
<pin_list>
<pin id="167" dir="0" index="0" bw="1" slack="0"/>
<pin id="168" dir="1" index="1" bw="8" slack="0"/>
</pin_list>
<bind>
<opcode="alloca(26) " fcode="alloca"/>
<opset="empty/1 "/>
</bind>
</comp>

<comp id="170" class="1004" name="empty_45_fu_170">
<pin_list>
<pin id="171" dir="0" index="0" bw="1" slack="0"/>
<pin id="172" dir="1" index="1" bw="8" slack="0"/>
</pin_list>
<bind>
<opcode="alloca(26) " fcode="alloca"/>
<opset="empty_45/1 "/>
</bind>
</comp>

<comp id="174" class="1004" name="empty_46_fu_174">
<pin_list>
<pin id="175" dir="0" index="0" bw="1" slack="0"/>
<pin id="176" dir="1" index="1" bw="8" slack="0"/>
</pin_list>
<bind>
<opcode="alloca(26) " fcode="alloca"/>
<opset="empty_46/1 "/>
</bind>
</comp>

<comp id="178" class="1004" name="empty_47_fu_178">
<pin_list>
<pin id="179" dir="0" index="0" bw="1" slack="0"/>
<pin id="180" dir="1" index="1" bw="8" slack="0"/>
</pin_list>
<bind>
<opcode="alloca(26) " fcode="alloca"/>
<opset="empty_47/1 "/>
</bind>
</comp>

<comp id="182" class="1004" name="empty_48_fu_182">
<pin_list>
<pin id="183" dir="0" index="0" bw="1" slack="0"/>
<pin id="184" dir="1" index="1" bw="8" slack="0"/>
</pin_list>
<bind>
<opcode="alloca(26) " fcode="alloca"/>
<opset="empty_48/1 "/>
</bind>
</comp>

<comp id="186" class="1004" name="empty_49_fu_186">
<pin_list>
<pin id="187" dir="0" index="0" bw="1" slack="0"/>
<pin id="188" dir="1" index="1" bw="8" slack="0"/>
</pin_list>
<bind>
<opcode="alloca(26) " fcode="alloca"/>
<opset="empty_49/1 "/>
</bind>
</comp>

<comp id="190" class="1004" name="empty_50_fu_190">
<pin_list>
<pin id="191" dir="0" index="0" bw="1" slack="0"/>
<pin id="192" dir="1" index="1" bw="8" slack="0"/>
</pin_list>
<bind>
<opcode="alloca(26) " fcode="alloca"/>
<opset="empty_50/1 "/>
</bind>
</comp>

<comp id="194" class="1004" name="empty_51_fu_194">
<pin_list>
<pin id="195" dir="0" index="0" bw="1" slack="0"/>
<pin id="196" dir="1" index="1" bw="8" slack="0"/>
</pin_list>
<bind>
<opcode="alloca(26) " fcode="alloca"/>
<opset="empty_51/1 "/>
</bind>
</comp>

<comp id="198" class="1004" name="empty_52_fu_198">
<pin_list>
<pin id="199" dir="0" index="0" bw="1" slack="0"/>
<pin id="200" dir="1" index="1" bw="8" slack="0"/>
</pin_list>
<bind>
<opcode="alloca(26) " fcode="alloca"/>
<opset="empty_52/1 "/>
</bind>
</comp>

<comp id="202" class="1004" name="empty_53_fu_202">
<pin_list>
<pin id="203" dir="0" index="0" bw="1" slack="0"/>
<pin id="204" dir="1" index="1" bw="8" slack="0"/>
</pin_list>
<bind>
<opcode="alloca(26) " fcode="alloca"/>
<opset="empty_53/1 "/>
</bind>
</comp>

<comp id="206" class="1004" name="empty_54_fu_206">
<pin_list>
<pin id="207" dir="0" index="0" bw="1" slack="0"/>
<pin id="208" dir="1" index="1" bw="8" slack="0"/>
</pin_list>
<bind>
<opcode="alloca(26) " fcode="alloca"/>
<opset="empty_54/1 "/>
</bind>
</comp>

<comp id="210" class="1004" name="empty_55_fu_210">
<pin_list>
<pin id="211" dir="0" index="0" bw="1" slack="0"/>
<pin id="212" dir="1" index="1" bw="8" slack="0"/>
</pin_list>
<bind>
<opcode="alloca(26) " fcode="alloca"/>
<opset="empty_55/1 "/>
</bind>
</comp>

<comp id="214" class="1004" name="empty_56_fu_214">
<pin_list>
<pin id="215" dir="0" index="0" bw="1" slack="0"/>
<pin id="216" dir="1" index="1" bw="8" slack="0"/>
</pin_list>
<bind>
<opcode="alloca(26) " fcode="alloca"/>
<opset="empty_56/1 "/>
</bind>
</comp>

<comp id="218" class="1004" name="empty_57_fu_218">
<pin_list>
<pin id="219" dir="0" index="0" bw="1" slack="0"/>
<pin id="220" dir="1" index="1" bw="8" slack="0"/>
</pin_list>
<bind>
<opcode="alloca(26) " fcode="alloca"/>
<opset="empty_57/1 "/>
</bind>
</comp>

<comp id="222" class="1004" name="empty_58_fu_222">
<pin_list>
<pin id="223" dir="0" index="0" bw="1" slack="0"/>
<pin id="224" dir="1" index="1" bw="8" slack="0"/>
</pin_list>
<bind>
<opcode="alloca(26) " fcode="alloca"/>
<opset="empty_58/1 "/>
</bind>
</comp>

<comp id="226" class="1004" name="empty_59_fu_226">
<pin_list>
<pin id="227" dir="0" index="0" bw="1" slack="0"/>
<pin id="228" dir="1" index="1" bw="8" slack="0"/>
</pin_list>
<bind>
<opcode="alloca(26) " fcode="alloca"/>
<opset="empty_59/1 "/>
</bind>
</comp>

<comp id="230" class="1004" name="empty_60_fu_230">
<pin_list>
<pin id="231" dir="0" index="0" bw="1" slack="0"/>
<pin id="232" dir="1" index="1" bw="8" slack="0"/>
</pin_list>
<bind>
<opcode="alloca(26) " fcode="alloca"/>
<opset="empty_60/1 "/>
</bind>
</comp>

<comp id="234" class="1004" name="empty_61_fu_234">
<pin_list>
<pin id="235" dir="0" index="0" bw="1" slack="0"/>
<pin id="236" dir="1" index="1" bw="8" slack="0"/>
</pin_list>
<bind>
<opcode="alloca(26) " fcode="alloca"/>
<opset="empty_61/1 "/>
</bind>
</comp>

<comp id="238" class="1004" name="empty_62_fu_238">
<pin_list>
<pin id="239" dir="0" index="0" bw="1" slack="0"/>
<pin id="240" dir="1" index="1" bw="8" slack="0"/>
</pin_list>
<bind>
<opcode="alloca(26) " fcode="alloca"/>
<opset="empty_62/1 "/>
</bind>
</comp>

<comp id="242" class="1004" name="empty_63_fu_242">
<pin_list>
<pin id="243" dir="0" index="0" bw="1" slack="0"/>
<pin id="244" dir="1" index="1" bw="8" slack="0"/>
</pin_list>
<bind>
<opcode="alloca(26) " fcode="alloca"/>
<opset="empty_63/1 "/>
</bind>
</comp>

<comp id="246" class="1004" name="empty_64_fu_246">
<pin_list>
<pin id="247" dir="0" index="0" bw="1" slack="0"/>
<pin id="248" dir="1" index="1" bw="8" slack="0"/>
</pin_list>
<bind>
<opcode="alloca(26) " fcode="alloca"/>
<opset="empty_64/1 "/>
</bind>
</comp>

<comp id="250" class="1004" name="empty_65_fu_250">
<pin_list>
<pin id="251" dir="0" index="0" bw="1" slack="0"/>
<pin id="252" dir="1" index="1" bw="8" slack="0"/>
</pin_list>
<bind>
<opcode="alloca(26) " fcode="alloca"/>
<opset="empty_65/1 "/>
</bind>
</comp>

<comp id="254" class="1004" name="empty_66_fu_254">
<pin_list>
<pin id="255" dir="0" index="0" bw="1" slack="0"/>
<pin id="256" dir="1" index="1" bw="8" slack="0"/>
</pin_list>
<bind>
<opcode="alloca(26) " fcode="alloca"/>
<opset="empty_66/1 "/>
</bind>
</comp>

<comp id="258" class="1004" name="empty_67_fu_258">
<pin_list>
<pin id="259" dir="0" index="0" bw="1" slack="0"/>
<pin id="260" dir="1" index="1" bw="8" slack="0"/>
</pin_list>
<bind>
<opcode="alloca(26) " fcode="alloca"/>
<opset="empty_67/1 "/>
</bind>
</comp>

<comp id="262" class="1004" name="empty_68_fu_262">
<pin_list>
<pin id="263" dir="0" index="0" bw="1" slack="0"/>
<pin id="264" dir="1" index="1" bw="8" slack="0"/>
</pin_list>
<bind>
<opcode="alloca(26) " fcode="alloca"/>
<opset="empty_68/1 "/>
</bind>
</comp>

<comp id="266" class="1004" name="empty_69_fu_266">
<pin_list>
<pin id="267" dir="0" index="0" bw="1" slack="0"/>
<pin id="268" dir="1" index="1" bw="8" slack="0"/>
</pin_list>
<bind>
<opcode="alloca(26) " fcode="alloca"/>
<opset="empty_69/1 "/>
</bind>
</comp>

<comp id="270" class="1004" name="empty_70_fu_270">
<pin_list>
<pin id="271" dir="0" index="0" bw="1" slack="0"/>
<pin id="272" dir="1" index="1" bw="8" slack="0"/>
</pin_list>
<bind>
<opcode="alloca(26) " fcode="alloca"/>
<opset="empty_70/1 "/>
</bind>
</comp>

<comp id="274" class="1004" name="empty_71_fu_274">
<pin_list>
<pin id="275" dir="0" index="0" bw="1" slack="0"/>
<pin id="276" dir="1" index="1" bw="8" slack="0"/>
</pin_list>
<bind>
<opcode="alloca(26) " fcode="alloca"/>
<opset="empty_71/1 "/>
</bind>
</comp>

<comp id="278" class="1004" name="empty_72_fu_278">
<pin_list>
<pin id="279" dir="0" index="0" bw="1" slack="0"/>
<pin id="280" dir="1" index="1" bw="8" slack="0"/>
</pin_list>
<bind>
<opcode="alloca(26) " fcode="alloca"/>
<opset="empty_72/1 "/>
</bind>
</comp>

<comp id="282" class="1004" name="empty_73_fu_282">
<pin_list>
<pin id="283" dir="0" index="0" bw="1" slack="0"/>
<pin id="284" dir="1" index="1" bw="8" slack="0"/>
</pin_list>
<bind>
<opcode="alloca(26) " fcode="alloca"/>
<opset="empty_73/1 "/>
</bind>
</comp>

<comp id="286" class="1004" name="empty_74_fu_286">
<pin_list>
<pin id="287" dir="0" index="0" bw="1" slack="0"/>
<pin id="288" dir="1" index="1" bw="8" slack="0"/>
</pin_list>
<bind>
<opcode="alloca(26) " fcode="alloca"/>
<opset="empty_74/1 "/>
</bind>
</comp>

<comp id="290" class="1004" name="empty_75_fu_290">
<pin_list>
<pin id="291" dir="0" index="0" bw="1" slack="0"/>
<pin id="292" dir="1" index="1" bw="8" slack="0"/>
</pin_list>
<bind>
<opcode="alloca(26) " fcode="alloca"/>
<opset="empty_75/1 "/>
</bind>
</comp>

<comp id="294" class="1004" name="input_buffer_read_fu_294">
<pin_list>
<pin id="295" dir="0" index="0" bw="8" slack="0"/>
<pin id="296" dir="0" index="1" bw="8" slack="0"/>
<pin id="297" dir="1" index="2" bw="8" slack="0"/>
</pin_list>
<bind>
<opcode="read(1150) " fcode="read"/>
<opset="input_buffer/2 "/>
</bind>
</comp>

<comp id="300" class="1004" name="write_ln0_write_fu_300">
<pin_list>
<pin id="301" dir="0" index="0" bw="0" slack="0"/>
<pin id="302" dir="0" index="1" bw="8" slack="0"/>
<pin id="303" dir="0" index="2" bw="8" slack="0"/>
<pin id="304" dir="1" index="3" bw="0" slack="2147483647"/>
</pin_list>
<bind>
<opcode="write(1151) " fcode="write"/>
<opset="write_ln0/1 "/>
</bind>
</comp>

<comp id="307" class="1004" name="write_ln0_write_fu_307">
<pin_list>
<pin id="308" dir="0" index="0" bw="0" slack="0"/>
<pin id="309" dir="0" index="1" bw="8" slack="0"/>
<pin id="310" dir="0" index="2" bw="8" slack="0"/>
<pin id="311" dir="1" index="3" bw="0" slack="2147483647"/>
</pin_list>
<bind>
<opcode="write(1151) " fcode="write"/>
<opset="write_ln0/1 "/>
</bind>
</comp>

<comp id="314" class="1004" name="write_ln0_write_fu_314">
<pin_list>
<pin id="315" dir="0" index="0" bw="0" slack="0"/>
<pin id="316" dir="0" index="1" bw="8" slack="0"/>
<pin id="317" dir="0" index="2" bw="8" slack="0"/>
<pin id="318" dir="1" index="3" bw="0" slack="2147483647"/>
</pin_list>
<bind>
<opcode="write(1151) " fcode="write"/>
<opset="write_ln0/1 "/>
</bind>
</comp>

<comp id="321" class="1004" name="write_ln0_write_fu_321">
<pin_list>
<pin id="322" dir="0" index="0" bw="0" slack="0"/>
<pin id="323" dir="0" index="1" bw="8" slack="0"/>
<pin id="324" dir="0" index="2" bw="8" slack="0"/>
<pin id="325" dir="1" index="3" bw="0" slack="2147483647"/>
</pin_list>
<bind>
<opcode="write(1151) " fcode="write"/>
<opset="write_ln0/1 "/>
</bind>
</comp>

<comp id="328" class="1004" name="write_ln0_write_fu_328">
<pin_list>
<pin id="329" dir="0" index="0" bw="0" slack="0"/>
<pin id="330" dir="0" index="1" bw="8" slack="0"/>
<pin id="331" dir="0" index="2" bw="8" slack="0"/>
<pin id="332" dir="1" index="3" bw="0" slack="2147483647"/>
</pin_list>
<bind>
<opcode="write(1151) " fcode="write"/>
<opset="write_ln0/1 "/>
</bind>
</comp>

<comp id="335" class="1004" name="write_ln0_write_fu_335">
<pin_list>
<pin id="336" dir="0" index="0" bw="0" slack="0"/>
<pin id="337" dir="0" index="1" bw="8" slack="0"/>
<pin id="338" dir="0" index="2" bw="8" slack="0"/>
<pin id="339" dir="1" index="3" bw="0" slack="2147483647"/>
</pin_list>
<bind>
<opcode="write(1151) " fcode="write"/>
<opset="write_ln0/1 "/>
</bind>
</comp>

<comp id="342" class="1004" name="write_ln0_write_fu_342">
<pin_list>
<pin id="343" dir="0" index="0" bw="0" slack="0"/>
<pin id="344" dir="0" index="1" bw="8" slack="0"/>
<pin id="345" dir="0" index="2" bw="8" slack="0"/>
<pin id="346" dir="1" index="3" bw="0" slack="2147483647"/>
</pin_list>
<bind>
<opcode="write(1151) " fcode="write"/>
<opset="write_ln0/1 "/>
</bind>
</comp>

<comp id="349" class="1004" name="write_ln0_write_fu_349">
<pin_list>
<pin id="350" dir="0" index="0" bw="0" slack="0"/>
<pin id="351" dir="0" index="1" bw="8" slack="0"/>
<pin id="352" dir="0" index="2" bw="8" slack="0"/>
<pin id="353" dir="1" index="3" bw="0" slack="2147483647"/>
</pin_list>
<bind>
<opcode="write(1151) " fcode="write"/>
<opset="write_ln0/1 "/>
</bind>
</comp>

<comp id="356" class="1004" name="write_ln0_write_fu_356">
<pin_list>
<pin id="357" dir="0" index="0" bw="0" slack="0"/>
<pin id="358" dir="0" index="1" bw="8" slack="0"/>
<pin id="359" dir="0" index="2" bw="8" slack="0"/>
<pin id="360" dir="1" index="3" bw="0" slack="2147483647"/>
</pin_list>
<bind>
<opcode="write(1151) " fcode="write"/>
<opset="write_ln0/1 "/>
</bind>
</comp>

<comp id="363" class="1004" name="write_ln0_write_fu_363">
<pin_list>
<pin id="364" dir="0" index="0" bw="0" slack="0"/>
<pin id="365" dir="0" index="1" bw="8" slack="0"/>
<pin id="366" dir="0" index="2" bw="8" slack="0"/>
<pin id="367" dir="1" index="3" bw="0" slack="2147483647"/>
</pin_list>
<bind>
<opcode="write(1151) " fcode="write"/>
<opset="write_ln0/1 "/>
</bind>
</comp>

<comp id="370" class="1004" name="write_ln0_write_fu_370">
<pin_list>
<pin id="371" dir="0" index="0" bw="0" slack="0"/>
<pin id="372" dir="0" index="1" bw="8" slack="0"/>
<pin id="373" dir="0" index="2" bw="8" slack="0"/>
<pin id="374" dir="1" index="3" bw="0" slack="2147483647"/>
</pin_list>
<bind>
<opcode="write(1151) " fcode="write"/>
<opset="write_ln0/1 "/>
</bind>
</comp>

<comp id="377" class="1004" name="write_ln0_write_fu_377">
<pin_list>
<pin id="378" dir="0" index="0" bw="0" slack="0"/>
<pin id="379" dir="0" index="1" bw="8" slack="0"/>
<pin id="380" dir="0" index="2" bw="8" slack="0"/>
<pin id="381" dir="1" index="3" bw="0" slack="2147483647"/>
</pin_list>
<bind>
<opcode="write(1151) " fcode="write"/>
<opset="write_ln0/1 "/>
</bind>
</comp>

<comp id="384" class="1004" name="write_ln0_write_fu_384">
<pin_list>
<pin id="385" dir="0" index="0" bw="0" slack="0"/>
<pin id="386" dir="0" index="1" bw="8" slack="0"/>
<pin id="387" dir="0" index="2" bw="8" slack="0"/>
<pin id="388" dir="1" index="3" bw="0" slack="2147483647"/>
</pin_list>
<bind>
<opcode="write(1151) " fcode="write"/>
<opset="write_ln0/1 "/>
</bind>
</comp>

<comp id="391" class="1004" name="write_ln0_write_fu_391">
<pin_list>
<pin id="392" dir="0" index="0" bw="0" slack="0"/>
<pin id="393" dir="0" index="1" bw="8" slack="0"/>
<pin id="394" dir="0" index="2" bw="8" slack="0"/>
<pin id="395" dir="1" index="3" bw="0" slack="2147483647"/>
</pin_list>
<bind>
<opcode="write(1151) " fcode="write"/>
<opset="write_ln0/1 "/>
</bind>
</comp>

<comp id="398" class="1004" name="write_ln0_write_fu_398">
<pin_list>
<pin id="399" dir="0" index="0" bw="0" slack="0"/>
<pin id="400" dir="0" index="1" bw="8" slack="0"/>
<pin id="401" dir="0" index="2" bw="8" slack="0"/>
<pin id="402" dir="1" index="3" bw="0" slack="2147483647"/>
</pin_list>
<bind>
<opcode="write(1151) " fcode="write"/>
<opset="write_ln0/1 "/>
</bind>
</comp>

<comp id="405" class="1004" name="write_ln0_write_fu_405">
<pin_list>
<pin id="406" dir="0" index="0" bw="0" slack="0"/>
<pin id="407" dir="0" index="1" bw="8" slack="0"/>
<pin id="408" dir="0" index="2" bw="8" slack="0"/>
<pin id="409" dir="1" index="3" bw="0" slack="2147483647"/>
</pin_list>
<bind>
<opcode="write(1151) " fcode="write"/>
<opset="write_ln0/1 "/>
</bind>
</comp>

<comp id="412" class="1004" name="write_ln0_write_fu_412">
<pin_list>
<pin id="413" dir="0" index="0" bw="0" slack="0"/>
<pin id="414" dir="0" index="1" bw="8" slack="0"/>
<pin id="415" dir="0" index="2" bw="8" slack="0"/>
<pin id="416" dir="1" index="3" bw="0" slack="2147483647"/>
</pin_list>
<bind>
<opcode="write(1151) " fcode="write"/>
<opset="write_ln0/1 "/>
</bind>
</comp>

<comp id="419" class="1004" name="write_ln0_write_fu_419">
<pin_list>
<pin id="420" dir="0" index="0" bw="0" slack="0"/>
<pin id="421" dir="0" index="1" bw="8" slack="0"/>
<pin id="422" dir="0" index="2" bw="8" slack="0"/>
<pin id="423" dir="1" index="3" bw="0" slack="2147483647"/>
</pin_list>
<bind>
<opcode="write(1151) " fcode="write"/>
<opset="write_ln0/1 "/>
</bind>
</comp>

<comp id="426" class="1004" name="write_ln0_write_fu_426">
<pin_list>
<pin id="427" dir="0" index="0" bw="0" slack="0"/>
<pin id="428" dir="0" index="1" bw="8" slack="0"/>
<pin id="429" dir="0" index="2" bw="8" slack="0"/>
<pin id="430" dir="1" index="3" bw="0" slack="2147483647"/>
</pin_list>
<bind>
<opcode="write(1151) " fcode="write"/>
<opset="write_ln0/1 "/>
</bind>
</comp>

<comp id="433" class="1004" name="write_ln0_write_fu_433">
<pin_list>
<pin id="434" dir="0" index="0" bw="0" slack="0"/>
<pin id="435" dir="0" index="1" bw="8" slack="0"/>
<pin id="436" dir="0" index="2" bw="8" slack="0"/>
<pin id="437" dir="1" index="3" bw="0" slack="2147483647"/>
</pin_list>
<bind>
<opcode="write(1151) " fcode="write"/>
<opset="write_ln0/1 "/>
</bind>
</comp>

<comp id="440" class="1004" name="write_ln0_write_fu_440">
<pin_list>
<pin id="441" dir="0" index="0" bw="0" slack="0"/>
<pin id="442" dir="0" index="1" bw="8" slack="0"/>
<pin id="443" dir="0" index="2" bw="8" slack="0"/>
<pin id="444" dir="1" index="3" bw="0" slack="2147483647"/>
</pin_list>
<bind>
<opcode="write(1151) " fcode="write"/>
<opset="write_ln0/1 "/>
</bind>
</comp>

<comp id="447" class="1004" name="write_ln0_write_fu_447">
<pin_list>
<pin id="448" dir="0" index="0" bw="0" slack="0"/>
<pin id="449" dir="0" index="1" bw="8" slack="0"/>
<pin id="450" dir="0" index="2" bw="8" slack="0"/>
<pin id="451" dir="1" index="3" bw="0" slack="2147483647"/>
</pin_list>
<bind>
<opcode="write(1151) " fcode="write"/>
<opset="write_ln0/1 "/>
</bind>
</comp>

<comp id="454" class="1004" name="write_ln0_write_fu_454">
<pin_list>
<pin id="455" dir="0" index="0" bw="0" slack="0"/>
<pin id="456" dir="0" index="1" bw="8" slack="0"/>
<pin id="457" dir="0" index="2" bw="8" slack="0"/>
<pin id="458" dir="1" index="3" bw="0" slack="2147483647"/>
</pin_list>
<bind>
<opcode="write(1151) " fcode="write"/>
<opset="write_ln0/1 "/>
</bind>
</comp>

<comp id="461" class="1004" name="write_ln0_write_fu_461">
<pin_list>
<pin id="462" dir="0" index="0" bw="0" slack="0"/>
<pin id="463" dir="0" index="1" bw="8" slack="0"/>
<pin id="464" dir="0" index="2" bw="8" slack="0"/>
<pin id="465" dir="1" index="3" bw="0" slack="2147483647"/>
</pin_list>
<bind>
<opcode="write(1151) " fcode="write"/>
<opset="write_ln0/1 "/>
</bind>
</comp>

<comp id="468" class="1004" name="write_ln0_write_fu_468">
<pin_list>
<pin id="469" dir="0" index="0" bw="0" slack="0"/>
<pin id="470" dir="0" index="1" bw="8" slack="0"/>
<pin id="471" dir="0" index="2" bw="8" slack="0"/>
<pin id="472" dir="1" index="3" bw="0" slack="2147483647"/>
</pin_list>
<bind>
<opcode="write(1151) " fcode="write"/>
<opset="write_ln0/1 "/>
</bind>
</comp>

<comp id="475" class="1004" name="write_ln0_write_fu_475">
<pin_list>
<pin id="476" dir="0" index="0" bw="0" slack="0"/>
<pin id="477" dir="0" index="1" bw="8" slack="0"/>
<pin id="478" dir="0" index="2" bw="8" slack="0"/>
<pin id="479" dir="1" index="3" bw="0" slack="2147483647"/>
</pin_list>
<bind>
<opcode="write(1151) " fcode="write"/>
<opset="write_ln0/1 "/>
</bind>
</comp>

<comp id="482" class="1004" name="write_ln0_write_fu_482">
<pin_list>
<pin id="483" dir="0" index="0" bw="0" slack="0"/>
<pin id="484" dir="0" index="1" bw="8" slack="0"/>
<pin id="485" dir="0" index="2" bw="8" slack="0"/>
<pin id="486" dir="1" index="3" bw="0" slack="2147483647"/>
</pin_list>
<bind>
<opcode="write(1151) " fcode="write"/>
<opset="write_ln0/1 "/>
</bind>
</comp>

<comp id="489" class="1004" name="write_ln0_write_fu_489">
<pin_list>
<pin id="490" dir="0" index="0" bw="0" slack="0"/>
<pin id="491" dir="0" index="1" bw="8" slack="0"/>
<pin id="492" dir="0" index="2" bw="8" slack="0"/>
<pin id="493" dir="1" index="3" bw="0" slack="2147483647"/>
</pin_list>
<bind>
<opcode="write(1151) " fcode="write"/>
<opset="write_ln0/1 "/>
</bind>
</comp>

<comp id="496" class="1004" name="write_ln0_write_fu_496">
<pin_list>
<pin id="497" dir="0" index="0" bw="0" slack="0"/>
<pin id="498" dir="0" index="1" bw="8" slack="0"/>
<pin id="499" dir="0" index="2" bw="8" slack="0"/>
<pin id="500" dir="1" index="3" bw="0" slack="2147483647"/>
</pin_list>
<bind>
<opcode="write(1151) " fcode="write"/>
<opset="write_ln0/1 "/>
</bind>
</comp>

<comp id="503" class="1004" name="write_ln0_write_fu_503">
<pin_list>
<pin id="504" dir="0" index="0" bw="0" slack="0"/>
<pin id="505" dir="0" index="1" bw="8" slack="0"/>
<pin id="506" dir="0" index="2" bw="8" slack="0"/>
<pin id="507" dir="1" index="3" bw="0" slack="2147483647"/>
</pin_list>
<bind>
<opcode="write(1151) " fcode="write"/>
<opset="write_ln0/1 "/>
</bind>
</comp>

<comp id="510" class="1004" name="write_ln0_write_fu_510">
<pin_list>
<pin id="511" dir="0" index="0" bw="0" slack="0"/>
<pin id="512" dir="0" index="1" bw="8" slack="0"/>
<pin id="513" dir="0" index="2" bw="8" slack="0"/>
<pin id="514" dir="1" index="3" bw="0" slack="2147483647"/>
</pin_list>
<bind>
<opcode="write(1151) " fcode="write"/>
<opset="write_ln0/1 "/>
</bind>
</comp>

<comp id="517" class="1004" name="write_ln0_write_fu_517">
<pin_list>
<pin id="518" dir="0" index="0" bw="0" slack="0"/>
<pin id="519" dir="0" index="1" bw="8" slack="0"/>
<pin id="520" dir="0" index="2" bw="8" slack="0"/>
<pin id="521" dir="1" index="3" bw="0" slack="2147483647"/>
</pin_list>
<bind>
<opcode="write(1151) " fcode="write"/>
<opset="write_ln0/1 "/>
</bind>
</comp>

<comp id="524" class="1004" name="store_ln25_store_fu_524">
<pin_list>
<pin id="525" dir="0" index="0" bw="1" slack="0"/>
<pin id="526" dir="0" index="1" bw="6" slack="0"/>
<pin id="527" dir="1" index="2" bw="0" slack="2147483647"/>
</pin_list>
<bind>
<opcode="store(28) " fcode="store"/>
<opset="store_ln25/1 "/>
</bind>
</comp>

<comp id="529" class="1004" name="i_2_load_fu_529">
<pin_list>
<pin id="530" dir="0" index="0" bw="6" slack="0"/>
<pin id="531" dir="1" index="1" bw="6" slack="0"/>
</pin_list>
<bind>
<opcode="load(27) " fcode="load"/>
<opset="i_2/1 "/>
</bind>
</comp>

<comp id="532" class="1004" name="icmp_ln25_fu_532">
<pin_list>
<pin id="533" dir="0" index="0" bw="6" slack="0"/>
<pin id="534" dir="0" index="1" bw="6" slack="0"/>
<pin id="535" dir="1" index="2" bw="1" slack="2147483647"/>
</pin_list>
<bind>
<opcode="icmp(45) " fcode="icmp"/>
<opset="icmp_ln25/1 "/>
</bind>
</comp>

<comp id="538" class="1004" name="add_ln25_fu_538">
<pin_list>
<pin id="539" dir="0" index="0" bw="6" slack="0"/>
<pin id="540" dir="0" index="1" bw="1" slack="0"/>
<pin id="541" dir="1" index="2" bw="6" slack="0"/>
</pin_list>
<bind>
<opcode="add(8) " fcode="add"/>
<opset="add_ln25/1 "/>
</bind>
</comp>

<comp id="544" class="1004" name="trunc_ln25_fu_544">
<pin_list>
<pin id="545" dir="0" index="0" bw="6" slack="0"/>
<pin id="546" dir="1" index="1" bw="5" slack="0"/>
</pin_list>
<bind>
<opcode="trunc(33) " fcode="trunc"/>
<opset="trunc_ln25/1 "/>
</bind>
</comp>

<comp id="548" class="1004" name="switch_ln27_fu_548">
<pin_list>
<pin id="549" dir="0" index="0" bw="5" slack="0"/>
<pin id="550" dir="0" index="1" bw="1" slack="0"/>
<pin id="551" dir="0" index="2" bw="1" slack="0"/>
<pin id="552" dir="0" index="3" bw="3" slack="0"/>
<pin id="553" dir="0" index="4" bw="3" slack="0"/>
<pin id="554" dir="0" index="5" bw="4" slack="0"/>
<pin id="555" dir="0" index="6" bw="4" slack="0"/>
<pin id="556" dir="0" index="7" bw="4" slack="0"/>
<pin id="557" dir="0" index="8" bw="4" slack="0"/>
<pin id="558" dir="0" index="9" bw="5" slack="0"/>
<pin id="559" dir="0" index="10" bw="5" slack="0"/>
<pin id="560" dir="0" index="11" bw="5" slack="0"/>
<pin id="561" dir="0" index="12" bw="5" slack="0"/>
<pin id="562" dir="0" index="13" bw="5" slack="0"/>
<pin id="563" dir="0" index="14" bw="5" slack="0"/>
<pin id="564" dir="0" index="15" bw="5" slack="0"/>
<pin id="565" dir="0" index="16" bw="5" slack="0"/>
<pin id="566" dir="0" index="17" bw="5" slack="0"/>
<pin id="567" dir="0" index="18" bw="5" slack="0"/>
<pin id="568" dir="0" index="19" bw="5" slack="0"/>
<pin id="569" dir="0" index="20" bw="5" slack="0"/>
<pin id="570" dir="0" index="21" bw="5" slack="0"/>
<pin id="571" dir="0" index="22" bw="5" slack="0"/>
<pin id="572" dir="0" index="23" bw="5" slack="0"/>
<pin id="573" dir="0" index="24" bw="5" slack="0"/>
<pin id="574" dir="0" index="25" bw="4" slack="0"/>
<pin id="575" dir="0" index="26" bw="4" slack="0"/>
<pin id="576" dir="0" index="27" bw="4" slack="0"/>
<pin id="577" dir="0" index="28" bw="4" slack="0"/>
<pin id="578" dir="0" index="29" bw="3" slack="0"/>
<pin id="579" dir="0" index="30" bw="3" slack="0"/>
<pin id="580" dir="0" index="31" bw="2" slack="0"/>
<pin id="581" dir="1" index="32" bw="0" slack="2147483647"/>
</pin_list>
<bind>
<opcode="switch(3) " fcode="switch"/>
<opset="switch_ln27/1 "/>
</bind>
</comp>

<comp id="614" class="1004" name="store_ln25_store_fu_614">
<pin_list>
<pin id="615" dir="0" index="0" bw="6" slack="0"/>
<pin id="616" dir="0" index="1" bw="6" slack="0"/>
<pin id="617" dir="1" index="2" bw="0" slack="2147483647"/>
</pin_list>
<bind>
<opcode="store(28) " fcode="store"/>
<opset="store_ln25/1 "/>
</bind>
</comp>

<comp id="619" class="1004" name="store_ln26_store_fu_619">
<pin_list>
<pin id="620" dir="0" index="0" bw="8" slack="0"/>
<pin id="621" dir="0" index="1" bw="8" slack="1"/>
<pin id="622" dir="1" index="2" bw="0" slack="2147483647"/>
</pin_list>
<bind>
<opcode="store(28) " fcode="store"/>
<opset="store_ln26/2 "/>
</bind>
</comp>

<comp id="624" class="1004" name="store_ln26_store_fu_624">
<pin_list>
<pin id="625" dir="0" index="0" bw="8" slack="0"/>
<pin id="626" dir="0" index="1" bw="8" slack="1"/>
<pin id="627" dir="1" index="2" bw="0" slack="2147483647"/>
</pin_list>
<bind>
<opcode="store(28) " fcode="store"/>
<opset="store_ln26/2 "/>
</bind>
</comp>

<comp id="629" class="1004" name="store_ln26_store_fu_629">
<pin_list>
<pin id="630" dir="0" index="0" bw="8" slack="0"/>
<pin id="631" dir="0" index="1" bw="8" slack="1"/>
<pin id="632" dir="1" index="2" bw="0" slack="2147483647"/>
</pin_list>
<bind>
<opcode="store(28) " fcode="store"/>
<opset="store_ln26/2 "/>
</bind>
</comp>

<comp id="634" class="1004" name="store_ln26_store_fu_634">
<pin_list>
<pin id="635" dir="0" index="0" bw="8" slack="0"/>
<pin id="636" dir="0" index="1" bw="8" slack="1"/>
<pin id="637" dir="1" index="2" bw="0" slack="2147483647"/>
</pin_list>
<bind>
<opcode="store(28) " fcode="store"/>
<opset="store_ln26/2 "/>
</bind>
</comp>

<comp id="639" class="1004" name="store_ln26_store_fu_639">
<pin_list>
<pin id="640" dir="0" index="0" bw="8" slack="0"/>
<pin id="641" dir="0" index="1" bw="8" slack="1"/>
<pin id="642" dir="1" index="2" bw="0" slack="2147483647"/>
</pin_list>
<bind>
<opcode="store(28) " fcode="store"/>
<opset="store_ln26/2 "/>
</bind>
</comp>

<comp id="644" class="1004" name="store_ln26_store_fu_644">
<pin_list>
<pin id="645" dir="0" index="0" bw="8" slack="0"/>
<pin id="646" dir="0" index="1" bw="8" slack="1"/>
<pin id="647" dir="1" index="2" bw="0" slack="2147483647"/>
</pin_list>
<bind>
<opcode="store(28) " fcode="store"/>
<opset="store_ln26/2 "/>
</bind>
</comp>

<comp id="649" class="1004" name="store_ln26_store_fu_649">
<pin_list>
<pin id="650" dir="0" index="0" bw="8" slack="0"/>
<pin id="651" dir="0" index="1" bw="8" slack="1"/>
<pin id="652" dir="1" index="2" bw="0" slack="2147483647"/>
</pin_list>
<bind>
<opcode="store(28) " fcode="store"/>
<opset="store_ln26/2 "/>
</bind>
</comp>

<comp id="654" class="1004" name="store_ln26_store_fu_654">
<pin_list>
<pin id="655" dir="0" index="0" bw="8" slack="0"/>
<pin id="656" dir="0" index="1" bw="8" slack="1"/>
<pin id="657" dir="1" index="2" bw="0" slack="2147483647"/>
</pin_list>
<bind>
<opcode="store(28) " fcode="store"/>
<opset="store_ln26/2 "/>
</bind>
</comp>

<comp id="659" class="1004" name="store_ln26_store_fu_659">
<pin_list>
<pin id="660" dir="0" index="0" bw="8" slack="0"/>
<pin id="661" dir="0" index="1" bw="8" slack="1"/>
<pin id="662" dir="1" index="2" bw="0" slack="2147483647"/>
</pin_list>
<bind>
<opcode="store(28) " fcode="store"/>
<opset="store_ln26/2 "/>
</bind>
</comp>

<comp id="664" class="1004" name="store_ln26_store_fu_664">
<pin_list>
<pin id="665" dir="0" index="0" bw="8" slack="0"/>
<pin id="666" dir="0" index="1" bw="8" slack="1"/>
<pin id="667" dir="1" index="2" bw="0" slack="2147483647"/>
</pin_list>
<bind>
<opcode="store(28) " fcode="store"/>
<opset="store_ln26/2 "/>
</bind>
</comp>

<comp id="669" class="1004" name="store_ln26_store_fu_669">
<pin_list>
<pin id="670" dir="0" index="0" bw="8" slack="0"/>
<pin id="671" dir="0" index="1" bw="8" slack="1"/>
<pin id="672" dir="1" index="2" bw="0" slack="2147483647"/>
</pin_list>
<bind>
<opcode="store(28) " fcode="store"/>
<opset="store_ln26/2 "/>
</bind>
</comp>

<comp id="674" class="1004" name="store_ln26_store_fu_674">
<pin_list>
<pin id="675" dir="0" index="0" bw="8" slack="0"/>
<pin id="676" dir="0" index="1" bw="8" slack="1"/>
<pin id="677" dir="1" index="2" bw="0" slack="2147483647"/>
</pin_list>
<bind>
<opcode="store(28) " fcode="store"/>
<opset="store_ln26/2 "/>
</bind>
</comp>

<comp id="679" class="1004" name="store_ln26_store_fu_679">
<pin_list>
<pin id="680" dir="0" index="0" bw="8" slack="0"/>
<pin id="681" dir="0" index="1" bw="8" slack="1"/>
<pin id="682" dir="1" index="2" bw="0" slack="2147483647"/>
</pin_list>
<bind>
<opcode="store(28) " fcode="store"/>
<opset="store_ln26/2 "/>
</bind>
</comp>

<comp id="684" class="1004" name="store_ln26_store_fu_684">
<pin_list>
<pin id="685" dir="0" index="0" bw="8" slack="0"/>
<pin id="686" dir="0" index="1" bw="8" slack="1"/>
<pin id="687" dir="1" index="2" bw="0" slack="2147483647"/>
</pin_list>
<bind>
<opcode="store(28) " fcode="store"/>
<opset="store_ln26/2 "/>
</bind>
</comp>

<comp id="689" class="1004" name="store_ln26_store_fu_689">
<pin_list>
<pin id="690" dir="0" index="0" bw="8" slack="0"/>
<pin id="691" dir="0" index="1" bw="8" slack="1"/>
<pin id="692" dir="1" index="2" bw="0" slack="2147483647"/>
</pin_list>
<bind>
<opcode="store(28) " fcode="store"/>
<opset="store_ln26/2 "/>
</bind>
</comp>

<comp id="694" class="1004" name="store_ln26_store_fu_694">
<pin_list>
<pin id="695" dir="0" index="0" bw="8" slack="0"/>
<pin id="696" dir="0" index="1" bw="8" slack="1"/>
<pin id="697" dir="1" index="2" bw="0" slack="2147483647"/>
</pin_list>
<bind>
<opcode="store(28) " fcode="store"/>
<opset="store_ln26/2 "/>
</bind>
</comp>

<comp id="699" class="1004" name="store_ln26_store_fu_699">
<pin_list>
<pin id="700" dir="0" index="0" bw="8" slack="0"/>
<pin id="701" dir="0" index="1" bw="8" slack="1"/>
<pin id="702" dir="1" index="2" bw="0" slack="2147483647"/>
</pin_list>
<bind>
<opcode="store(28) " fcode="store"/>
<opset="store_ln26/2 "/>
</bind>
</comp>

<comp id="704" class="1004" name="store_ln26_store_fu_704">
<pin_list>
<pin id="705" dir="0" index="0" bw="8" slack="0"/>
<pin id="706" dir="0" index="1" bw="8" slack="1"/>
<pin id="707" dir="1" index="2" bw="0" slack="2147483647"/>
</pin_list>
<bind>
<opcode="store(28) " fcode="store"/>
<opset="store_ln26/2 "/>
</bind>
</comp>

<comp id="709" class="1004" name="store_ln26_store_fu_709">
<pin_list>
<pin id="710" dir="0" index="0" bw="8" slack="0"/>
<pin id="711" dir="0" index="1" bw="8" slack="1"/>
<pin id="712" dir="1" index="2" bw="0" slack="2147483647"/>
</pin_list>
<bind>
<opcode="store(28) " fcode="store"/>
<opset="store_ln26/2 "/>
</bind>
</comp>

<comp id="714" class="1004" name="store_ln26_store_fu_714">
<pin_list>
<pin id="715" dir="0" index="0" bw="8" slack="0"/>
<pin id="716" dir="0" index="1" bw="8" slack="1"/>
<pin id="717" dir="1" index="2" bw="0" slack="2147483647"/>
</pin_list>
<bind>
<opcode="store(28) " fcode="store"/>
<opset="store_ln26/2 "/>
</bind>
</comp>

<comp id="719" class="1004" name="store_ln26_store_fu_719">
<pin_list>
<pin id="720" dir="0" index="0" bw="8" slack="0"/>
<pin id="721" dir="0" index="1" bw="8" slack="1"/>
<pin id="722" dir="1" index="2" bw="0" slack="2147483647"/>
</pin_list>
<bind>
<opcode="store(28) " fcode="store"/>
<opset="store_ln26/2 "/>
</bind>
</comp>

<comp id="724" class="1004" name="store_ln26_store_fu_724">
<pin_list>
<pin id="725" dir="0" index="0" bw="8" slack="0"/>
<pin id="726" dir="0" index="1" bw="8" slack="1"/>
<pin id="727" dir="1" index="2" bw="0" slack="2147483647"/>
</pin_list>
<bind>
<opcode="store(28) " fcode="store"/>
<opset="store_ln26/2 "/>
</bind>
</comp>

<comp id="729" class="1004" name="store_ln26_store_fu_729">
<pin_list>
<pin id="730" dir="0" index="0" bw="8" slack="0"/>
<pin id="731" dir="0" index="1" bw="8" slack="1"/>
<pin id="732" dir="1" index="2" bw="0" slack="2147483647"/>
</pin_list>
<bind>
<opcode="store(28) " fcode="store"/>
<opset="store_ln26/2 "/>
</bind>
</comp>

<comp id="734" class="1004" name="store_ln26_store_fu_734">
<pin_list>
<pin id="735" dir="0" index="0" bw="8" slack="0"/>
<pin id="736" dir="0" index="1" bw="8" slack="1"/>
<pin id="737" dir="1" index="2" bw="0" slack="2147483647"/>
</pin_list>
<bind>
<opcode="store(28) " fcode="store"/>
<opset="store_ln26/2 "/>
</bind>
</comp>

<comp id="739" class="1004" name="store_ln26_store_fu_739">
<pin_list>
<pin id="740" dir="0" index="0" bw="8" slack="0"/>
<pin id="741" dir="0" index="1" bw="8" slack="1"/>
<pin id="742" dir="1" index="2" bw="0" slack="2147483647"/>
</pin_list>
<bind>
<opcode="store(28) " fcode="store"/>
<opset="store_ln26/2 "/>
</bind>
</comp>

<comp id="744" class="1004" name="store_ln26_store_fu_744">
<pin_list>
<pin id="745" dir="0" index="0" bw="8" slack="0"/>
<pin id="746" dir="0" index="1" bw="8" slack="1"/>
<pin id="747" dir="1" index="2" bw="0" slack="2147483647"/>
</pin_list>
<bind>
<opcode="store(28) " fcode="store"/>
<opset="store_ln26/2 "/>
</bind>
</comp>

<comp id="749" class="1004" name="store_ln26_store_fu_749">
<pin_list>
<pin id="750" dir="0" index="0" bw="8" slack="0"/>
<pin id="751" dir="0" index="1" bw="8" slack="1"/>
<pin id="752" dir="1" index="2" bw="0" slack="2147483647"/>
</pin_list>
<bind>
<opcode="store(28) " fcode="store"/>
<opset="store_ln26/2 "/>
</bind>
</comp>

<comp id="754" class="1004" name="store_ln26_store_fu_754">
<pin_list>
<pin id="755" dir="0" index="0" bw="8" slack="0"/>
<pin id="756" dir="0" index="1" bw="8" slack="1"/>
<pin id="757" dir="1" index="2" bw="0" slack="2147483647"/>
</pin_list>
<bind>
<opcode="store(28) " fcode="store"/>
<opset="store_ln26/2 "/>
</bind>
</comp>

<comp id="759" class="1004" name="store_ln26_store_fu_759">
<pin_list>
<pin id="760" dir="0" index="0" bw="8" slack="0"/>
<pin id="761" dir="0" index="1" bw="8" slack="1"/>
<pin id="762" dir="1" index="2" bw="0" slack="2147483647"/>
</pin_list>
<bind>
<opcode="store(28) " fcode="store"/>
<opset="store_ln26/2 "/>
</bind>
</comp>

<comp id="764" class="1004" name="store_ln26_store_fu_764">
<pin_list>
<pin id="765" dir="0" index="0" bw="8" slack="0"/>
<pin id="766" dir="0" index="1" bw="8" slack="1"/>
<pin id="767" dir="1" index="2" bw="0" slack="2147483647"/>
</pin_list>
<bind>
<opcode="store(28) " fcode="store"/>
<opset="store_ln26/2 "/>
</bind>
</comp>

<comp id="769" class="1004" name="store_ln26_store_fu_769">
<pin_list>
<pin id="770" dir="0" index="0" bw="8" slack="0"/>
<pin id="771" dir="0" index="1" bw="8" slack="1"/>
<pin id="772" dir="1" index="2" bw="0" slack="2147483647"/>
</pin_list>
<bind>
<opcode="store(28) " fcode="store"/>
<opset="store_ln26/2 "/>
</bind>
</comp>

<comp id="774" class="1004" name="store_ln26_store_fu_774">
<pin_list>
<pin id="775" dir="0" index="0" bw="8" slack="0"/>
<pin id="776" dir="0" index="1" bw="8" slack="1"/>
<pin id="777" dir="1" index="2" bw="0" slack="2147483647"/>
</pin_list>
<bind>
<opcode="store(28) " fcode="store"/>
<opset="store_ln26/2 "/>
</bind>
</comp>

<comp id="779" class="1004" name="p_load63_load_fu_779">
<pin_list>
<pin id="780" dir="0" index="0" bw="8" slack="0"/>
<pin id="781" dir="1" index="1" bw="8" slack="0"/>
</pin_list>
<bind>
<opcode="load(27) " fcode="load"/>
<opset="p_load63/1 "/>
</bind>
</comp>

<comp id="783" class="1004" name="p_load62_load_fu_783">
<pin_list>
<pin id="784" dir="0" index="0" bw="8" slack="0"/>
<pin id="785" dir="1" index="1" bw="8" slack="0"/>
</pin_list>
<bind>
<opcode="load(27) " fcode="load"/>
<opset="p_load62/1 "/>
</bind>
</comp>

<comp id="787" class="1004" name="p_load61_load_fu_787">
<pin_list>
<pin id="788" dir="0" index="0" bw="8" slack="0"/>
<pin id="789" dir="1" index="1" bw="8" slack="0"/>
</pin_list>
<bind>
<opcode="load(27) " fcode="load"/>
<opset="p_load61/1 "/>
</bind>
</comp>

<comp id="791" class="1004" name="p_load60_load_fu_791">
<pin_list>
<pin id="792" dir="0" index="0" bw="8" slack="0"/>
<pin id="793" dir="1" index="1" bw="8" slack="0"/>
</pin_list>
<bind>
<opcode="load(27) " fcode="load"/>
<opset="p_load60/1 "/>
</bind>
</comp>

<comp id="795" class="1004" name="p_load59_load_fu_795">
<pin_list>
<pin id="796" dir="0" index="0" bw="8" slack="0"/>
<pin id="797" dir="1" index="1" bw="8" slack="0"/>
</pin_list>
<bind>
<opcode="load(27) " fcode="load"/>
<opset="p_load59/1 "/>
</bind>
</comp>

<comp id="799" class="1004" name="p_load58_load_fu_799">
<pin_list>
<pin id="800" dir="0" index="0" bw="8" slack="0"/>
<pin id="801" dir="1" index="1" bw="8" slack="0"/>
</pin_list>
<bind>
<opcode="load(27) " fcode="load"/>
<opset="p_load58/1 "/>
</bind>
</comp>

<comp id="803" class="1004" name="p_load57_load_fu_803">
<pin_list>
<pin id="804" dir="0" index="0" bw="8" slack="0"/>
<pin id="805" dir="1" index="1" bw="8" slack="0"/>
</pin_list>
<bind>
<opcode="load(27) " fcode="load"/>
<opset="p_load57/1 "/>
</bind>
</comp>

<comp id="807" class="1004" name="p_load56_load_fu_807">
<pin_list>
<pin id="808" dir="0" index="0" bw="8" slack="0"/>
<pin id="809" dir="1" index="1" bw="8" slack="0"/>
</pin_list>
<bind>
<opcode="load(27) " fcode="load"/>
<opset="p_load56/1 "/>
</bind>
</comp>

<comp id="811" class="1004" name="p_load55_load_fu_811">
<pin_list>
<pin id="812" dir="0" index="0" bw="8" slack="0"/>
<pin id="813" dir="1" index="1" bw="8" slack="0"/>
</pin_list>
<bind>
<opcode="load(27) " fcode="load"/>
<opset="p_load55/1 "/>
</bind>
</comp>

<comp id="815" class="1004" name="p_load54_load_fu_815">
<pin_list>
<pin id="816" dir="0" index="0" bw="8" slack="0"/>
<pin id="817" dir="1" index="1" bw="8" slack="0"/>
</pin_list>
<bind>
<opcode="load(27) " fcode="load"/>
<opset="p_load54/1 "/>
</bind>
</comp>

<comp id="819" class="1004" name="p_load53_load_fu_819">
<pin_list>
<pin id="820" dir="0" index="0" bw="8" slack="0"/>
<pin id="821" dir="1" index="1" bw="8" slack="0"/>
</pin_list>
<bind>
<opcode="load(27) " fcode="load"/>
<opset="p_load53/1 "/>
</bind>
</comp>

<comp id="823" class="1004" name="p_load52_load_fu_823">
<pin_list>
<pin id="824" dir="0" index="0" bw="8" slack="0"/>
<pin id="825" dir="1" index="1" bw="8" slack="0"/>
</pin_list>
<bind>
<opcode="load(27) " fcode="load"/>
<opset="p_load52/1 "/>
</bind>
</comp>

<comp id="827" class="1004" name="p_load51_load_fu_827">
<pin_list>
<pin id="828" dir="0" index="0" bw="8" slack="0"/>
<pin id="829" dir="1" index="1" bw="8" slack="0"/>
</pin_list>
<bind>
<opcode="load(27) " fcode="load"/>
<opset="p_load51/1 "/>
</bind>
</comp>

<comp id="831" class="1004" name="p_load50_load_fu_831">
<pin_list>
<pin id="832" dir="0" index="0" bw="8" slack="0"/>
<pin id="833" dir="1" index="1" bw="8" slack="0"/>
</pin_list>
<bind>
<opcode="load(27) " fcode="load"/>
<opset="p_load50/1 "/>
</bind>
</comp>

<comp id="835" class="1004" name="p_load49_load_fu_835">
<pin_list>
<pin id="836" dir="0" index="0" bw="8" slack="0"/>
<pin id="837" dir="1" index="1" bw="8" slack="0"/>
</pin_list>
<bind>
<opcode="load(27) " fcode="load"/>
<opset="p_load49/1 "/>
</bind>
</comp>

<comp id="839" class="1004" name="p_load48_load_fu_839">
<pin_list>
<pin id="840" dir="0" index="0" bw="8" slack="0"/>
<pin id="841" dir="1" index="1" bw="8" slack="0"/>
</pin_list>
<bind>
<opcode="load(27) " fcode="load"/>
<opset="p_load48/1 "/>
</bind>
</comp>

<comp id="843" class="1004" name="p_load47_load_fu_843">
<pin_list>
<pin id="844" dir="0" index="0" bw="8" slack="0"/>
<pin id="845" dir="1" index="1" bw="8" slack="0"/>
</pin_list>
<bind>
<opcode="load(27) " fcode="load"/>
<opset="p_load47/1 "/>
</bind>
</comp>

<comp id="847" class="1004" name="p_load46_load_fu_847">
<pin_list>
<pin id="848" dir="0" index="0" bw="8" slack="0"/>
<pin id="849" dir="1" index="1" bw="8" slack="0"/>
</pin_list>
<bind>
<opcode="load(27) " fcode="load"/>
<opset="p_load46/1 "/>
</bind>
</comp>

<comp id="851" class="1004" name="p_load45_load_fu_851">
<pin_list>
<pin id="852" dir="0" index="0" bw="8" slack="0"/>
<pin id="853" dir="1" index="1" bw="8" slack="0"/>
</pin_list>
<bind>
<opcode="load(27) " fcode="load"/>
<opset="p_load45/1 "/>
</bind>
</comp>

<comp id="855" class="1004" name="p_load44_load_fu_855">
<pin_list>
<pin id="856" dir="0" index="0" bw="8" slack="0"/>
<pin id="857" dir="1" index="1" bw="8" slack="0"/>
</pin_list>
<bind>
<opcode="load(27) " fcode="load"/>
<opset="p_load44/1 "/>
</bind>
</comp>

<comp id="859" class="1004" name="p_load43_load_fu_859">
<pin_list>
<pin id="860" dir="0" index="0" bw="8" slack="0"/>
<pin id="861" dir="1" index="1" bw="8" slack="0"/>
</pin_list>
<bind>
<opcode="load(27) " fcode="load"/>
<opset="p_load43/1 "/>
</bind>
</comp>

<comp id="863" class="1004" name="p_load42_load_fu_863">
<pin_list>
<pin id="864" dir="0" index="0" bw="8" slack="0"/>
<pin id="865" dir="1" index="1" bw="8" slack="0"/>
</pin_list>
<bind>
<opcode="load(27) " fcode="load"/>
<opset="p_load42/1 "/>
</bind>
</comp>

<comp id="867" class="1004" name="p_load41_load_fu_867">
<pin_list>
<pin id="868" dir="0" index="0" bw="8" slack="0"/>
<pin id="869" dir="1" index="1" bw="8" slack="0"/>
</pin_list>
<bind>
<opcode="load(27) " fcode="load"/>
<opset="p_load41/1 "/>
</bind>
</comp>

<comp id="871" class="1004" name="p_load40_load_fu_871">
<pin_list>
<pin id="872" dir="0" index="0" bw="8" slack="0"/>
<pin id="873" dir="1" index="1" bw="8" slack="0"/>
</pin_list>
<bind>
<opcode="load(27) " fcode="load"/>
<opset="p_load40/1 "/>
</bind>
</comp>

<comp id="875" class="1004" name="p_load39_load_fu_875">
<pin_list>
<pin id="876" dir="0" index="0" bw="8" slack="0"/>
<pin id="877" dir="1" index="1" bw="8" slack="0"/>
</pin_list>
<bind>
<opcode="load(27) " fcode="load"/>
<opset="p_load39/1 "/>
</bind>
</comp>

<comp id="879" class="1004" name="p_load38_load_fu_879">
<pin_list>
<pin id="880" dir="0" index="0" bw="8" slack="0"/>
<pin id="881" dir="1" index="1" bw="8" slack="0"/>
</pin_list>
<bind>
<opcode="load(27) " fcode="load"/>
<opset="p_load38/1 "/>
</bind>
</comp>

<comp id="883" class="1004" name="p_load37_load_fu_883">
<pin_list>
<pin id="884" dir="0" index="0" bw="8" slack="0"/>
<pin id="885" dir="1" index="1" bw="8" slack="0"/>
</pin_list>
<bind>
<opcode="load(27) " fcode="load"/>
<opset="p_load37/1 "/>
</bind>
</comp>

<comp id="887" class="1004" name="p_load36_load_fu_887">
<pin_list>
<pin id="888" dir="0" index="0" bw="8" slack="0"/>
<pin id="889" dir="1" index="1" bw="8" slack="0"/>
</pin_list>
<bind>
<opcode="load(27) " fcode="load"/>
<opset="p_load36/1 "/>
</bind>
</comp>

<comp id="891" class="1004" name="p_load35_load_fu_891">
<pin_list>
<pin id="892" dir="0" index="0" bw="8" slack="0"/>
<pin id="893" dir="1" index="1" bw="8" slack="0"/>
</pin_list>
<bind>
<opcode="load(27) " fcode="load"/>
<opset="p_load35/1 "/>
</bind>
</comp>

<comp id="895" class="1004" name="p_load34_load_fu_895">
<pin_list>
<pin id="896" dir="0" index="0" bw="8" slack="0"/>
<pin id="897" dir="1" index="1" bw="8" slack="0"/>
</pin_list>
<bind>
<opcode="load(27) " fcode="load"/>
<opset="p_load34/1 "/>
</bind>
</comp>

<comp id="899" class="1004" name="p_load33_load_fu_899">
<pin_list>
<pin id="900" dir="0" index="0" bw="8" slack="0"/>
<pin id="901" dir="1" index="1" bw="8" slack="0"/>
</pin_list>
<bind>
<opcode="load(27) " fcode="load"/>
<opset="p_load33/1 "/>
</bind>
</comp>

<comp id="903" class="1004" name="p_load_load_fu_903">
<pin_list>
<pin id="904" dir="0" index="0" bw="8" slack="0"/>
<pin id="905" dir="1" index="1" bw="8" slack="0"/>
</pin_list>
<bind>
<opcode="load(27) " fcode="load"/>
<opset="p_load/1 "/>
</bind>
</comp>

<comp id="907" class="1005" name="i_reg_907">
<pin_list>
<pin id="908" dir="0" index="0" bw="6" slack="0"/>
<pin id="909" dir="1" index="1" bw="6" slack="0"/>
</pin_list>
<bind>
<opset="i "/>
</bind>
</comp>

<comp id="914" class="1005" name="empty_reg_914">
<pin_list>
<pin id="915" dir="0" index="0" bw="8" slack="0"/>
<pin id="916" dir="1" index="1" bw="8" slack="0"/>
</pin_list>
<bind>
<opset="empty "/>
</bind>
</comp>

<comp id="920" class="1005" name="empty_45_reg_920">
<pin_list>
<pin id="921" dir="0" index="0" bw="8" slack="0"/>
<pin id="922" dir="1" index="1" bw="8" slack="0"/>
</pin_list>
<bind>
<opset="empty_45 "/>
</bind>
</comp>

<comp id="926" class="1005" name="empty_46_reg_926">
<pin_list>
<pin id="927" dir="0" index="0" bw="8" slack="0"/>
<pin id="928" dir="1" index="1" bw="8" slack="0"/>
</pin_list>
<bind>
<opset="empty_46 "/>
</bind>
</comp>

<comp id="932" class="1005" name="empty_47_reg_932">
<pin_list>
<pin id="933" dir="0" index="0" bw="8" slack="0"/>
<pin id="934" dir="1" index="1" bw="8" slack="0"/>
</pin_list>
<bind>
<opset="empty_47 "/>
</bind>
</comp>

<comp id="938" class="1005" name="empty_48_reg_938">
<pin_list>
<pin id="939" dir="0" index="0" bw="8" slack="0"/>
<pin id="940" dir="1" index="1" bw="8" slack="0"/>
</pin_list>
<bind>
<opset="empty_48 "/>
</bind>
</comp>

<comp id="944" class="1005" name="empty_49_reg_944">
<pin_list>
<pin id="945" dir="0" index="0" bw="8" slack="0"/>
<pin id="946" dir="1" index="1" bw="8" slack="0"/>
</pin_list>
<bind>
<opset="empty_49 "/>
</bind>
</comp>

<comp id="950" class="1005" name="empty_50_reg_950">
<pin_list>
<pin id="951" dir="0" index="0" bw="8" slack="0"/>
<pin id="952" dir="1" index="1" bw="8" slack="0"/>
</pin_list>
<bind>
<opset="empty_50 "/>
</bind>
</comp>

<comp id="956" class="1005" name="empty_51_reg_956">
<pin_list>
<pin id="957" dir="0" index="0" bw="8" slack="0"/>
<pin id="958" dir="1" index="1" bw="8" slack="0"/>
</pin_list>
<bind>
<opset="empty_51 "/>
</bind>
</comp>

<comp id="962" class="1005" name="empty_52_reg_962">
<pin_list>
<pin id="963" dir="0" index="0" bw="8" slack="0"/>
<pin id="964" dir="1" index="1" bw="8" slack="0"/>
</pin_list>
<bind>
<opset="empty_52 "/>
</bind>
</comp>

<comp id="968" class="1005" name="empty_53_reg_968">
<pin_list>
<pin id="969" dir="0" index="0" bw="8" slack="0"/>
<pin id="970" dir="1" index="1" bw="8" slack="0"/>
</pin_list>
<bind>
<opset="empty_53 "/>
</bind>
</comp>

<comp id="974" class="1005" name="empty_54_reg_974">
<pin_list>
<pin id="975" dir="0" index="0" bw="8" slack="0"/>
<pin id="976" dir="1" index="1" bw="8" slack="0"/>
</pin_list>
<bind>
<opset="empty_54 "/>
</bind>
</comp>

<comp id="980" class="1005" name="empty_55_reg_980">
<pin_list>
<pin id="981" dir="0" index="0" bw="8" slack="0"/>
<pin id="982" dir="1" index="1" bw="8" slack="0"/>
</pin_list>
<bind>
<opset="empty_55 "/>
</bind>
</comp>

<comp id="986" class="1005" name="empty_56_reg_986">
<pin_list>
<pin id="987" dir="0" index="0" bw="8" slack="0"/>
<pin id="988" dir="1" index="1" bw="8" slack="0"/>
</pin_list>
<bind>
<opset="empty_56 "/>
</bind>
</comp>

<comp id="992" class="1005" name="empty_57_reg_992">
<pin_list>
<pin id="993" dir="0" index="0" bw="8" slack="0"/>
<pin id="994" dir="1" index="1" bw="8" slack="0"/>
</pin_list>
<bind>
<opset="empty_57 "/>
</bind>
</comp>

<comp id="998" class="1005" name="empty_58_reg_998">
<pin_list>
<pin id="999" dir="0" index="0" bw="8" slack="0"/>
<pin id="1000" dir="1" index="1" bw="8" slack="0"/>
</pin_list>
<bind>
<opset="empty_58 "/>
</bind>
</comp>

<comp id="1004" class="1005" name="empty_59_reg_1004">
<pin_list>
<pin id="1005" dir="0" index="0" bw="8" slack="0"/>
<pin id="1006" dir="1" index="1" bw="8" slack="0"/>
</pin_list>
<bind>
<opset="empty_59 "/>
</bind>
</comp>

<comp id="1010" class="1005" name="empty_60_reg_1010">
<pin_list>
<pin id="1011" dir="0" index="0" bw="8" slack="0"/>
<pin id="1012" dir="1" index="1" bw="8" slack="0"/>
</pin_list>
<bind>
<opset="empty_60 "/>
</bind>
</comp>

<comp id="1016" class="1005" name="empty_61_reg_1016">
<pin_list>
<pin id="1017" dir="0" index="0" bw="8" slack="0"/>
<pin id="1018" dir="1" index="1" bw="8" slack="0"/>
</pin_list>
<bind>
<opset="empty_61 "/>
</bind>
</comp>

<comp id="1022" class="1005" name="empty_62_reg_1022">
<pin_list>
<pin id="1023" dir="0" index="0" bw="8" slack="0"/>
<pin id="1024" dir="1" index="1" bw="8" slack="0"/>
</pin_list>
<bind>
<opset="empty_62 "/>
</bind>
</comp>

<comp id="1028" class="1005" name="empty_63_reg_1028">
<pin_list>
<pin id="1029" dir="0" index="0" bw="8" slack="0"/>
<pin id="1030" dir="1" index="1" bw="8" slack="0"/>
</pin_list>
<bind>
<opset="empty_63 "/>
</bind>
</comp>

<comp id="1034" class="1005" name="empty_64_reg_1034">
<pin_list>
<pin id="1035" dir="0" index="0" bw="8" slack="0"/>
<pin id="1036" dir="1" index="1" bw="8" slack="0"/>
</pin_list>
<bind>
<opset="empty_64 "/>
</bind>
</comp>

<comp id="1040" class="1005" name="empty_65_reg_1040">
<pin_list>
<pin id="1041" dir="0" index="0" bw="8" slack="0"/>
<pin id="1042" dir="1" index="1" bw="8" slack="0"/>
</pin_list>
<bind>
<opset="empty_65 "/>
</bind>
</comp>

<comp id="1046" class="1005" name="empty_66_reg_1046">
<pin_list>
<pin id="1047" dir="0" index="0" bw="8" slack="0"/>
<pin id="1048" dir="1" index="1" bw="8" slack="0"/>
</pin_list>
<bind>
<opset="empty_66 "/>
</bind>
</comp>

<comp id="1052" class="1005" name="empty_67_reg_1052">
<pin_list>
<pin id="1053" dir="0" index="0" bw="8" slack="0"/>
<pin id="1054" dir="1" index="1" bw="8" slack="0"/>
</pin_list>
<bind>
<opset="empty_67 "/>
</bind>
</comp>

<comp id="1058" class="1005" name="empty_68_reg_1058">
<pin_list>
<pin id="1059" dir="0" index="0" bw="8" slack="0"/>
<pin id="1060" dir="1" index="1" bw="8" slack="0"/>
</pin_list>
<bind>
<opset="empty_68 "/>
</bind>
</comp>

<comp id="1064" class="1005" name="empty_69_reg_1064">
<pin_list>
<pin id="1065" dir="0" index="0" bw="8" slack="0"/>
<pin id="1066" dir="1" index="1" bw="8" slack="0"/>
</pin_list>
<bind>
<opset="empty_69 "/>
</bind>
</comp>

<comp id="1070" class="1005" name="empty_70_reg_1070">
<pin_list>
<pin id="1071" dir="0" index="0" bw="8" slack="0"/>
<pin id="1072" dir="1" index="1" bw="8" slack="0"/>
</pin_list>
<bind>
<opset="empty_70 "/>
</bind>
</comp>

<comp id="1076" class="1005" name="empty_71_reg_1076">
<pin_list>
<pin id="1077" dir="0" index="0" bw="8" slack="0"/>
<pin id="1078" dir="1" index="1" bw="8" slack="0"/>
</pin_list>
<bind>
<opset="empty_71 "/>
</bind>
</comp>

<comp id="1082" class="1005" name="empty_72_reg_1082">
<pin_list>
<pin id="1083" dir="0" index="0" bw="8" slack="0"/>
<pin id="1084" dir="1" index="1" bw="8" slack="0"/>
</pin_list>
<bind>
<opset="empty_72 "/>
</bind>
</comp>

<comp id="1088" class="1005" name="empty_73_reg_1088">
<pin_list>
<pin id="1089" dir="0" index="0" bw="8" slack="0"/>
<pin id="1090" dir="1" index="1" bw="8" slack="0"/>
</pin_list>
<bind>
<opset="empty_73 "/>
</bind>
</comp>

<comp id="1094" class="1005" name="empty_74_reg_1094">
<pin_list>
<pin id="1095" dir="0" index="0" bw="8" slack="0"/>
<pin id="1096" dir="1" index="1" bw="8" slack="0"/>
</pin_list>
<bind>
<opset="empty_74 "/>
</bind>
</comp>

<comp id="1100" class="1005" name="empty_75_reg_1100">
<pin_list>
<pin id="1101" dir="0" index="0" bw="8" slack="0"/>
<pin id="1102" dir="1" index="1" bw="8" slack="0"/>
</pin_list>
<bind>
<opset="empty_75 "/>
</bind>
</comp>

<comp id="1109" class="1005" name="trunc_ln25_reg_1109">
<pin_list>
<pin id="1110" dir="0" index="0" bw="5" slack="1"/>
<pin id="1111" dir="1" index="1" bw="5" slack="2147483647"/>
</pin_list>
<bind>
<opset="trunc_ln25 "/>
</bind>
</comp>

</comp_list>

<net_list>
<net id="165"><net_src comp="66" pin="0"/><net_sink comp="162" pin=0"/></net>

<net id="169"><net_src comp="66" pin="0"/><net_sink comp="166" pin=0"/></net>

<net id="173"><net_src comp="66" pin="0"/><net_sink comp="170" pin=0"/></net>

<net id="177"><net_src comp="66" pin="0"/><net_sink comp="174" pin=0"/></net>

<net id="181"><net_src comp="66" pin="0"/><net_sink comp="178" pin=0"/></net>

<net id="185"><net_src comp="66" pin="0"/><net_sink comp="182" pin=0"/></net>

<net id="189"><net_src comp="66" pin="0"/><net_sink comp="186" pin=0"/></net>

<net id="193"><net_src comp="66" pin="0"/><net_sink comp="190" pin=0"/></net>

<net id="197"><net_src comp="66" pin="0"/><net_sink comp="194" pin=0"/></net>

<net id="201"><net_src comp="66" pin="0"/><net_sink comp="198" pin=0"/></net>

<net id="205"><net_src comp="66" pin="0"/><net_sink comp="202" pin=0"/></net>

<net id="209"><net_src comp="66" pin="0"/><net_sink comp="206" pin=0"/></net>

<net id="213"><net_src comp="66" pin="0"/><net_sink comp="210" pin=0"/></net>

<net id="217"><net_src comp="66" pin="0"/><net_sink comp="214" pin=0"/></net>

<net id="221"><net_src comp="66" pin="0"/><net_sink comp="218" pin=0"/></net>

<net id="225"><net_src comp="66" pin="0"/><net_sink comp="222" pin=0"/></net>

<net id="229"><net_src comp="66" pin="0"/><net_sink comp="226" pin=0"/></net>

<net id="233"><net_src comp="66" pin="0"/><net_sink comp="230" pin=0"/></net>

<net id="237"><net_src comp="66" pin="0"/><net_sink comp="234" pin=0"/></net>

<net id="241"><net_src comp="66" pin="0"/><net_sink comp="238" pin=0"/></net>

<net id="245"><net_src comp="66" pin="0"/><net_sink comp="242" pin=0"/></net>

<net id="249"><net_src comp="66" pin="0"/><net_sink comp="246" pin=0"/></net>

<net id="253"><net_src comp="66" pin="0"/><net_sink comp="250" pin=0"/></net>

<net id="257"><net_src comp="66" pin="0"/><net_sink comp="254" pin=0"/></net>

<net id="261"><net_src comp="66" pin="0"/><net_sink comp="258" pin=0"/></net>

<net id="265"><net_src comp="66" pin="0"/><net_sink comp="262" pin=0"/></net>

<net id="269"><net_src comp="66" pin="0"/><net_sink comp="266" pin=0"/></net>

<net id="273"><net_src comp="66" pin="0"/><net_sink comp="270" pin=0"/></net>

<net id="277"><net_src comp="66" pin="0"/><net_sink comp="274" pin=0"/></net>

<net id="281"><net_src comp="66" pin="0"/><net_sink comp="278" pin=0"/></net>

<net id="285"><net_src comp="66" pin="0"/><net_sink comp="282" pin=0"/></net>

<net id="289"><net_src comp="66" pin="0"/><net_sink comp="286" pin=0"/></net>

<net id="293"><net_src comp="66" pin="0"/><net_sink comp="290" pin=0"/></net>

<net id="298"><net_src comp="158" pin="0"/><net_sink comp="294" pin=0"/></net>

<net id="299"><net_src comp="0" pin="0"/><net_sink comp="294" pin=1"/></net>

<net id="305"><net_src comp="160" pin="0"/><net_sink comp="300" pin=0"/></net>

<net id="306"><net_src comp="2" pin="0"/><net_sink comp="300" pin=1"/></net>

<net id="312"><net_src comp="160" pin="0"/><net_sink comp="307" pin=0"/></net>

<net id="313"><net_src comp="4" pin="0"/><net_sink comp="307" pin=1"/></net>

<net id="319"><net_src comp="160" pin="0"/><net_sink comp="314" pin=0"/></net>

<net id="320"><net_src comp="6" pin="0"/><net_sink comp="314" pin=1"/></net>

<net id="326"><net_src comp="160" pin="0"/><net_sink comp="321" pin=0"/></net>

<net id="327"><net_src comp="8" pin="0"/><net_sink comp="321" pin=1"/></net>

<net id="333"><net_src comp="160" pin="0"/><net_sink comp="328" pin=0"/></net>

<net id="334"><net_src comp="10" pin="0"/><net_sink comp="328" pin=1"/></net>

<net id="340"><net_src comp="160" pin="0"/><net_sink comp="335" pin=0"/></net>

<net id="341"><net_src comp="12" pin="0"/><net_sink comp="335" pin=1"/></net>

<net id="347"><net_src comp="160" pin="0"/><net_sink comp="342" pin=0"/></net>

<net id="348"><net_src comp="14" pin="0"/><net_sink comp="342" pin=1"/></net>

<net id="354"><net_src comp="160" pin="0"/><net_sink comp="349" pin=0"/></net>

<net id="355"><net_src comp="16" pin="0"/><net_sink comp="349" pin=1"/></net>

<net id="361"><net_src comp="160" pin="0"/><net_sink comp="356" pin=0"/></net>

<net id="362"><net_src comp="18" pin="0"/><net_sink comp="356" pin=1"/></net>

<net id="368"><net_src comp="160" pin="0"/><net_sink comp="363" pin=0"/></net>

<net id="369"><net_src comp="20" pin="0"/><net_sink comp="363" pin=1"/></net>

<net id="375"><net_src comp="160" pin="0"/><net_sink comp="370" pin=0"/></net>

<net id="376"><net_src comp="22" pin="0"/><net_sink comp="370" pin=1"/></net>

<net id="382"><net_src comp="160" pin="0"/><net_sink comp="377" pin=0"/></net>

<net id="383"><net_src comp="24" pin="0"/><net_sink comp="377" pin=1"/></net>

<net id="389"><net_src comp="160" pin="0"/><net_sink comp="384" pin=0"/></net>

<net id="390"><net_src comp="26" pin="0"/><net_sink comp="384" pin=1"/></net>

<net id="396"><net_src comp="160" pin="0"/><net_sink comp="391" pin=0"/></net>

<net id="397"><net_src comp="28" pin="0"/><net_sink comp="391" pin=1"/></net>

<net id="403"><net_src comp="160" pin="0"/><net_sink comp="398" pin=0"/></net>

<net id="404"><net_src comp="30" pin="0"/><net_sink comp="398" pin=1"/></net>

<net id="410"><net_src comp="160" pin="0"/><net_sink comp="405" pin=0"/></net>

<net id="411"><net_src comp="32" pin="0"/><net_sink comp="405" pin=1"/></net>

<net id="417"><net_src comp="160" pin="0"/><net_sink comp="412" pin=0"/></net>

<net id="418"><net_src comp="34" pin="0"/><net_sink comp="412" pin=1"/></net>

<net id="424"><net_src comp="160" pin="0"/><net_sink comp="419" pin=0"/></net>

<net id="425"><net_src comp="36" pin="0"/><net_sink comp="419" pin=1"/></net>

<net id="431"><net_src comp="160" pin="0"/><net_sink comp="426" pin=0"/></net>

<net id="432"><net_src comp="38" pin="0"/><net_sink comp="426" pin=1"/></net>

<net id="438"><net_src comp="160" pin="0"/><net_sink comp="433" pin=0"/></net>

<net id="439"><net_src comp="40" pin="0"/><net_sink comp="433" pin=1"/></net>

<net id="445"><net_src comp="160" pin="0"/><net_sink comp="440" pin=0"/></net>

<net id="446"><net_src comp="42" pin="0"/><net_sink comp="440" pin=1"/></net>

<net id="452"><net_src comp="160" pin="0"/><net_sink comp="447" pin=0"/></net>

<net id="453"><net_src comp="44" pin="0"/><net_sink comp="447" pin=1"/></net>

<net id="459"><net_src comp="160" pin="0"/><net_sink comp="454" pin=0"/></net>

<net id="460"><net_src comp="46" pin="0"/><net_sink comp="454" pin=1"/></net>

<net id="466"><net_src comp="160" pin="0"/><net_sink comp="461" pin=0"/></net>

<net id="467"><net_src comp="48" pin="0"/><net_sink comp="461" pin=1"/></net>

<net id="473"><net_src comp="160" pin="0"/><net_sink comp="468" pin=0"/></net>

<net id="474"><net_src comp="50" pin="0"/><net_sink comp="468" pin=1"/></net>

<net id="480"><net_src comp="160" pin="0"/><net_sink comp="475" pin=0"/></net>

<net id="481"><net_src comp="52" pin="0"/><net_sink comp="475" pin=1"/></net>

<net id="487"><net_src comp="160" pin="0"/><net_sink comp="482" pin=0"/></net>

<net id="488"><net_src comp="54" pin="0"/><net_sink comp="482" pin=1"/></net>

<net id="494"><net_src comp="160" pin="0"/><net_sink comp="489" pin=0"/></net>

<net id="495"><net_src comp="56" pin="0"/><net_sink comp="489" pin=1"/></net>

<net id="501"><net_src comp="160" pin="0"/><net_sink comp="496" pin=0"/></net>

<net id="502"><net_src comp="58" pin="0"/><net_sink comp="496" pin=1"/></net>

<net id="508"><net_src comp="160" pin="0"/><net_sink comp="503" pin=0"/></net>

<net id="509"><net_src comp="60" pin="0"/><net_sink comp="503" pin=1"/></net>

<net id="515"><net_src comp="160" pin="0"/><net_sink comp="510" pin=0"/></net>

<net id="516"><net_src comp="62" pin="0"/><net_sink comp="510" pin=1"/></net>

<net id="522"><net_src comp="160" pin="0"/><net_sink comp="517" pin=0"/></net>

<net id="523"><net_src comp="64" pin="0"/><net_sink comp="517" pin=1"/></net>

<net id="528"><net_src comp="80" pin="0"/><net_sink comp="524" pin=0"/></net>

<net id="536"><net_src comp="529" pin="1"/><net_sink comp="532" pin=0"/></net>

<net id="537"><net_src comp="82" pin="0"/><net_sink comp="532" pin=1"/></net>

<net id="542"><net_src comp="529" pin="1"/><net_sink comp="538" pin=0"/></net>

<net id="543"><net_src comp="84" pin="0"/><net_sink comp="538" pin=1"/></net>

<net id="547"><net_src comp="529" pin="1"/><net_sink comp="544" pin=0"/></net>

<net id="582"><net_src comp="544" pin="1"/><net_sink comp="548" pin=0"/></net>

<net id="583"><net_src comp="86" pin="0"/><net_sink comp="548" pin=1"/></net>

<net id="584"><net_src comp="88" pin="0"/><net_sink comp="548" pin=2"/></net>

<net id="585"><net_src comp="90" pin="0"/><net_sink comp="548" pin=3"/></net>

<net id="586"><net_src comp="92" pin="0"/><net_sink comp="548" pin=4"/></net>

<net id="587"><net_src comp="94" pin="0"/><net_sink comp="548" pin=5"/></net>

<net id="588"><net_src comp="96" pin="0"/><net_sink comp="548" pin=6"/></net>

<net id="589"><net_src comp="98" pin="0"/><net_sink comp="548" pin=7"/></net>

<net id="590"><net_src comp="100" pin="0"/><net_sink comp="548" pin=8"/></net>

<net id="591"><net_src comp="102" pin="0"/><net_sink comp="548" pin=9"/></net>

<net id="592"><net_src comp="104" pin="0"/><net_sink comp="548" pin=10"/></net>

<net id="593"><net_src comp="106" pin="0"/><net_sink comp="548" pin=11"/></net>

<net id="594"><net_src comp="108" pin="0"/><net_sink comp="548" pin=12"/></net>

<net id="595"><net_src comp="110" pin="0"/><net_sink comp="548" pin=13"/></net>

<net id="596"><net_src comp="112" pin="0"/><net_sink comp="548" pin=14"/></net>

<net id="597"><net_src comp="114" pin="0"/><net_sink comp="548" pin=15"/></net>

<net id="598"><net_src comp="116" pin="0"/><net_sink comp="548" pin=16"/></net>

<net id="599"><net_src comp="118" pin="0"/><net_sink comp="548" pin=17"/></net>

<net id="600"><net_src comp="120" pin="0"/><net_sink comp="548" pin=18"/></net>

<net id="601"><net_src comp="122" pin="0"/><net_sink comp="548" pin=19"/></net>

<net id="602"><net_src comp="124" pin="0"/><net_sink comp="548" pin=20"/></net>

<net id="603"><net_src comp="126" pin="0"/><net_sink comp="548" pin=21"/></net>

<net id="604"><net_src comp="128" pin="0"/><net_sink comp="548" pin=22"/></net>

<net id="605"><net_src comp="130" pin="0"/><net_sink comp="548" pin=23"/></net>

<net id="606"><net_src comp="132" pin="0"/><net_sink comp="548" pin=24"/></net>

<net id="607"><net_src comp="134" pin="0"/><net_sink comp="548" pin=25"/></net>

<net id="608"><net_src comp="136" pin="0"/><net_sink comp="548" pin=26"/></net>

<net id="609"><net_src comp="138" pin="0"/><net_sink comp="548" pin=27"/></net>

<net id="610"><net_src comp="140" pin="0"/><net_sink comp="548" pin=28"/></net>

<net id="611"><net_src comp="142" pin="0"/><net_sink comp="548" pin=29"/></net>

<net id="612"><net_src comp="144" pin="0"/><net_sink comp="548" pin=30"/></net>

<net id="613"><net_src comp="146" pin="0"/><net_sink comp="548" pin=31"/></net>

<net id="618"><net_src comp="538" pin="2"/><net_sink comp="614" pin=0"/></net>

<net id="623"><net_src comp="294" pin="2"/><net_sink comp="619" pin=0"/></net>

<net id="628"><net_src comp="294" pin="2"/><net_sink comp="624" pin=0"/></net>

<net id="633"><net_src comp="294" pin="2"/><net_sink comp="629" pin=0"/></net>

<net id="638"><net_src comp="294" pin="2"/><net_sink comp="634" pin=0"/></net>

<net id="643"><net_src comp="294" pin="2"/><net_sink comp="639" pin=0"/></net>

<net id="648"><net_src comp="294" pin="2"/><net_sink comp="644" pin=0"/></net>

<net id="653"><net_src comp="294" pin="2"/><net_sink comp="649" pin=0"/></net>

<net id="658"><net_src comp="294" pin="2"/><net_sink comp="654" pin=0"/></net>

<net id="663"><net_src comp="294" pin="2"/><net_sink comp="659" pin=0"/></net>

<net id="668"><net_src comp="294" pin="2"/><net_sink comp="664" pin=0"/></net>

<net id="673"><net_src comp="294" pin="2"/><net_sink comp="669" pin=0"/></net>

<net id="678"><net_src comp="294" pin="2"/><net_sink comp="674" pin=0"/></net>

<net id="683"><net_src comp="294" pin="2"/><net_sink comp="679" pin=0"/></net>

<net id="688"><net_src comp="294" pin="2"/><net_sink comp="684" pin=0"/></net>

<net id="693"><net_src comp="294" pin="2"/><net_sink comp="689" pin=0"/></net>

<net id="698"><net_src comp="294" pin="2"/><net_sink comp="694" pin=0"/></net>

<net id="703"><net_src comp="294" pin="2"/><net_sink comp="699" pin=0"/></net>

<net id="708"><net_src comp="294" pin="2"/><net_sink comp="704" pin=0"/></net>

<net id="713"><net_src comp="294" pin="2"/><net_sink comp="709" pin=0"/></net>

<net id="718"><net_src comp="294" pin="2"/><net_sink comp="714" pin=0"/></net>

<net id="723"><net_src comp="294" pin="2"/><net_sink comp="719" pin=0"/></net>

<net id="728"><net_src comp="294" pin="2"/><net_sink comp="724" pin=0"/></net>

<net id="733"><net_src comp="294" pin="2"/><net_sink comp="729" pin=0"/></net>

<net id="738"><net_src comp="294" pin="2"/><net_sink comp="734" pin=0"/></net>

<net id="743"><net_src comp="294" pin="2"/><net_sink comp="739" pin=0"/></net>

<net id="748"><net_src comp="294" pin="2"/><net_sink comp="744" pin=0"/></net>

<net id="753"><net_src comp="294" pin="2"/><net_sink comp="749" pin=0"/></net>

<net id="758"><net_src comp="294" pin="2"/><net_sink comp="754" pin=0"/></net>

<net id="763"><net_src comp="294" pin="2"/><net_sink comp="759" pin=0"/></net>

<net id="768"><net_src comp="294" pin="2"/><net_sink comp="764" pin=0"/></net>

<net id="773"><net_src comp="294" pin="2"/><net_sink comp="769" pin=0"/></net>

<net id="778"><net_src comp="294" pin="2"/><net_sink comp="774" pin=0"/></net>

<net id="782"><net_src comp="779" pin="1"/><net_sink comp="517" pin=2"/></net>

<net id="786"><net_src comp="783" pin="1"/><net_sink comp="510" pin=2"/></net>

<net id="790"><net_src comp="787" pin="1"/><net_sink comp="503" pin=2"/></net>

<net id="794"><net_src comp="791" pin="1"/><net_sink comp="496" pin=2"/></net>

<net id="798"><net_src comp="795" pin="1"/><net_sink comp="489" pin=2"/></net>

<net id="802"><net_src comp="799" pin="1"/><net_sink comp="482" pin=2"/></net>

<net id="806"><net_src comp="803" pin="1"/><net_sink comp="475" pin=2"/></net>

<net id="810"><net_src comp="807" pin="1"/><net_sink comp="468" pin=2"/></net>

<net id="814"><net_src comp="811" pin="1"/><net_sink comp="461" pin=2"/></net>

<net id="818"><net_src comp="815" pin="1"/><net_sink comp="454" pin=2"/></net>

<net id="822"><net_src comp="819" pin="1"/><net_sink comp="447" pin=2"/></net>

<net id="826"><net_src comp="823" pin="1"/><net_sink comp="440" pin=2"/></net>

<net id="830"><net_src comp="827" pin="1"/><net_sink comp="433" pin=2"/></net>

<net id="834"><net_src comp="831" pin="1"/><net_sink comp="426" pin=2"/></net>

<net id="838"><net_src comp="835" pin="1"/><net_sink comp="419" pin=2"/></net>

<net id="842"><net_src comp="839" pin="1"/><net_sink comp="412" pin=2"/></net>

<net id="846"><net_src comp="843" pin="1"/><net_sink comp="405" pin=2"/></net>

<net id="850"><net_src comp="847" pin="1"/><net_sink comp="398" pin=2"/></net>

<net id="854"><net_src comp="851" pin="1"/><net_sink comp="391" pin=2"/></net>

<net id="858"><net_src comp="855" pin="1"/><net_sink comp="384" pin=2"/></net>

<net id="862"><net_src comp="859" pin="1"/><net_sink comp="377" pin=2"/></net>

<net id="866"><net_src comp="863" pin="1"/><net_sink comp="370" pin=2"/></net>

<net id="870"><net_src comp="867" pin="1"/><net_sink comp="363" pin=2"/></net>

<net id="874"><net_src comp="871" pin="1"/><net_sink comp="356" pin=2"/></net>

<net id="878"><net_src comp="875" pin="1"/><net_sink comp="349" pin=2"/></net>

<net id="882"><net_src comp="879" pin="1"/><net_sink comp="342" pin=2"/></net>

<net id="886"><net_src comp="883" pin="1"/><net_sink comp="335" pin=2"/></net>

<net id="890"><net_src comp="887" pin="1"/><net_sink comp="328" pin=2"/></net>

<net id="894"><net_src comp="891" pin="1"/><net_sink comp="321" pin=2"/></net>

<net id="898"><net_src comp="895" pin="1"/><net_sink comp="314" pin=2"/></net>

<net id="902"><net_src comp="899" pin="1"/><net_sink comp="307" pin=2"/></net>

<net id="906"><net_src comp="903" pin="1"/><net_sink comp="300" pin=2"/></net>

<net id="910"><net_src comp="162" pin="1"/><net_sink comp="907" pin=0"/></net>

<net id="911"><net_src comp="907" pin="1"/><net_sink comp="524" pin=1"/></net>

<net id="912"><net_src comp="907" pin="1"/><net_sink comp="529" pin=0"/></net>

<net id="913"><net_src comp="907" pin="1"/><net_sink comp="614" pin=1"/></net>

<net id="917"><net_src comp="166" pin="1"/><net_sink comp="914" pin=0"/></net>

<net id="918"><net_src comp="914" pin="1"/><net_sink comp="769" pin=1"/></net>

<net id="919"><net_src comp="914" pin="1"/><net_sink comp="779" pin=0"/></net>

<net id="923"><net_src comp="170" pin="1"/><net_sink comp="920" pin=0"/></net>

<net id="924"><net_src comp="920" pin="1"/><net_sink comp="764" pin=1"/></net>

<net id="925"><net_src comp="920" pin="1"/><net_sink comp="783" pin=0"/></net>

<net id="929"><net_src comp="174" pin="1"/><net_sink comp="926" pin=0"/></net>

<net id="930"><net_src comp="926" pin="1"/><net_sink comp="759" pin=1"/></net>

<net id="931"><net_src comp="926" pin="1"/><net_sink comp="787" pin=0"/></net>

<net id="935"><net_src comp="178" pin="1"/><net_sink comp="932" pin=0"/></net>

<net id="936"><net_src comp="932" pin="1"/><net_sink comp="754" pin=1"/></net>

<net id="937"><net_src comp="932" pin="1"/><net_sink comp="791" pin=0"/></net>

<net id="941"><net_src comp="182" pin="1"/><net_sink comp="938" pin=0"/></net>

<net id="942"><net_src comp="938" pin="1"/><net_sink comp="749" pin=1"/></net>

<net id="943"><net_src comp="938" pin="1"/><net_sink comp="795" pin=0"/></net>

<net id="947"><net_src comp="186" pin="1"/><net_sink comp="944" pin=0"/></net>

<net id="948"><net_src comp="944" pin="1"/><net_sink comp="744" pin=1"/></net>

<net id="949"><net_src comp="944" pin="1"/><net_sink comp="799" pin=0"/></net>

<net id="953"><net_src comp="190" pin="1"/><net_sink comp="950" pin=0"/></net>

<net id="954"><net_src comp="950" pin="1"/><net_sink comp="739" pin=1"/></net>

<net id="955"><net_src comp="950" pin="1"/><net_sink comp="803" pin=0"/></net>

<net id="959"><net_src comp="194" pin="1"/><net_sink comp="956" pin=0"/></net>

<net id="960"><net_src comp="956" pin="1"/><net_sink comp="734" pin=1"/></net>

<net id="961"><net_src comp="956" pin="1"/><net_sink comp="807" pin=0"/></net>

<net id="965"><net_src comp="198" pin="1"/><net_sink comp="962" pin=0"/></net>

<net id="966"><net_src comp="962" pin="1"/><net_sink comp="729" pin=1"/></net>

<net id="967"><net_src comp="962" pin="1"/><net_sink comp="811" pin=0"/></net>

<net id="971"><net_src comp="202" pin="1"/><net_sink comp="968" pin=0"/></net>

<net id="972"><net_src comp="968" pin="1"/><net_sink comp="724" pin=1"/></net>

<net id="973"><net_src comp="968" pin="1"/><net_sink comp="815" pin=0"/></net>

<net id="977"><net_src comp="206" pin="1"/><net_sink comp="974" pin=0"/></net>

<net id="978"><net_src comp="974" pin="1"/><net_sink comp="719" pin=1"/></net>

<net id="979"><net_src comp="974" pin="1"/><net_sink comp="819" pin=0"/></net>

<net id="983"><net_src comp="210" pin="1"/><net_sink comp="980" pin=0"/></net>

<net id="984"><net_src comp="980" pin="1"/><net_sink comp="714" pin=1"/></net>

<net id="985"><net_src comp="980" pin="1"/><net_sink comp="823" pin=0"/></net>

<net id="989"><net_src comp="214" pin="1"/><net_sink comp="986" pin=0"/></net>

<net id="990"><net_src comp="986" pin="1"/><net_sink comp="709" pin=1"/></net>

<net id="991"><net_src comp="986" pin="1"/><net_sink comp="827" pin=0"/></net>

<net id="995"><net_src comp="218" pin="1"/><net_sink comp="992" pin=0"/></net>

<net id="996"><net_src comp="992" pin="1"/><net_sink comp="704" pin=1"/></net>

<net id="997"><net_src comp="992" pin="1"/><net_sink comp="831" pin=0"/></net>

<net id="1001"><net_src comp="222" pin="1"/><net_sink comp="998" pin=0"/></net>

<net id="1002"><net_src comp="998" pin="1"/><net_sink comp="699" pin=1"/></net>

<net id="1003"><net_src comp="998" pin="1"/><net_sink comp="835" pin=0"/></net>

<net id="1007"><net_src comp="226" pin="1"/><net_sink comp="1004" pin=0"/></net>

<net id="1008"><net_src comp="1004" pin="1"/><net_sink comp="694" pin=1"/></net>

<net id="1009"><net_src comp="1004" pin="1"/><net_sink comp="839" pin=0"/></net>

<net id="1013"><net_src comp="230" pin="1"/><net_sink comp="1010" pin=0"/></net>

<net id="1014"><net_src comp="1010" pin="1"/><net_sink comp="689" pin=1"/></net>

<net id="1015"><net_src comp="1010" pin="1"/><net_sink comp="843" pin=0"/></net>

<net id="1019"><net_src comp="234" pin="1"/><net_sink comp="1016" pin=0"/></net>

<net id="1020"><net_src comp="1016" pin="1"/><net_sink comp="684" pin=1"/></net>

<net id="1021"><net_src comp="1016" pin="1"/><net_sink comp="847" pin=0"/></net>

<net id="1025"><net_src comp="238" pin="1"/><net_sink comp="1022" pin=0"/></net>

<net id="1026"><net_src comp="1022" pin="1"/><net_sink comp="679" pin=1"/></net>

<net id="1027"><net_src comp="1022" pin="1"/><net_sink comp="851" pin=0"/></net>

<net id="1031"><net_src comp="242" pin="1"/><net_sink comp="1028" pin=0"/></net>

<net id="1032"><net_src comp="1028" pin="1"/><net_sink comp="674" pin=1"/></net>

<net id="1033"><net_src comp="1028" pin="1"/><net_sink comp="855" pin=0"/></net>

<net id="1037"><net_src comp="246" pin="1"/><net_sink comp="1034" pin=0"/></net>

<net id="1038"><net_src comp="1034" pin="1"/><net_sink comp="669" pin=1"/></net>

<net id="1039"><net_src comp="1034" pin="1"/><net_sink comp="859" pin=0"/></net>

<net id="1043"><net_src comp="250" pin="1"/><net_sink comp="1040" pin=0"/></net>

<net id="1044"><net_src comp="1040" pin="1"/><net_sink comp="664" pin=1"/></net>

<net id="1045"><net_src comp="1040" pin="1"/><net_sink comp="863" pin=0"/></net>

<net id="1049"><net_src comp="254" pin="1"/><net_sink comp="1046" pin=0"/></net>

<net id="1050"><net_src comp="1046" pin="1"/><net_sink comp="659" pin=1"/></net>

<net id="1051"><net_src comp="1046" pin="1"/><net_sink comp="867" pin=0"/></net>

<net id="1055"><net_src comp="258" pin="1"/><net_sink comp="1052" pin=0"/></net>

<net id="1056"><net_src comp="1052" pin="1"/><net_sink comp="654" pin=1"/></net>

<net id="1057"><net_src comp="1052" pin="1"/><net_sink comp="871" pin=0"/></net>

<net id="1061"><net_src comp="262" pin="1"/><net_sink comp="1058" pin=0"/></net>

<net id="1062"><net_src comp="1058" pin="1"/><net_sink comp="649" pin=1"/></net>

<net id="1063"><net_src comp="1058" pin="1"/><net_sink comp="875" pin=0"/></net>

<net id="1067"><net_src comp="266" pin="1"/><net_sink comp="1064" pin=0"/></net>

<net id="1068"><net_src comp="1064" pin="1"/><net_sink comp="644" pin=1"/></net>

<net id="1069"><net_src comp="1064" pin="1"/><net_sink comp="879" pin=0"/></net>

<net id="1073"><net_src comp="270" pin="1"/><net_sink comp="1070" pin=0"/></net>

<net id="1074"><net_src comp="1070" pin="1"/><net_sink comp="639" pin=1"/></net>

<net id="1075"><net_src comp="1070" pin="1"/><net_sink comp="883" pin=0"/></net>

<net id="1079"><net_src comp="274" pin="1"/><net_sink comp="1076" pin=0"/></net>

<net id="1080"><net_src comp="1076" pin="1"/><net_sink comp="634" pin=1"/></net>

<net id="1081"><net_src comp="1076" pin="1"/><net_sink comp="887" pin=0"/></net>

<net id="1085"><net_src comp="278" pin="1"/><net_sink comp="1082" pin=0"/></net>

<net id="1086"><net_src comp="1082" pin="1"/><net_sink comp="629" pin=1"/></net>

<net id="1087"><net_src comp="1082" pin="1"/><net_sink comp="891" pin=0"/></net>

<net id="1091"><net_src comp="282" pin="1"/><net_sink comp="1088" pin=0"/></net>

<net id="1092"><net_src comp="1088" pin="1"/><net_sink comp="624" pin=1"/></net>

<net id="1093"><net_src comp="1088" pin="1"/><net_sink comp="895" pin=0"/></net>

<net id="1097"><net_src comp="286" pin="1"/><net_sink comp="1094" pin=0"/></net>

<net id="1098"><net_src comp="1094" pin="1"/><net_sink comp="619" pin=1"/></net>

<net id="1099"><net_src comp="1094" pin="1"/><net_sink comp="899" pin=0"/></net>

<net id="1103"><net_src comp="290" pin="1"/><net_sink comp="1100" pin=0"/></net>

<net id="1104"><net_src comp="1100" pin="1"/><net_sink comp="774" pin=1"/></net>

<net id="1105"><net_src comp="1100" pin="1"/><net_sink comp="903" pin=0"/></net>

<net id="1112"><net_src comp="544" pin="1"/><net_sink comp="1109" pin=0"/></net>

</net_list>

</model> 
---------------- Datapath Model END ------------------

* FSMD analyzer results:
  - Output states:
	Port: in_stream | {}
	Port: p_out | {1 }
	Port: p_out1 | {1 }
	Port: p_out2 | {1 }
	Port: p_out3 | {1 }
	Port: p_out4 | {1 }
	Port: p_out5 | {1 }
	Port: p_out6 | {1 }
	Port: p_out7 | {1 }
	Port: p_out8 | {1 }
	Port: p_out9 | {1 }
	Port: p_out10 | {1 }
	Port: p_out11 | {1 }
	Port: p_out12 | {1 }
	Port: p_out13 | {1 }
	Port: p_out14 | {1 }
	Port: p_out15 | {1 }
	Port: p_out16 | {1 }
	Port: p_out17 | {1 }
	Port: p_out18 | {1 }
	Port: p_out19 | {1 }
	Port: p_out20 | {1 }
	Port: p_out21 | {1 }
	Port: p_out22 | {1 }
	Port: p_out23 | {1 }
	Port: p_out24 | {1 }
	Port: p_out25 | {1 }
	Port: p_out26 | {1 }
	Port: p_out27 | {1 }
	Port: p_out28 | {1 }
	Port: p_out29 | {1 }
	Port: p_out30 | {1 }
	Port: p_out31 | {1 }
 - Input state : 
	Port: dense_gemv_Pipeline_VITIS_LOOP_25_1 : in_stream | {2 }
  - Chain level:
	State 1
		store_ln25 : 1
		i_2 : 1
		icmp_ln25 : 2
		add_ln25 : 2
		br_ln25 : 3
		trunc_ln25 : 2
		switch_ln27 : 3
		store_ln25 : 3
		p_load63 : 1
		p_load62 : 1
		p_load61 : 1
		p_load60 : 1
		p_load59 : 1
		p_load58 : 1
		p_load57 : 1
		p_load56 : 1
		p_load55 : 1
		p_load54 : 1
		p_load53 : 1
		p_load52 : 1
		p_load51 : 1
		p_load50 : 1
		p_load49 : 1
		p_load48 : 1
		p_load47 : 1
		p_load46 : 1
		p_load45 : 1
		p_load44 : 1
		p_load43 : 1
		p_load42 : 1
		p_load41 : 1
		p_load40 : 1
		p_load39 : 1
		p_load38 : 1
		p_load37 : 1
		p_load36 : 1
		p_load35 : 1
		p_load34 : 1
		p_load33 : 1
		p_load : 1
		write_ln0 : 2
		write_ln0 : 2
		write_ln0 : 2
		write_ln0 : 2
		write_ln0 : 2
		write_ln0 : 2
		write_ln0 : 2
		write_ln0 : 2
		write_ln0 : 2
		write_ln0 : 2
		write_ln0 : 2
		write_ln0 : 2
		write_ln0 : 2
		write_ln0 : 2
		write_ln0 : 2
		write_ln0 : 2
		write_ln0 : 2
		write_ln0 : 2
		write_ln0 : 2
		write_ln0 : 2
		write_ln0 : 2
		write_ln0 : 2
		write_ln0 : 2
		write_ln0 : 2
		write_ln0 : 2
		write_ln0 : 2
		write_ln0 : 2
		write_ln0 : 2
		write_ln0 : 2
		write_ln0 : 2
		write_ln0 : 2
		write_ln0 : 2
	State 2


============================================================
+ Verbose Summary: Datapath Resource usage 
============================================================

* Functional unit list:
|----------|--------------------------|---------|---------|
| Operation|      Functional Unit     |    FF   |   LUT   |
|----------|--------------------------|---------|---------|
|   icmp   |     icmp_ln25_fu_532     |    0    |    14   |
|----------|--------------------------|---------|---------|
|    add   |      add_ln25_fu_538     |    0    |    14   |
|----------|--------------------------|---------|---------|
|   read   | input_buffer_read_fu_294 |    0    |    0    |
|----------|--------------------------|---------|---------|
|          |  write_ln0_write_fu_300  |    0    |    0    |
|          |  write_ln0_write_fu_307  |    0    |    0    |
|          |  write_ln0_write_fu_314  |    0    |    0    |
|          |  write_ln0_write_fu_321  |    0    |    0    |
|          |  write_ln0_write_fu_328  |    0    |    0    |
|          |  write_ln0_write_fu_335  |    0    |    0    |
|          |  write_ln0_write_fu_342  |    0    |    0    |
|          |  write_ln0_write_fu_349  |    0    |    0    |
|          |  write_ln0_write_fu_356  |    0    |    0    |
|          |  write_ln0_write_fu_363  |    0    |    0    |
|          |  write_ln0_write_fu_370  |    0    |    0    |
|          |  write_ln0_write_fu_377  |    0    |    0    |
|          |  write_ln0_write_fu_384  |    0    |    0    |
|          |  write_ln0_write_fu_391  |    0    |    0    |
|          |  write_ln0_write_fu_398  |    0    |    0    |
|   write  |  write_ln0_write_fu_405  |    0    |    0    |
|          |  write_ln0_write_fu_412  |    0    |    0    |
|          |  write_ln0_write_fu_419  |    0    |    0    |
|          |  write_ln0_write_fu_426  |    0    |    0    |
|          |  write_ln0_write_fu_433  |    0    |    0    |
|          |  write_ln0_write_fu_440  |    0    |    0    |
|          |  write_ln0_write_fu_447  |    0    |    0    |
|          |  write_ln0_write_fu_454  |    0    |    0    |
|          |  write_ln0_write_fu_461  |    0    |    0    |
|          |  write_ln0_write_fu_468  |    0    |    0    |
|          |  write_ln0_write_fu_475  |    0    |    0    |
|          |  write_ln0_write_fu_482  |    0    |    0    |
|          |  write_ln0_write_fu_489  |    0    |    0    |
|          |  write_ln0_write_fu_496  |    0    |    0    |
|          |  write_ln0_write_fu_503  |    0    |    0    |
|          |  write_ln0_write_fu_510  |    0    |    0    |
|          |  write_ln0_write_fu_517  |    0    |    0    |
|----------|--------------------------|---------|---------|
|   trunc  |     trunc_ln25_fu_544    |    0    |    0    |
|----------|--------------------------|---------|---------|
|  switch  |    switch_ln27_fu_548    |    0    |    0    |
|----------|--------------------------|---------|---------|
|   Total  |                          |    0    |    28   |
|----------|--------------------------|---------|---------|

Memories:
N/A

* Register list:
+-------------------+--------+
|                   |   FF   |
+-------------------+--------+
|  empty_45_reg_920 |    8   |
|  empty_46_reg_926 |    8   |
|  empty_47_reg_932 |    8   |
|  empty_48_reg_938 |    8   |
|  empty_49_reg_944 |    8   |
|  empty_50_reg_950 |    8   |
|  empty_51_reg_956 |    8   |
|  empty_52_reg_962 |    8   |
|  empty_53_reg_968 |    8   |
|  empty_54_reg_974 |    8   |
|  empty_55_reg_980 |    8   |
|  empty_56_reg_986 |    8   |
|  empty_57_reg_992 |    8   |
|  empty_58_reg_998 |    8   |
| empty_59_reg_1004 |    8   |
| empty_60_reg_1010 |    8   |
| empty_61_reg_1016 |    8   |
| empty_62_reg_1022 |    8   |
| empty_63_reg_1028 |    8   |
| empty_64_reg_1034 |    8   |
| empty_65_reg_1040 |    8   |
| empty_66_reg_1046 |    8   |
| empty_67_reg_1052 |    8   |
| empty_68_reg_1058 |    8   |
| empty_69_reg_1064 |    8   |
| empty_70_reg_1070 |    8   |
| empty_71_reg_1076 |    8   |
| empty_72_reg_1082 |    8   |
| empty_73_reg_1088 |    8   |
| empty_74_reg_1094 |    8   |
| empty_75_reg_1100 |    8   |
|   empty_reg_914   |    8   |
|     i_reg_907     |    6   |
|trunc_ln25_reg_1109|    5   |
+-------------------+--------+
|       Total       |   267  |
+-------------------+--------+

* Multiplexer (MUX) list: 
|--------|------|------|------|--------|
|  Comp  |  Pin | Size |  BW  | S x BW |
|--------|------|------|------|--------|
|  Total |      |      |      |    0   |
|--------|------|------|------|--------|



* Summary:
+-----------+--------+--------+
|           |   FF   |   LUT  |
+-----------+--------+--------+
|  Function |    0   |   28   |
|   Memory  |    -   |    -   |
|Multiplexer|    -   |    -   |
|  Register |   267  |    -   |
+-----------+--------+--------+
|   Total   |   267  |   28   |
+-----------+--------+--------+
