

================================================================
== Vitis HLS Report for 'dense_gemv_Pipeline_VITIS_LOOP_30_2'
================================================================
* Date:           Mon Aug  3 20:40:56 2026

* Version:        2025.2 (Build 6295257 on Nov 12 2025)
* Project:        dense_gemv
* Solution:       hls (Vivado IP Flow Target)
* Product family: artix7
* Target device:  xc7a12t-cpg238-1


================================================================
== Performance Estimates
================================================================
+ Timing: 
    * Summary: 
    +--------+----------+----------+------------+
    |  Clock |  Target  | Estimated| Uncertainty|
    +--------+----------+----------+------------+
    |ap_clk  |  10.00 ns|  7.207 ns|     2.70 ns|
    +--------+----------+----------+------------+

+ Latency: 
    * Summary: 
    +---------+---------+----------+----------+-----+-----+-------------------+
    |  Latency (cycles) |  Latency (absolute) |  Interval |      Pipeline     |
    |   min   |   max   |    min   |    max   | min | max |        Type       |
    +---------+---------+----------+----------+-----+-----+-------------------+
    |        ?|        ?|         ?|         ?|    0|    0|  loop pipeline stp|
    +---------+---------+----------+----------+-----+-----+-------------------+

    + Detail: 
        * Instance: 
        N/A

        * Loop: 
        +-------------------+---------+---------+----------+-----------+-----------+------+----------+
        |                   |  Latency (cycles) | Iteration|  Initiation Interval  | Trip |          |
        |     Loop Name     |   min   |   max   |  Latency |  achieved |   target  | Count| Pipelined|
        +-------------------+---------+---------+----------+-----------+-----------+------+----------+
        |- VITIS_LOOP_30_2  |        ?|        ?|         7|          1|          1|     ?|       yes|
        +-------------------+---------+---------+----------+-----------+-----------+------+----------+

============================================================
+ Verbose Summary: Synthesis Manager
============================================================
InlineROM: 1
ExposeGlobal: 0
============================================================
+ Verbose Summary: CDFG Model
============================================================
IsTopModel: 0
ResetActiveHigh: 1
IsCombinational: 0
IsDatapathOnly: 0
HasWiredReturn: 1
HasMFsm: 2
HasVarLatency: 1
IsPipeline: 0
IsRtlPipelined: 0
IsInstanceOverlapped: 0
IsDontTouch: 0
HasImplIP: 0
IsGatedGlobalClock: 0

+ Individual pipeline summary: 
  * Pipeline-0: initiation interval (II) = 1, depth = 7


============================================================
+ Verbose Summary: Schedule
============================================================
* Number of FSM states : 7
* Pipeline : 1
  Pipeline-0 : II = 1, D = 7, States = { 1 2 3 4 5 6 7 }
* Dataflow Pipeline: 0

* FSM state transitions: 
1 --> 2 
2 --> 3 
3 --> 4 
4 --> 5 
5 --> 6 
6 --> 7 
7 --> 

* FSM state operations: 

State 1 <SV = 0> <Delay = 5.92>
ST_1 : Operation 10 [1/1] (0.00ns)   --->   "%i = alloca i32 1" [../hls/dense_gemv.cpp:30]   --->   Operation 10 'alloca' 'i' <Predicate = true> <Delay = 0.00>
ST_1 : Operation 11 [1/1] (0.00ns)   --->   "%sext_ln36_1_read = read i8 @_ssdm_op_Read.ap_auto.i8, i8 %sext_ln36_1"   --->   Operation 11 'read' 'sext_ln36_1_read' <Predicate = true> <Delay = 0.00>
ST_1 : Operation 12 [1/1] (0.00ns)   --->   "%sext_ln36_read = read i8 @_ssdm_op_Read.ap_auto.i8, i8 %sext_ln36"   --->   Operation 12 'read' 'sext_ln36_read' <Predicate = true> <Delay = 0.00>
ST_1 : Operation 13 [1/1] (0.00ns)   --->   "%sext_ln36_2_read = read i8 @_ssdm_op_Read.ap_auto.i8, i8 %sext_ln36_2"   --->   Operation 13 'read' 'sext_ln36_2_read' <Predicate = true> <Delay = 0.00>
ST_1 : Operation 14 [1/1] (0.00ns)   --->   "%sext_ln36_3_read = read i8 @_ssdm_op_Read.ap_auto.i8, i8 %sext_ln36_3"   --->   Operation 14 'read' 'sext_ln36_3_read' <Predicate = true> <Delay = 0.00>
ST_1 : Operation 15 [1/1] (0.00ns)   --->   "%sext_ln36_4_read = read i8 @_ssdm_op_Read.ap_auto.i8, i8 %sext_ln36_4"   --->   Operation 15 'read' 'sext_ln36_4_read' <Predicate = true> <Delay = 0.00>
ST_1 : Operation 16 [1/1] (0.00ns)   --->   "%sext_ln36_5_read = read i8 @_ssdm_op_Read.ap_auto.i8, i8 %sext_ln36_5"   --->   Operation 16 'read' 'sext_ln36_5_read' <Predicate = true> <Delay = 0.00>
ST_1 : Operation 17 [1/1] (0.00ns)   --->   "%sext_ln36_6_read = read i8 @_ssdm_op_Read.ap_auto.i8, i8 %sext_ln36_6"   --->   Operation 17 'read' 'sext_ln36_6_read' <Predicate = true> <Delay = 0.00>
ST_1 : Operation 18 [1/1] (0.00ns)   --->   "%sext_ln36_7_read = read i8 @_ssdm_op_Read.ap_auto.i8, i8 %sext_ln36_7"   --->   Operation 18 'read' 'sext_ln36_7_read' <Predicate = true> <Delay = 0.00>
ST_1 : Operation 19 [1/1] (0.00ns)   --->   "%sext_ln36_8_read = read i8 @_ssdm_op_Read.ap_auto.i8, i8 %sext_ln36_8"   --->   Operation 19 'read' 'sext_ln36_8_read' <Predicate = true> <Delay = 0.00>
ST_1 : Operation 20 [1/1] (0.00ns)   --->   "%sext_ln36_9_read = read i8 @_ssdm_op_Read.ap_auto.i8, i8 %sext_ln36_9"   --->   Operation 20 'read' 'sext_ln36_9_read' <Predicate = true> <Delay = 0.00>
ST_1 : Operation 21 [1/1] (0.00ns)   --->   "%sext_ln36_10_read = read i8 @_ssdm_op_Read.ap_auto.i8, i8 %sext_ln36_10"   --->   Operation 21 'read' 'sext_ln36_10_read' <Predicate = true> <Delay = 0.00>
ST_1 : Operation 22 [1/1] (0.00ns)   --->   "%sext_ln36_11_read = read i8 @_ssdm_op_Read.ap_auto.i8, i8 %sext_ln36_11"   --->   Operation 22 'read' 'sext_ln36_11_read' <Predicate = true> <Delay = 0.00>
ST_1 : Operation 23 [1/1] (0.00ns)   --->   "%sext_ln36_12_read = read i8 @_ssdm_op_Read.ap_auto.i8, i8 %sext_ln36_12"   --->   Operation 23 'read' 'sext_ln36_12_read' <Predicate = true> <Delay = 0.00>
ST_1 : Operation 24 [1/1] (0.00ns)   --->   "%sext_ln36_13_read = read i8 @_ssdm_op_Read.ap_auto.i8, i8 %sext_ln36_13"   --->   Operation 24 'read' 'sext_ln36_13_read' <Predicate = true> <Delay = 0.00>
ST_1 : Operation 25 [1/1] (0.00ns)   --->   "%sext_ln36_14_read = read i8 @_ssdm_op_Read.ap_auto.i8, i8 %sext_ln36_14"   --->   Operation 25 'read' 'sext_ln36_14_read' <Predicate = true> <Delay = 0.00>
ST_1 : Operation 26 [1/1] (0.00ns)   --->   "%sext_ln36_15_read = read i8 @_ssdm_op_Read.ap_auto.i8, i8 %sext_ln36_15"   --->   Operation 26 'read' 'sext_ln36_15_read' <Predicate = true> <Delay = 0.00>
ST_1 : Operation 27 [1/1] (0.00ns)   --->   "%sext_ln36_16_read = read i8 @_ssdm_op_Read.ap_auto.i8, i8 %sext_ln36_16"   --->   Operation 27 'read' 'sext_ln36_16_read' <Predicate = true> <Delay = 0.00>
ST_1 : Operation 28 [1/1] (0.00ns)   --->   "%sext_ln36_17_read = read i8 @_ssdm_op_Read.ap_auto.i8, i8 %sext_ln36_17"   --->   Operation 28 'read' 'sext_ln36_17_read' <Predicate = true> <Delay = 0.00>
ST_1 : Operation 29 [1/1] (0.00ns)   --->   "%sext_ln36_18_read = read i8 @_ssdm_op_Read.ap_auto.i8, i8 %sext_ln36_18"   --->   Operation 29 'read' 'sext_ln36_18_read' <Predicate = true> <Delay = 0.00>
ST_1 : Operation 30 [1/1] (0.00ns)   --->   "%sext_ln36_19_read = read i8 @_ssdm_op_Read.ap_auto.i8, i8 %sext_ln36_19"   --->   Operation 30 'read' 'sext_ln36_19_read' <Predicate = true> <Delay = 0.00>
ST_1 : Operation 31 [1/1] (0.00ns)   --->   "%sext_ln36_20_read = read i8 @_ssdm_op_Read.ap_auto.i8, i8 %sext_ln36_20"   --->   Operation 31 'read' 'sext_ln36_20_read' <Predicate = true> <Delay = 0.00>
ST_1 : Operation 32 [1/1] (0.00ns)   --->   "%sext_ln36_21_read = read i8 @_ssdm_op_Read.ap_auto.i8, i8 %sext_ln36_21"   --->   Operation 32 'read' 'sext_ln36_21_read' <Predicate = true> <Delay = 0.00>
ST_1 : Operation 33 [1/1] (0.00ns)   --->   "%sext_ln36_22_read = read i8 @_ssdm_op_Read.ap_auto.i8, i8 %sext_ln36_22"   --->   Operation 33 'read' 'sext_ln36_22_read' <Predicate = true> <Delay = 0.00>
ST_1 : Operation 34 [1/1] (0.00ns)   --->   "%sext_ln36_23_read = read i8 @_ssdm_op_Read.ap_auto.i8, i8 %sext_ln36_23"   --->   Operation 34 'read' 'sext_ln36_23_read' <Predicate = true> <Delay = 0.00>
ST_1 : Operation 35 [1/1] (0.00ns)   --->   "%sext_ln36_24_read = read i8 @_ssdm_op_Read.ap_auto.i8, i8 %sext_ln36_24"   --->   Operation 35 'read' 'sext_ln36_24_read' <Predicate = true> <Delay = 0.00>
ST_1 : Operation 36 [1/1] (0.00ns)   --->   "%sext_ln36_25_read = read i8 @_ssdm_op_Read.ap_auto.i8, i8 %sext_ln36_25"   --->   Operation 36 'read' 'sext_ln36_25_read' <Predicate = true> <Delay = 0.00>
ST_1 : Operation 37 [1/1] (0.00ns)   --->   "%sext_ln36_26_read = read i8 @_ssdm_op_Read.ap_auto.i8, i8 %sext_ln36_26"   --->   Operation 37 'read' 'sext_ln36_26_read' <Predicate = true> <Delay = 0.00>
ST_1 : Operation 38 [1/1] (0.00ns)   --->   "%sext_ln36_27_read = read i8 @_ssdm_op_Read.ap_auto.i8, i8 %sext_ln36_27"   --->   Operation 38 'read' 'sext_ln36_27_read' <Predicate = true> <Delay = 0.00>
ST_1 : Operation 39 [1/1] (0.00ns)   --->   "%sext_ln36_28_read = read i8 @_ssdm_op_Read.ap_auto.i8, i8 %sext_ln36_28"   --->   Operation 39 'read' 'sext_ln36_28_read' <Predicate = true> <Delay = 0.00>
ST_1 : Operation 40 [1/1] (0.00ns)   --->   "%sext_ln36_29_read = read i8 @_ssdm_op_Read.ap_auto.i8, i8 %sext_ln36_29"   --->   Operation 40 'read' 'sext_ln36_29_read' <Predicate = true> <Delay = 0.00>
ST_1 : Operation 41 [1/1] (0.00ns)   --->   "%sext_ln36_30_read = read i8 @_ssdm_op_Read.ap_auto.i8, i8 %sext_ln36_30"   --->   Operation 41 'read' 'sext_ln36_30_read' <Predicate = true> <Delay = 0.00>
ST_1 : Operation 42 [1/1] (0.00ns)   --->   "%sext_ln36_31_read = read i8 @_ssdm_op_Read.ap_auto.i8, i8 %sext_ln36_31"   --->   Operation 42 'read' 'sext_ln36_31_read' <Predicate = true> <Delay = 0.00>
ST_1 : Operation 43 [1/1] (0.00ns)   --->   "%num_rows_read = read i32 @_ssdm_op_Read.ap_auto.i32, i32 %num_rows"   --->   Operation 43 'read' 'num_rows_read' <Predicate = true> <Delay = 0.00>
ST_1 : Operation 44 [1/1] (0.00ns)   --->   "%sext_ln36_1_cast = sext i8 %sext_ln36_1_read"   --->   Operation 44 'sext' 'sext_ln36_1_cast' <Predicate = true> <Delay = 0.00>
ST_1 : Operation 45 [1/1] (0.00ns)   --->   "%sext_ln36_cast = sext i8 %sext_ln36_read"   --->   Operation 45 'sext' 'sext_ln36_cast' <Predicate = true> <Delay = 0.00>
ST_1 : Operation 46 [1/1] (0.00ns)   --->   "%sext_ln36_2_cast = sext i8 %sext_ln36_2_read"   --->   Operation 46 'sext' 'sext_ln36_2_cast' <Predicate = true> <Delay = 0.00>
ST_1 : Operation 47 [1/1] (0.00ns)   --->   "%sext_ln36_3_cast = sext i8 %sext_ln36_3_read"   --->   Operation 47 'sext' 'sext_ln36_3_cast' <Predicate = true> <Delay = 0.00>
ST_1 : Operation 48 [1/1] (0.00ns)   --->   "%sext_ln36_4_cast = sext i8 %sext_ln36_4_read"   --->   Operation 48 'sext' 'sext_ln36_4_cast' <Predicate = true> <Delay = 0.00>
ST_1 : Operation 49 [1/1] (0.00ns)   --->   "%sext_ln36_5_cast = sext i8 %sext_ln36_5_read"   --->   Operation 49 'sext' 'sext_ln36_5_cast' <Predicate = true> <Delay = 0.00>
ST_1 : Operation 50 [1/1] (0.00ns)   --->   "%sext_ln36_6_cast = sext i8 %sext_ln36_6_read"   --->   Operation 50 'sext' 'sext_ln36_6_cast' <Predicate = true> <Delay = 0.00>
ST_1 : Operation 51 [1/1] (0.00ns)   --->   "%sext_ln36_7_cast = sext i8 %sext_ln36_7_read"   --->   Operation 51 'sext' 'sext_ln36_7_cast' <Predicate = true> <Delay = 0.00>
ST_1 : Operation 52 [1/1] (0.00ns)   --->   "%sext_ln36_8_cast = sext i8 %sext_ln36_8_read"   --->   Operation 52 'sext' 'sext_ln36_8_cast' <Predicate = true> <Delay = 0.00>
ST_1 : Operation 53 [1/1] (0.00ns)   --->   "%sext_ln36_9_cast = sext i8 %sext_ln36_9_read"   --->   Operation 53 'sext' 'sext_ln36_9_cast' <Predicate = true> <Delay = 0.00>
ST_1 : Operation 54 [1/1] (0.00ns)   --->   "%sext_ln36_10_cast = sext i8 %sext_ln36_10_read"   --->   Operation 54 'sext' 'sext_ln36_10_cast' <Predicate = true> <Delay = 0.00>
ST_1 : Operation 55 [1/1] (0.00ns)   --->   "%sext_ln36_11_cast = sext i8 %sext_ln36_11_read"   --->   Operation 55 'sext' 'sext_ln36_11_cast' <Predicate = true> <Delay = 0.00>
ST_1 : Operation 56 [1/1] (0.00ns)   --->   "%sext_ln36_12_cast = sext i8 %sext_ln36_12_read"   --->   Operation 56 'sext' 'sext_ln36_12_cast' <Predicate = true> <Delay = 0.00>
ST_1 : Operation 57 [1/1] (0.00ns)   --->   "%sext_ln36_13_cast = sext i8 %sext_ln36_13_read"   --->   Operation 57 'sext' 'sext_ln36_13_cast' <Predicate = true> <Delay = 0.00>
ST_1 : Operation 58 [1/1] (0.00ns)   --->   "%sext_ln36_14_cast = sext i8 %sext_ln36_14_read"   --->   Operation 58 'sext' 'sext_ln36_14_cast' <Predicate = true> <Delay = 0.00>
ST_1 : Operation 59 [1/1] (0.00ns)   --->   "%sext_ln36_15_cast = sext i8 %sext_ln36_15_read"   --->   Operation 59 'sext' 'sext_ln36_15_cast' <Predicate = true> <Delay = 0.00>
ST_1 : Operation 60 [1/1] (0.00ns)   --->   "%sext_ln36_16_cast = sext i8 %sext_ln36_16_read"   --->   Operation 60 'sext' 'sext_ln36_16_cast' <Predicate = true> <Delay = 0.00>
ST_1 : Operation 61 [1/1] (0.00ns)   --->   "%sext_ln36_17_cast = sext i8 %sext_ln36_17_read"   --->   Operation 61 'sext' 'sext_ln36_17_cast' <Predicate = true> <Delay = 0.00>
ST_1 : Operation 62 [1/1] (0.00ns)   --->   "%sext_ln36_18_cast = sext i8 %sext_ln36_18_read"   --->   Operation 62 'sext' 'sext_ln36_18_cast' <Predicate = true> <Delay = 0.00>
ST_1 : Operation 63 [1/1] (0.00ns)   --->   "%sext_ln36_19_cast = sext i8 %sext_ln36_19_read"   --->   Operation 63 'sext' 'sext_ln36_19_cast' <Predicate = true> <Delay = 0.00>
ST_1 : Operation 64 [1/1] (0.00ns)   --->   "%sext_ln36_20_cast = sext i8 %sext_ln36_20_read"   --->   Operation 64 'sext' 'sext_ln36_20_cast' <Predicate = true> <Delay = 0.00>
ST_1 : Operation 65 [1/1] (0.00ns)   --->   "%sext_ln36_21_cast = sext i8 %sext_ln36_21_read"   --->   Operation 65 'sext' 'sext_ln36_21_cast' <Predicate = true> <Delay = 0.00>
ST_1 : Operation 66 [1/1] (0.00ns)   --->   "%sext_ln36_22_cast = sext i8 %sext_ln36_22_read"   --->   Operation 66 'sext' 'sext_ln36_22_cast' <Predicate = true> <Delay = 0.00>
ST_1 : Operation 67 [1/1] (0.00ns)   --->   "%sext_ln36_23_cast = sext i8 %sext_ln36_23_read"   --->   Operation 67 'sext' 'sext_ln36_23_cast' <Predicate = true> <Delay = 0.00>
ST_1 : Operation 68 [1/1] (0.00ns)   --->   "%sext_ln36_24_cast = sext i8 %sext_ln36_24_read"   --->   Operation 68 'sext' 'sext_ln36_24_cast' <Predicate = true> <Delay = 0.00>
ST_1 : Operation 69 [1/1] (0.00ns)   --->   "%sext_ln36_25_cast = sext i8 %sext_ln36_25_read"   --->   Operation 69 'sext' 'sext_ln36_25_cast' <Predicate = true> <Delay = 0.00>
ST_1 : Operation 70 [1/1] (0.00ns)   --->   "%sext_ln36_26_cast = sext i8 %sext_ln36_26_read"   --->   Operation 70 'sext' 'sext_ln36_26_cast' <Predicate = true> <Delay = 0.00>
ST_1 : Operation 71 [1/1] (0.00ns)   --->   "%sext_ln36_27_cast = sext i8 %sext_ln36_27_read"   --->   Operation 71 'sext' 'sext_ln36_27_cast' <Predicate = true> <Delay = 0.00>
ST_1 : Operation 72 [1/1] (0.00ns)   --->   "%sext_ln36_28_cast = sext i8 %sext_ln36_28_read"   --->   Operation 72 'sext' 'sext_ln36_28_cast' <Predicate = true> <Delay = 0.00>
ST_1 : Operation 73 [1/1] (0.00ns)   --->   "%sext_ln36_29_cast = sext i8 %sext_ln36_29_read"   --->   Operation 73 'sext' 'sext_ln36_29_cast' <Predicate = true> <Delay = 0.00>
ST_1 : Operation 74 [1/1] (0.00ns)   --->   "%sext_ln36_30_cast = sext i8 %sext_ln36_30_read"   --->   Operation 74 'sext' 'sext_ln36_30_cast' <Predicate = true> <Delay = 0.00>
ST_1 : Operation 75 [1/1] (0.00ns)   --->   "%sext_ln36_31_cast = sext i8 %sext_ln36_31_read"   --->   Operation 75 'sext' 'sext_ln36_31_cast' <Predicate = true> <Delay = 0.00>
ST_1 : Operation 76 [1/1] (0.00ns)   --->   "%specmemcore_ln0 = specmemcore void @_ssdm_op_SpecMemCore, i32 %weights_31, i64 666, i64 207, i64 1, i1 0"   --->   Operation 76 'specmemcore' 'specmemcore_ln0' <Predicate = true> <Delay = 0.00>
ST_1 : Operation 77 [1/1] (0.00ns)   --->   "%specmemcore_ln0 = specmemcore void @_ssdm_op_SpecMemCore, i32 %weights_30, i64 666, i64 207, i64 1, i1 0"   --->   Operation 77 'specmemcore' 'specmemcore_ln0' <Predicate = true> <Delay = 0.00>
ST_1 : Operation 78 [1/1] (0.00ns)   --->   "%specmemcore_ln0 = specmemcore void @_ssdm_op_SpecMemCore, i32 %weights_29, i64 666, i64 207, i64 1, i1 0"   --->   Operation 78 'specmemcore' 'specmemcore_ln0' <Predicate = true> <Delay = 0.00>
ST_1 : Operation 79 [1/1] (0.00ns)   --->   "%specmemcore_ln0 = specmemcore void @_ssdm_op_SpecMemCore, i32 %weights_28, i64 666, i64 207, i64 1, i1 0"   --->   Operation 79 'specmemcore' 'specmemcore_ln0' <Predicate = true> <Delay = 0.00>
ST_1 : Operation 80 [1/1] (0.00ns)   --->   "%specmemcore_ln0 = specmemcore void @_ssdm_op_SpecMemCore, i32 %weights_27, i64 666, i64 207, i64 1, i1 0"   --->   Operation 80 'specmemcore' 'specmemcore_ln0' <Predicate = true> <Delay = 0.00>
ST_1 : Operation 81 [1/1] (0.00ns)   --->   "%specmemcore_ln0 = specmemcore void @_ssdm_op_SpecMemCore, i32 %weights_26, i64 666, i64 207, i64 1, i1 0"   --->   Operation 81 'specmemcore' 'specmemcore_ln0' <Predicate = true> <Delay = 0.00>
ST_1 : Operation 82 [1/1] (0.00ns)   --->   "%specmemcore_ln0 = specmemcore void @_ssdm_op_SpecMemCore, i32 %weights_25, i64 666, i64 207, i64 1, i1 0"   --->   Operation 82 'specmemcore' 'specmemcore_ln0' <Predicate = true> <Delay = 0.00>
ST_1 : Operation 83 [1/1] (0.00ns)   --->   "%specmemcore_ln0 = specmemcore void @_ssdm_op_SpecMemCore, i32 %weights_24, i64 666, i64 207, i64 1, i1 0"   --->   Operation 83 'specmemcore' 'specmemcore_ln0' <Predicate = true> <Delay = 0.00>
ST_1 : Operation 84 [1/1] (0.00ns)   --->   "%specmemcore_ln0 = specmemcore void @_ssdm_op_SpecMemCore, i32 %weights_23, i64 666, i64 207, i64 1, i1 0"   --->   Operation 84 'specmemcore' 'specmemcore_ln0' <Predicate = true> <Delay = 0.00>
ST_1 : Operation 85 [1/1] (0.00ns)   --->   "%specmemcore_ln0 = specmemcore void @_ssdm_op_SpecMemCore, i32 %weights_22, i64 666, i64 207, i64 1, i1 0"   --->   Operation 85 'specmemcore' 'specmemcore_ln0' <Predicate = true> <Delay = 0.00>
ST_1 : Operation 86 [1/1] (0.00ns)   --->   "%specmemcore_ln0 = specmemcore void @_ssdm_op_SpecMemCore, i32 %weights_21, i64 666, i64 207, i64 1, i1 0"   --->   Operation 86 'specmemcore' 'specmemcore_ln0' <Predicate = true> <Delay = 0.00>
ST_1 : Operation 87 [1/1] (0.00ns)   --->   "%specmemcore_ln0 = specmemcore void @_ssdm_op_SpecMemCore, i32 %weights_20, i64 666, i64 207, i64 1, i1 0"   --->   Operation 87 'specmemcore' 'specmemcore_ln0' <Predicate = true> <Delay = 0.00>
ST_1 : Operation 88 [1/1] (0.00ns)   --->   "%specmemcore_ln0 = specmemcore void @_ssdm_op_SpecMemCore, i32 %weights_19, i64 666, i64 207, i64 1, i1 0"   --->   Operation 88 'specmemcore' 'specmemcore_ln0' <Predicate = true> <Delay = 0.00>
ST_1 : Operation 89 [1/1] (0.00ns)   --->   "%specmemcore_ln0 = specmemcore void @_ssdm_op_SpecMemCore, i32 %weights_18, i64 666, i64 207, i64 1, i1 0"   --->   Operation 89 'specmemcore' 'specmemcore_ln0' <Predicate = true> <Delay = 0.00>
ST_1 : Operation 90 [1/1] (0.00ns)   --->   "%specmemcore_ln0 = specmemcore void @_ssdm_op_SpecMemCore, i32 %weights_17, i64 666, i64 207, i64 1, i1 0"   --->   Operation 90 'specmemcore' 'specmemcore_ln0' <Predicate = true> <Delay = 0.00>
ST_1 : Operation 91 [1/1] (0.00ns)   --->   "%specmemcore_ln0 = specmemcore void @_ssdm_op_SpecMemCore, i32 %weights_16, i64 666, i64 207, i64 1, i1 0"   --->   Operation 91 'specmemcore' 'specmemcore_ln0' <Predicate = true> <Delay = 0.00>
ST_1 : Operation 92 [1/1] (0.00ns)   --->   "%specmemcore_ln0 = specmemcore void @_ssdm_op_SpecMemCore, i32 %weights_15, i64 666, i64 207, i64 1, i1 0"   --->   Operation 92 'specmemcore' 'specmemcore_ln0' <Predicate = true> <Delay = 0.00>
ST_1 : Operation 93 [1/1] (0.00ns)   --->   "%specmemcore_ln0 = specmemcore void @_ssdm_op_SpecMemCore, i32 %weights_14, i64 666, i64 207, i64 1, i1 0"   --->   Operation 93 'specmemcore' 'specmemcore_ln0' <Predicate = true> <Delay = 0.00>
ST_1 : Operation 94 [1/1] (0.00ns)   --->   "%specmemcore_ln0 = specmemcore void @_ssdm_op_SpecMemCore, i32 %weights_13, i64 666, i64 207, i64 1, i1 0"   --->   Operation 94 'specmemcore' 'specmemcore_ln0' <Predicate = true> <Delay = 0.00>
ST_1 : Operation 95 [1/1] (0.00ns)   --->   "%specmemcore_ln0 = specmemcore void @_ssdm_op_SpecMemCore, i32 %weights_12, i64 666, i64 207, i64 1, i1 0"   --->   Operation 95 'specmemcore' 'specmemcore_ln0' <Predicate = true> <Delay = 0.00>
ST_1 : Operation 96 [1/1] (0.00ns)   --->   "%specmemcore_ln0 = specmemcore void @_ssdm_op_SpecMemCore, i32 %weights_11, i64 666, i64 207, i64 1, i1 0"   --->   Operation 96 'specmemcore' 'specmemcore_ln0' <Predicate = true> <Delay = 0.00>
ST_1 : Operation 97 [1/1] (0.00ns)   --->   "%specmemcore_ln0 = specmemcore void @_ssdm_op_SpecMemCore, i32 %weights_10, i64 666, i64 207, i64 1, i1 0"   --->   Operation 97 'specmemcore' 'specmemcore_ln0' <Predicate = true> <Delay = 0.00>
ST_1 : Operation 98 [1/1] (0.00ns)   --->   "%specmemcore_ln0 = specmemcore void @_ssdm_op_SpecMemCore, i32 %weights_9, i64 666, i64 207, i64 1, i1 0"   --->   Operation 98 'specmemcore' 'specmemcore_ln0' <Predicate = true> <Delay = 0.00>
ST_1 : Operation 99 [1/1] (0.00ns)   --->   "%specmemcore_ln0 = specmemcore void @_ssdm_op_SpecMemCore, i32 %weights_8, i64 666, i64 207, i64 1, i1 0"   --->   Operation 99 'specmemcore' 'specmemcore_ln0' <Predicate = true> <Delay = 0.00>
ST_1 : Operation 100 [1/1] (0.00ns)   --->   "%specmemcore_ln0 = specmemcore void @_ssdm_op_SpecMemCore, i32 %weights_7, i64 666, i64 207, i64 1, i1 0"   --->   Operation 100 'specmemcore' 'specmemcore_ln0' <Predicate = true> <Delay = 0.00>
ST_1 : Operation 101 [1/1] (0.00ns)   --->   "%specmemcore_ln0 = specmemcore void @_ssdm_op_SpecMemCore, i32 %weights_6, i64 666, i64 207, i64 1, i1 0"   --->   Operation 101 'specmemcore' 'specmemcore_ln0' <Predicate = true> <Delay = 0.00>
ST_1 : Operation 102 [1/1] (0.00ns)   --->   "%specmemcore_ln0 = specmemcore void @_ssdm_op_SpecMemCore, i32 %weights_5, i64 666, i64 207, i64 1, i1 0"   --->   Operation 102 'specmemcore' 'specmemcore_ln0' <Predicate = true> <Delay = 0.00>
ST_1 : Operation 103 [1/1] (0.00ns)   --->   "%specmemcore_ln0 = specmemcore void @_ssdm_op_SpecMemCore, i32 %weights_4, i64 666, i64 207, i64 1, i1 0"   --->   Operation 103 'specmemcore' 'specmemcore_ln0' <Predicate = true> <Delay = 0.00>
ST_1 : Operation 104 [1/1] (0.00ns)   --->   "%specmemcore_ln0 = specmemcore void @_ssdm_op_SpecMemCore, i32 %weights_3, i64 666, i64 207, i64 1, i1 0"   --->   Operation 104 'specmemcore' 'specmemcore_ln0' <Predicate = true> <Delay = 0.00>
ST_1 : Operation 105 [1/1] (0.00ns)   --->   "%specmemcore_ln0 = specmemcore void @_ssdm_op_SpecMemCore, i32 %weights_2, i64 666, i64 207, i64 1, i1 0"   --->   Operation 105 'specmemcore' 'specmemcore_ln0' <Predicate = true> <Delay = 0.00>
ST_1 : Operation 106 [1/1] (0.00ns)   --->   "%specmemcore_ln0 = specmemcore void @_ssdm_op_SpecMemCore, i32 %weights_1, i64 666, i64 207, i64 1, i1 0"   --->   Operation 106 'specmemcore' 'specmemcore_ln0' <Predicate = true> <Delay = 0.00>
ST_1 : Operation 107 [1/1] (0.00ns)   --->   "%specmemcore_ln0 = specmemcore void @_ssdm_op_SpecMemCore, i32 %weights_0, i64 666, i64 207, i64 1, i1 0"   --->   Operation 107 'specmemcore' 'specmemcore_ln0' <Predicate = true> <Delay = 0.00>
ST_1 : Operation 108 [1/1] (0.00ns)   --->   "%specinterface_ln0 = specinterface void @_ssdm_op_SpecInterface, i32 %out_stream, void @empty_31, i32 0, i32 0, void @empty_40, i32 0, i32 0, void @empty, void @empty, void @empty, i32 0, i32 0, i32 0, i32 0, void @empty, void @empty, i32 4294967295, i32 0, i32 0, i32 0"   --->   Operation 108 'specinterface' 'specinterface_ln0' <Predicate = true> <Delay = 0.00>
ST_1 : Operation 109 [1/1] (0.00ns)   --->   "%specinterface_ln0 = specinterface void @_ssdm_op_SpecInterface, i32 %weights_31, void @empty_3, i32 0, i32 0, void @empty, i32 1, i32 0, void @empty, void @empty, void @empty, i32 0, i32 0, i32 0, i32 0, void @empty, void @empty, i32 4294967295, i32 0, i32 0, i32 0"   --->   Operation 109 'specinterface' 'specinterface_ln0' <Predicate = true> <Delay = 0.00>
ST_1 : Operation 110 [1/1] (0.00ns)   --->   "%specinterface_ln0 = specinterface void @_ssdm_op_SpecInterface, i32 %weights_30, void @empty_3, i32 0, i32 0, void @empty, i32 1, i32 0, void @empty, void @empty, void @empty, i32 0, i32 0, i32 0, i32 0, void @empty, void @empty, i32 4294967295, i32 0, i32 0, i32 0"   --->   Operation 110 'specinterface' 'specinterface_ln0' <Predicate = true> <Delay = 0.00>
ST_1 : Operation 111 [1/1] (0.00ns)   --->   "%specinterface_ln0 = specinterface void @_ssdm_op_SpecInterface, i32 %weights_29, void @empty_3, i32 0, i32 0, void @empty, i32 1, i32 0, void @empty, void @empty, void @empty, i32 0, i32 0, i32 0, i32 0, void @empty, void @empty, i32 4294967295, i32 0, i32 0, i32 0"   --->   Operation 111 'specinterface' 'specinterface_ln0' <Predicate = true> <Delay = 0.00>
ST_1 : Operation 112 [1/1] (0.00ns)   --->   "%specinterface_ln0 = specinterface void @_ssdm_op_SpecInterface, i32 %weights_28, void @empty_3, i32 0, i32 0, void @empty, i32 1, i32 0, void @empty, void @empty, void @empty, i32 0, i32 0, i32 0, i32 0, void @empty, void @empty, i32 4294967295, i32 0, i32 0, i32 0"   --->   Operation 112 'specinterface' 'specinterface_ln0' <Predicate = true> <Delay = 0.00>
ST_1 : Operation 113 [1/1] (0.00ns)   --->   "%specinterface_ln0 = specinterface void @_ssdm_op_SpecInterface, i32 %weights_27, void @empty_3, i32 0, i32 0, void @empty, i32 1, i32 0, void @empty, void @empty, void @empty, i32 0, i32 0, i32 0, i32 0, void @empty, void @empty, i32 4294967295, i32 0, i32 0, i32 0"   --->   Operation 113 'specinterface' 'specinterface_ln0' <Predicate = true> <Delay = 0.00>
ST_1 : Operation 114 [1/1] (0.00ns)   --->   "%specinterface_ln0 = specinterface void @_ssdm_op_SpecInterface, i32 %weights_26, void @empty_3, i32 0, i32 0, void @empty, i32 1, i32 0, void @empty, void @empty, void @empty, i32 0, i32 0, i32 0, i32 0, void @empty, void @empty, i32 4294967295, i32 0, i32 0, i32 0"   --->   Operation 114 'specinterface' 'specinterface_ln0' <Predicate = true> <Delay = 0.00>
ST_1 : Operation 115 [1/1] (0.00ns)   --->   "%specinterface_ln0 = specinterface void @_ssdm_op_SpecInterface, i32 %weights_25, void @empty_3, i32 0, i32 0, void @empty, i32 1, i32 0, void @empty, void @empty, void @empty, i32 0, i32 0, i32 0, i32 0, void @empty, void @empty, i32 4294967295, i32 0, i32 0, i32 0"   --->   Operation 115 'specinterface' 'specinterface_ln0' <Predicate = true> <Delay = 0.00>
ST_1 : Operation 116 [1/1] (0.00ns)   --->   "%specinterface_ln0 = specinterface void @_ssdm_op_SpecInterface, i32 %weights_24, void @empty_3, i32 0, i32 0, void @empty, i32 1, i32 0, void @empty, void @empty, void @empty, i32 0, i32 0, i32 0, i32 0, void @empty, void @empty, i32 4294967295, i32 0, i32 0, i32 0"   --->   Operation 116 'specinterface' 'specinterface_ln0' <Predicate = true> <Delay = 0.00>
ST_1 : Operation 117 [1/1] (0.00ns)   --->   "%specinterface_ln0 = specinterface void @_ssdm_op_SpecInterface, i32 %weights_23, void @empty_3, i32 0, i32 0, void @empty, i32 1, i32 0, void @empty, void @empty, void @empty, i32 0, i32 0, i32 0, i32 0, void @empty, void @empty, i32 4294967295, i32 0, i32 0, i32 0"   --->   Operation 117 'specinterface' 'specinterface_ln0' <Predicate = true> <Delay = 0.00>
ST_1 : Operation 118 [1/1] (0.00ns)   --->   "%specinterface_ln0 = specinterface void @_ssdm_op_SpecInterface, i32 %weights_22, void @empty_3, i32 0, i32 0, void @empty, i32 1, i32 0, void @empty, void @empty, void @empty, i32 0, i32 0, i32 0, i32 0, void @empty, void @empty, i32 4294967295, i32 0, i32 0, i32 0"   --->   Operation 118 'specinterface' 'specinterface_ln0' <Predicate = true> <Delay = 0.00>
ST_1 : Operation 119 [1/1] (0.00ns)   --->   "%specinterface_ln0 = specinterface void @_ssdm_op_SpecInterface, i32 %weights_21, void @empty_3, i32 0, i32 0, void @empty, i32 1, i32 0, void @empty, void @empty, void @empty, i32 0, i32 0, i32 0, i32 0, void @empty, void @empty, i32 4294967295, i32 0, i32 0, i32 0"   --->   Operation 119 'specinterface' 'specinterface_ln0' <Predicate = true> <Delay = 0.00>
ST_1 : Operation 120 [1/1] (0.00ns)   --->   "%specinterface_ln0 = specinterface void @_ssdm_op_SpecInterface, i32 %weights_20, void @empty_3, i32 0, i32 0, void @empty, i32 1, i32 0, void @empty, void @empty, void @empty, i32 0, i32 0, i32 0, i32 0, void @empty, void @empty, i32 4294967295, i32 0, i32 0, i32 0"   --->   Operation 120 'specinterface' 'specinterface_ln0' <Predicate = true> <Delay = 0.00>
ST_1 : Operation 121 [1/1] (0.00ns)   --->   "%specinterface_ln0 = specinterface void @_ssdm_op_SpecInterface, i32 %weights_19, void @empty_3, i32 0, i32 0, void @empty, i32 1, i32 0, void @empty, void @empty, void @empty, i32 0, i32 0, i32 0, i32 0, void @empty, void @empty, i32 4294967295, i32 0, i32 0, i32 0"   --->   Operation 121 'specinterface' 'specinterface_ln0' <Predicate = true> <Delay = 0.00>
ST_1 : Operation 122 [1/1] (0.00ns)   --->   "%specinterface_ln0 = specinterface void @_ssdm_op_SpecInterface, i32 %weights_18, void @empty_3, i32 0, i32 0, void @empty, i32 1, i32 0, void @empty, void @empty, void @empty, i32 0, i32 0, i32 0, i32 0, void @empty, void @empty, i32 4294967295, i32 0, i32 0, i32 0"   --->   Operation 122 'specinterface' 'specinterface_ln0' <Predicate = true> <Delay = 0.00>
ST_1 : Operation 123 [1/1] (0.00ns)   --->   "%specinterface_ln0 = specinterface void @_ssdm_op_SpecInterface, i32 %weights_17, void @empty_3, i32 0, i32 0, void @empty, i32 1, i32 0, void @empty, void @empty, void @empty, i32 0, i32 0, i32 0, i32 0, void @empty, void @empty, i32 4294967295, i32 0, i32 0, i32 0"   --->   Operation 123 'specinterface' 'specinterface_ln0' <Predicate = true> <Delay = 0.00>
ST_1 : Operation 124 [1/1] (0.00ns)   --->   "%specinterface_ln0 = specinterface void @_ssdm_op_SpecInterface, i32 %weights_16, void @empty_3, i32 0, i32 0, void @empty, i32 1, i32 0, void @empty, void @empty, void @empty, i32 0, i32 0, i32 0, i32 0, void @empty, void @empty, i32 4294967295, i32 0, i32 0, i32 0"   --->   Operation 124 'specinterface' 'specinterface_ln0' <Predicate = true> <Delay = 0.00>
ST_1 : Operation 125 [1/1] (0.00ns)   --->   "%specinterface_ln0 = specinterface void @_ssdm_op_SpecInterface, i32 %weights_15, void @empty_3, i32 0, i32 0, void @empty, i32 1, i32 0, void @empty, void @empty, void @empty, i32 0, i32 0, i32 0, i32 0, void @empty, void @empty, i32 4294967295, i32 0, i32 0, i32 0"   --->   Operation 125 'specinterface' 'specinterface_ln0' <Predicate = true> <Delay = 0.00>
ST_1 : Operation 126 [1/1] (0.00ns)   --->   "%specinterface_ln0 = specinterface void @_ssdm_op_SpecInterface, i32 %weights_14, void @empty_3, i32 0, i32 0, void @empty, i32 1, i32 0, void @empty, void @empty, void @empty, i32 0, i32 0, i32 0, i32 0, void @empty, void @empty, i32 4294967295, i32 0, i32 0, i32 0"   --->   Operation 126 'specinterface' 'specinterface_ln0' <Predicate = true> <Delay = 0.00>
ST_1 : Operation 127 [1/1] (0.00ns)   --->   "%specinterface_ln0 = specinterface void @_ssdm_op_SpecInterface, i32 %weights_13, void @empty_3, i32 0, i32 0, void @empty, i32 1, i32 0, void @empty, void @empty, void @empty, i32 0, i32 0, i32 0, i32 0, void @empty, void @empty, i32 4294967295, i32 0, i32 0, i32 0"   --->   Operation 127 'specinterface' 'specinterface_ln0' <Predicate = true> <Delay = 0.00>
ST_1 : Operation 128 [1/1] (0.00ns)   --->   "%specinterface_ln0 = specinterface void @_ssdm_op_SpecInterface, i32 %weights_12, void @empty_3, i32 0, i32 0, void @empty, i32 1, i32 0, void @empty, void @empty, void @empty, i32 0, i32 0, i32 0, i32 0, void @empty, void @empty, i32 4294967295, i32 0, i32 0, i32 0"   --->   Operation 128 'specinterface' 'specinterface_ln0' <Predicate = true> <Delay = 0.00>
ST_1 : Operation 129 [1/1] (0.00ns)   --->   "%specinterface_ln0 = specinterface void @_ssdm_op_SpecInterface, i32 %weights_11, void @empty_3, i32 0, i32 0, void @empty, i32 1, i32 0, void @empty, void @empty, void @empty, i32 0, i32 0, i32 0, i32 0, void @empty, void @empty, i32 4294967295, i32 0, i32 0, i32 0"   --->   Operation 129 'specinterface' 'specinterface_ln0' <Predicate = true> <Delay = 0.00>
ST_1 : Operation 130 [1/1] (0.00ns)   --->   "%specinterface_ln0 = specinterface void @_ssdm_op_SpecInterface, i32 %weights_10, void @empty_3, i32 0, i32 0, void @empty, i32 1, i32 0, void @empty, void @empty, void @empty, i32 0, i32 0, i32 0, i32 0, void @empty, void @empty, i32 4294967295, i32 0, i32 0, i32 0"   --->   Operation 130 'specinterface' 'specinterface_ln0' <Predicate = true> <Delay = 0.00>
ST_1 : Operation 131 [1/1] (0.00ns)   --->   "%specinterface_ln0 = specinterface void @_ssdm_op_SpecInterface, i32 %weights_9, void @empty_3, i32 0, i32 0, void @empty, i32 1, i32 0, void @empty, void @empty, void @empty, i32 0, i32 0, i32 0, i32 0, void @empty, void @empty, i32 4294967295, i32 0, i32 0, i32 0"   --->   Operation 131 'specinterface' 'specinterface_ln0' <Predicate = true> <Delay = 0.00>
ST_1 : Operation 132 [1/1] (0.00ns)   --->   "%specinterface_ln0 = specinterface void @_ssdm_op_SpecInterface, i32 %weights_8, void @empty_3, i32 0, i32 0, void @empty, i32 1, i32 0, void @empty, void @empty, void @empty, i32 0, i32 0, i32 0, i32 0, void @empty, void @empty, i32 4294967295, i32 0, i32 0, i32 0"   --->   Operation 132 'specinterface' 'specinterface_ln0' <Predicate = true> <Delay = 0.00>
ST_1 : Operation 133 [1/1] (0.00ns)   --->   "%specinterface_ln0 = specinterface void @_ssdm_op_SpecInterface, i32 %weights_7, void @empty_3, i32 0, i32 0, void @empty, i32 1, i32 0, void @empty, void @empty, void @empty, i32 0, i32 0, i32 0, i32 0, void @empty, void @empty, i32 4294967295, i32 0, i32 0, i32 0"   --->   Operation 133 'specinterface' 'specinterface_ln0' <Predicate = true> <Delay = 0.00>
ST_1 : Operation 134 [1/1] (0.00ns)   --->   "%specinterface_ln0 = specinterface void @_ssdm_op_SpecInterface, i32 %weights_6, void @empty_3, i32 0, i32 0, void @empty, i32 1, i32 0, void @empty, void @empty, void @empty, i32 0, i32 0, i32 0, i32 0, void @empty, void @empty, i32 4294967295, i32 0, i32 0, i32 0"   --->   Operation 134 'specinterface' 'specinterface_ln0' <Predicate = true> <Delay = 0.00>
ST_1 : Operation 135 [1/1] (0.00ns)   --->   "%specinterface_ln0 = specinterface void @_ssdm_op_SpecInterface, i32 %weights_5, void @empty_3, i32 0, i32 0, void @empty, i32 1, i32 0, void @empty, void @empty, void @empty, i32 0, i32 0, i32 0, i32 0, void @empty, void @empty, i32 4294967295, i32 0, i32 0, i32 0"   --->   Operation 135 'specinterface' 'specinterface_ln0' <Predicate = true> <Delay = 0.00>
ST_1 : Operation 136 [1/1] (0.00ns)   --->   "%specinterface_ln0 = specinterface void @_ssdm_op_SpecInterface, i32 %weights_4, void @empty_3, i32 0, i32 0, void @empty, i32 1, i32 0, void @empty, void @empty, void @empty, i32 0, i32 0, i32 0, i32 0, void @empty, void @empty, i32 4294967295, i32 0, i32 0, i32 0"   --->   Operation 136 'specinterface' 'specinterface_ln0' <Predicate = true> <Delay = 0.00>
ST_1 : Operation 137 [1/1] (0.00ns)   --->   "%specinterface_ln0 = specinterface void @_ssdm_op_SpecInterface, i32 %weights_3, void @empty_3, i32 0, i32 0, void @empty, i32 1, i32 0, void @empty, void @empty, void @empty, i32 0, i32 0, i32 0, i32 0, void @empty, void @empty, i32 4294967295, i32 0, i32 0, i32 0"   --->   Operation 137 'specinterface' 'specinterface_ln0' <Predicate = true> <Delay = 0.00>
ST_1 : Operation 138 [1/1] (0.00ns)   --->   "%specinterface_ln0 = specinterface void @_ssdm_op_SpecInterface, i32 %weights_2, void @empty_3, i32 0, i32 0, void @empty, i32 1, i32 0, void @empty, void @empty, void @empty, i32 0, i32 0, i32 0, i32 0, void @empty, void @empty, i32 4294967295, i32 0, i32 0, i32 0"   --->   Operation 138 'specinterface' 'specinterface_ln0' <Predicate = true> <Delay = 0.00>
ST_1 : Operation 139 [1/1] (0.00ns)   --->   "%specinterface_ln0 = specinterface void @_ssdm_op_SpecInterface, i32 %weights_1, void @empty_3, i32 0, i32 0, void @empty, i32 1, i32 0, void @empty, void @empty, void @empty, i32 0, i32 0, i32 0, i32 0, void @empty, void @empty, i32 4294967295, i32 0, i32 0, i32 0"   --->   Operation 139 'specinterface' 'specinterface_ln0' <Predicate = true> <Delay = 0.00>
ST_1 : Operation 140 [1/1] (0.00ns)   --->   "%specinterface_ln0 = specinterface void @_ssdm_op_SpecInterface, i32 %weights_0, void @empty_3, i32 0, i32 0, void @empty, i32 1, i32 0, void @empty, void @empty, void @empty, i32 0, i32 0, i32 0, i32 0, void @empty, void @empty, i32 4294967295, i32 0, i32 0, i32 0"   --->   Operation 140 'specinterface' 'specinterface_ln0' <Predicate = true> <Delay = 0.00>
ST_1 : Operation 141 [1/1] (1.61ns)   --->   "%store_ln30 = store i31 0, i31 %i" [../hls/dense_gemv.cpp:30]   --->   Operation 141 'store' 'store_ln30' <Predicate = true> <Delay = 1.61>
ST_1 : Operation 142 [1/1] (0.00ns)   --->   "%br_ln0 = br void %VITIS_LOOP_35_3"   --->   Operation 142 'br' 'br_ln0' <Predicate = true> <Delay = 0.00>
ST_1 : Operation 143 [1/1] (0.00ns)   --->   "%i_1 = load i31 %i" [../hls/dense_gemv.cpp:30]   --->   Operation 143 'load' 'i_1' <Predicate = true> <Delay = 0.00>
ST_1 : Operation 144 [1/1] (0.00ns)   --->   "%zext_ln30_1 = zext i31 %i_1" [../hls/dense_gemv.cpp:30]   --->   Operation 144 'zext' 'zext_ln30_1' <Predicate = true> <Delay = 0.00>
ST_1 : Operation 145 [1/1] (2.70ns)   --->   "%icmp_ln30 = icmp_slt  i32 %zext_ln30_1, i32 %num_rows_read" [../hls/dense_gemv.cpp:30]   --->   Operation 145 'icmp' 'icmp_ln30' <Predicate = true> <Delay = 2.70> <CoreInst = "Cmp">   --->   Core 9 'Cmp' <Latency = 0> <II = 1> <Delay = 2.70> <FuncUnit> <Opcode : 'seteq' 'setne' 'setle' 'setge' 'setlt' 'setgt'> <InPorts = 2> <OutPorts = 1>
ST_1 : Operation 146 [1/1] (2.66ns)   --->   "%add_ln30 = add i31 %i_1, i31 1" [../hls/dense_gemv.cpp:30]   --->   Operation 146 'add' 'add_ln30' <Predicate = true> <Delay = 2.66> <CoreInst = "Adder">   --->   Core 1 'Adder' <Latency = 0> <II = 1> <Delay = 2.66> <FuncUnit> <Opcode : 'add' 'sub'> <InPorts = 2> <OutPorts = 1>
ST_1 : Operation 147 [1/1] (0.00ns)   --->   "%br_ln30 = br i1 %icmp_ln30, void %for.end23.exitStub, void %VITIS_LOOP_35_3.split" [../hls/dense_gemv.cpp:30]   --->   Operation 147 'br' 'br_ln30' <Predicate = true> <Delay = 0.00>
ST_1 : Operation 148 [1/1] (0.00ns)   --->   "%zext_ln30 = zext i31 %i_1" [../hls/dense_gemv.cpp:30]   --->   Operation 148 'zext' 'zext_ln30' <Predicate = (icmp_ln30)> <Delay = 0.00>
ST_1 : Operation 149 [1/1] (0.00ns)   --->   "%weights_28_addr = getelementptr i32 %weights_28, i64 0, i64 %zext_ln30" [../hls/dense_gemv.cpp:36]   --->   Operation 149 'getelementptr' 'weights_28_addr' <Predicate = (icmp_ln30)> <Delay = 0.00>
ST_1 : Operation 150 [2/2] (0.00ns)   --->   "%weights_28_load = load i5 %weights_28_addr" [../hls/dense_gemv.cpp:36]   --->   Operation 150 'load' 'weights_28_load' <Predicate = (icmp_ln30)> <Delay = 0.00> <CoreInst = "RAM_1P">   --->   Core 85 'RAM_1P' <Latency = 1> <II = 1> <Delay = 3.25> <Storage> <Opcode : 'load' 'store'> <Ports = 1> <Width = 32> <Depth = 32> <RAM>
ST_1 : Operation 151 [1/1] (0.00ns)   --->   "%weights_29_addr = getelementptr i32 %weights_29, i64 0, i64 %zext_ln30" [../hls/dense_gemv.cpp:36]   --->   Operation 151 'getelementptr' 'weights_29_addr' <Predicate = (icmp_ln30)> <Delay = 0.00>
ST_1 : Operation 152 [2/2] (0.00ns)   --->   "%weights_29_load = load i5 %weights_29_addr" [../hls/dense_gemv.cpp:36]   --->   Operation 152 'load' 'weights_29_load' <Predicate = (icmp_ln30)> <Delay = 0.00> <CoreInst = "RAM_1P">   --->   Core 85 'RAM_1P' <Latency = 1> <II = 1> <Delay = 3.25> <Storage> <Opcode : 'load' 'store'> <Ports = 1> <Width = 32> <Depth = 32> <RAM>
ST_1 : Operation 153 [1/1] (0.00ns)   --->   "%weights_30_addr = getelementptr i32 %weights_30, i64 0, i64 %zext_ln30" [../hls/dense_gemv.cpp:36]   --->   Operation 153 'getelementptr' 'weights_30_addr' <Predicate = (icmp_ln30)> <Delay = 0.00>
ST_1 : Operation 154 [2/2] (0.00ns)   --->   "%weights_30_load = load i5 %weights_30_addr" [../hls/dense_gemv.cpp:36]   --->   Operation 154 'load' 'weights_30_load' <Predicate = (icmp_ln30)> <Delay = 0.00> <CoreInst = "RAM_1P">   --->   Core 85 'RAM_1P' <Latency = 1> <II = 1> <Delay = 3.25> <Storage> <Opcode : 'load' 'store'> <Ports = 1> <Width = 32> <Depth = 32> <RAM>
ST_1 : Operation 155 [1/1] (0.00ns)   --->   "%weights_31_addr = getelementptr i32 %weights_31, i64 0, i64 %zext_ln30" [../hls/dense_gemv.cpp:36]   --->   Operation 155 'getelementptr' 'weights_31_addr' <Predicate = (icmp_ln30)> <Delay = 0.00>
ST_1 : Operation 156 [2/2] (0.00ns)   --->   "%weights_31_load = load i5 %weights_31_addr" [../hls/dense_gemv.cpp:36]   --->   Operation 156 'load' 'weights_31_load' <Predicate = (icmp_ln30)> <Delay = 0.00> <CoreInst = "RAM_1P">   --->   Core 85 'RAM_1P' <Latency = 1> <II = 1> <Delay = 3.25> <Storage> <Opcode : 'load' 'store'> <Ports = 1> <Width = 32> <Depth = 32> <RAM>
ST_1 : Operation 157 [1/1] (1.61ns)   --->   "%store_ln30 = store i31 %add_ln30, i31 %i" [../hls/dense_gemv.cpp:30]   --->   Operation 157 'store' 'store_ln30' <Predicate = (icmp_ln30)> <Delay = 1.61>

State 2 <SV = 1> <Delay = 6.86>
ST_2 : Operation 158 [1/1] (0.00ns)   --->   "%weights_4_addr = getelementptr i32 %weights_4, i64 0, i64 %zext_ln30" [../hls/dense_gemv.cpp:36]   --->   Operation 158 'getelementptr' 'weights_4_addr' <Predicate = true> <Delay = 0.00>
ST_2 : Operation 159 [2/2] (0.00ns)   --->   "%weights_4_load = load i5 %weights_4_addr" [../hls/dense_gemv.cpp:36]   --->   Operation 159 'load' 'weights_4_load' <Predicate = true> <Delay = 0.00> <CoreInst = "RAM_1P">   --->   Core 85 'RAM_1P' <Latency = 1> <II = 1> <Delay = 3.25> <Storage> <Opcode : 'load' 'store'> <Ports = 1> <Width = 32> <Depth = 32> <RAM>
ST_2 : Operation 160 [1/1] (0.00ns)   --->   "%weights_5_addr = getelementptr i32 %weights_5, i64 0, i64 %zext_ln30" [../hls/dense_gemv.cpp:36]   --->   Operation 160 'getelementptr' 'weights_5_addr' <Predicate = true> <Delay = 0.00>
ST_2 : Operation 161 [2/2] (0.00ns)   --->   "%weights_5_load = load i5 %weights_5_addr" [../hls/dense_gemv.cpp:36]   --->   Operation 161 'load' 'weights_5_load' <Predicate = true> <Delay = 0.00> <CoreInst = "RAM_1P">   --->   Core 85 'RAM_1P' <Latency = 1> <II = 1> <Delay = 3.25> <Storage> <Opcode : 'load' 'store'> <Ports = 1> <Width = 32> <Depth = 32> <RAM>
ST_2 : Operation 162 [1/1] (0.00ns)   --->   "%weights_6_addr = getelementptr i32 %weights_6, i64 0, i64 %zext_ln30" [../hls/dense_gemv.cpp:36]   --->   Operation 162 'getelementptr' 'weights_6_addr' <Predicate = true> <Delay = 0.00>
ST_2 : Operation 163 [2/2] (0.00ns)   --->   "%weights_6_load = load i5 %weights_6_addr" [../hls/dense_gemv.cpp:36]   --->   Operation 163 'load' 'weights_6_load' <Predicate = true> <Delay = 0.00> <CoreInst = "RAM_1P">   --->   Core 85 'RAM_1P' <Latency = 1> <II = 1> <Delay = 3.25> <Storage> <Opcode : 'load' 'store'> <Ports = 1> <Width = 32> <Depth = 32> <RAM>
ST_2 : Operation 164 [1/1] (0.00ns)   --->   "%weights_7_addr = getelementptr i32 %weights_7, i64 0, i64 %zext_ln30" [../hls/dense_gemv.cpp:36]   --->   Operation 164 'getelementptr' 'weights_7_addr' <Predicate = true> <Delay = 0.00>
ST_2 : Operation 165 [2/2] (0.00ns)   --->   "%weights_7_load = load i5 %weights_7_addr" [../hls/dense_gemv.cpp:36]   --->   Operation 165 'load' 'weights_7_load' <Predicate = true> <Delay = 0.00> <CoreInst = "RAM_1P">   --->   Core 85 'RAM_1P' <Latency = 1> <II = 1> <Delay = 3.25> <Storage> <Opcode : 'load' 'store'> <Ports = 1> <Width = 32> <Depth = 32> <RAM>
ST_2 : Operation 166 [1/1] (0.00ns)   --->   "%weights_12_addr = getelementptr i32 %weights_12, i64 0, i64 %zext_ln30" [../hls/dense_gemv.cpp:36]   --->   Operation 166 'getelementptr' 'weights_12_addr' <Predicate = true> <Delay = 0.00>
ST_2 : Operation 167 [2/2] (0.00ns)   --->   "%weights_12_load = load i5 %weights_12_addr" [../hls/dense_gemv.cpp:36]   --->   Operation 167 'load' 'weights_12_load' <Predicate = true> <Delay = 0.00> <CoreInst = "RAM_1P">   --->   Core 85 'RAM_1P' <Latency = 1> <II = 1> <Delay = 3.25> <Storage> <Opcode : 'load' 'store'> <Ports = 1> <Width = 32> <Depth = 32> <RAM>
ST_2 : Operation 168 [1/1] (0.00ns)   --->   "%weights_13_addr = getelementptr i32 %weights_13, i64 0, i64 %zext_ln30" [../hls/dense_gemv.cpp:36]   --->   Operation 168 'getelementptr' 'weights_13_addr' <Predicate = true> <Delay = 0.00>
ST_2 : Operation 169 [2/2] (0.00ns)   --->   "%weights_13_load = load i5 %weights_13_addr" [../hls/dense_gemv.cpp:36]   --->   Operation 169 'load' 'weights_13_load' <Predicate = true> <Delay = 0.00> <CoreInst = "RAM_1P">   --->   Core 85 'RAM_1P' <Latency = 1> <II = 1> <Delay = 3.25> <Storage> <Opcode : 'load' 'store'> <Ports = 1> <Width = 32> <Depth = 32> <RAM>
ST_2 : Operation 170 [1/1] (0.00ns)   --->   "%weights_14_addr = getelementptr i32 %weights_14, i64 0, i64 %zext_ln30" [../hls/dense_gemv.cpp:36]   --->   Operation 170 'getelementptr' 'weights_14_addr' <Predicate = true> <Delay = 0.00>
ST_2 : Operation 171 [2/2] (0.00ns)   --->   "%weights_14_load = load i5 %weights_14_addr" [../hls/dense_gemv.cpp:36]   --->   Operation 171 'load' 'weights_14_load' <Predicate = true> <Delay = 0.00> <CoreInst = "RAM_1P">   --->   Core 85 'RAM_1P' <Latency = 1> <II = 1> <Delay = 3.25> <Storage> <Opcode : 'load' 'store'> <Ports = 1> <Width = 32> <Depth = 32> <RAM>
ST_2 : Operation 172 [1/1] (0.00ns)   --->   "%weights_15_addr = getelementptr i32 %weights_15, i64 0, i64 %zext_ln30" [../hls/dense_gemv.cpp:36]   --->   Operation 172 'getelementptr' 'weights_15_addr' <Predicate = true> <Delay = 0.00>
ST_2 : Operation 173 [2/2] (0.00ns)   --->   "%weights_15_load = load i5 %weights_15_addr" [../hls/dense_gemv.cpp:36]   --->   Operation 173 'load' 'weights_15_load' <Predicate = true> <Delay = 0.00> <CoreInst = "RAM_1P">   --->   Core 85 'RAM_1P' <Latency = 1> <II = 1> <Delay = 3.25> <Storage> <Opcode : 'load' 'store'> <Ports = 1> <Width = 32> <Depth = 32> <RAM>
ST_2 : Operation 174 [1/1] (0.00ns)   --->   "%weights_16_addr = getelementptr i32 %weights_16, i64 0, i64 %zext_ln30" [../hls/dense_gemv.cpp:36]   --->   Operation 174 'getelementptr' 'weights_16_addr' <Predicate = true> <Delay = 0.00>
ST_2 : Operation 175 [2/2] (0.00ns)   --->   "%weights_16_load = load i5 %weights_16_addr" [../hls/dense_gemv.cpp:36]   --->   Operation 175 'load' 'weights_16_load' <Predicate = true> <Delay = 0.00> <CoreInst = "RAM_1P">   --->   Core 85 'RAM_1P' <Latency = 1> <II = 1> <Delay = 3.25> <Storage> <Opcode : 'load' 'store'> <Ports = 1> <Width = 32> <Depth = 32> <RAM>
ST_2 : Operation 176 [1/1] (0.00ns)   --->   "%weights_17_addr = getelementptr i32 %weights_17, i64 0, i64 %zext_ln30" [../hls/dense_gemv.cpp:36]   --->   Operation 176 'getelementptr' 'weights_17_addr' <Predicate = true> <Delay = 0.00>
ST_2 : Operation 177 [2/2] (0.00ns)   --->   "%weights_17_load = load i5 %weights_17_addr" [../hls/dense_gemv.cpp:36]   --->   Operation 177 'load' 'weights_17_load' <Predicate = true> <Delay = 0.00> <CoreInst = "RAM_1P">   --->   Core 85 'RAM_1P' <Latency = 1> <II = 1> <Delay = 3.25> <Storage> <Opcode : 'load' 'store'> <Ports = 1> <Width = 32> <Depth = 32> <RAM>
ST_2 : Operation 178 [1/1] (0.00ns)   --->   "%weights_18_addr = getelementptr i32 %weights_18, i64 0, i64 %zext_ln30" [../hls/dense_gemv.cpp:36]   --->   Operation 178 'getelementptr' 'weights_18_addr' <Predicate = true> <Delay = 0.00>
ST_2 : Operation 179 [2/2] (0.00ns)   --->   "%weights_18_load = load i5 %weights_18_addr" [../hls/dense_gemv.cpp:36]   --->   Operation 179 'load' 'weights_18_load' <Predicate = true> <Delay = 0.00> <CoreInst = "RAM_1P">   --->   Core 85 'RAM_1P' <Latency = 1> <II = 1> <Delay = 3.25> <Storage> <Opcode : 'load' 'store'> <Ports = 1> <Width = 32> <Depth = 32> <RAM>
ST_2 : Operation 180 [1/1] (0.00ns)   --->   "%weights_19_addr = getelementptr i32 %weights_19, i64 0, i64 %zext_ln30" [../hls/dense_gemv.cpp:36]   --->   Operation 180 'getelementptr' 'weights_19_addr' <Predicate = true> <Delay = 0.00>
ST_2 : Operation 181 [2/2] (0.00ns)   --->   "%weights_19_load = load i5 %weights_19_addr" [../hls/dense_gemv.cpp:36]   --->   Operation 181 'load' 'weights_19_load' <Predicate = true> <Delay = 0.00> <CoreInst = "RAM_1P">   --->   Core 85 'RAM_1P' <Latency = 1> <II = 1> <Delay = 3.25> <Storage> <Opcode : 'load' 'store'> <Ports = 1> <Width = 32> <Depth = 32> <RAM>
ST_2 : Operation 182 [1/1] (0.00ns)   --->   "%weights_20_addr = getelementptr i32 %weights_20, i64 0, i64 %zext_ln30" [../hls/dense_gemv.cpp:36]   --->   Operation 182 'getelementptr' 'weights_20_addr' <Predicate = true> <Delay = 0.00>
ST_2 : Operation 183 [2/2] (0.00ns)   --->   "%weights_20_load = load i5 %weights_20_addr" [../hls/dense_gemv.cpp:36]   --->   Operation 183 'load' 'weights_20_load' <Predicate = true> <Delay = 0.00> <CoreInst = "RAM_1P">   --->   Core 85 'RAM_1P' <Latency = 1> <II = 1> <Delay = 3.25> <Storage> <Opcode : 'load' 'store'> <Ports = 1> <Width = 32> <Depth = 32> <RAM>
ST_2 : Operation 184 [1/1] (0.00ns)   --->   "%weights_21_addr = getelementptr i32 %weights_21, i64 0, i64 %zext_ln30" [../hls/dense_gemv.cpp:36]   --->   Operation 184 'getelementptr' 'weights_21_addr' <Predicate = true> <Delay = 0.00>
ST_2 : Operation 185 [2/2] (0.00ns)   --->   "%weights_21_load = load i5 %weights_21_addr" [../hls/dense_gemv.cpp:36]   --->   Operation 185 'load' 'weights_21_load' <Predicate = true> <Delay = 0.00> <CoreInst = "RAM_1P">   --->   Core 85 'RAM_1P' <Latency = 1> <II = 1> <Delay = 3.25> <Storage> <Opcode : 'load' 'store'> <Ports = 1> <Width = 32> <Depth = 32> <RAM>
ST_2 : Operation 186 [1/1] (0.00ns)   --->   "%weights_22_addr = getelementptr i32 %weights_22, i64 0, i64 %zext_ln30" [../hls/dense_gemv.cpp:36]   --->   Operation 186 'getelementptr' 'weights_22_addr' <Predicate = true> <Delay = 0.00>
ST_2 : Operation 187 [2/2] (0.00ns)   --->   "%weights_22_load = load i5 %weights_22_addr" [../hls/dense_gemv.cpp:36]   --->   Operation 187 'load' 'weights_22_load' <Predicate = true> <Delay = 0.00> <CoreInst = "RAM_1P">   --->   Core 85 'RAM_1P' <Latency = 1> <II = 1> <Delay = 3.25> <Storage> <Opcode : 'load' 'store'> <Ports = 1> <Width = 32> <Depth = 32> <RAM>
ST_2 : Operation 188 [1/1] (0.00ns)   --->   "%weights_23_addr = getelementptr i32 %weights_23, i64 0, i64 %zext_ln30" [../hls/dense_gemv.cpp:36]   --->   Operation 188 'getelementptr' 'weights_23_addr' <Predicate = true> <Delay = 0.00>
ST_2 : Operation 189 [2/2] (0.00ns)   --->   "%weights_23_load = load i5 %weights_23_addr" [../hls/dense_gemv.cpp:36]   --->   Operation 189 'load' 'weights_23_load' <Predicate = true> <Delay = 0.00> <CoreInst = "RAM_1P">   --->   Core 85 'RAM_1P' <Latency = 1> <II = 1> <Delay = 3.25> <Storage> <Opcode : 'load' 'store'> <Ports = 1> <Width = 32> <Depth = 32> <RAM>
ST_2 : Operation 190 [1/1] (0.00ns)   --->   "%weights_24_addr = getelementptr i32 %weights_24, i64 0, i64 %zext_ln30" [../hls/dense_gemv.cpp:36]   --->   Operation 190 'getelementptr' 'weights_24_addr' <Predicate = true> <Delay = 0.00>
ST_2 : Operation 191 [2/2] (0.00ns)   --->   "%weights_24_load = load i5 %weights_24_addr" [../hls/dense_gemv.cpp:36]   --->   Operation 191 'load' 'weights_24_load' <Predicate = true> <Delay = 0.00> <CoreInst = "RAM_1P">   --->   Core 85 'RAM_1P' <Latency = 1> <II = 1> <Delay = 3.25> <Storage> <Opcode : 'load' 'store'> <Ports = 1> <Width = 32> <Depth = 32> <RAM>
ST_2 : Operation 192 [1/1] (0.00ns)   --->   "%weights_25_addr = getelementptr i32 %weights_25, i64 0, i64 %zext_ln30" [../hls/dense_gemv.cpp:36]   --->   Operation 192 'getelementptr' 'weights_25_addr' <Predicate = true> <Delay = 0.00>
ST_2 : Operation 193 [2/2] (0.00ns)   --->   "%weights_25_load = load i5 %weights_25_addr" [../hls/dense_gemv.cpp:36]   --->   Operation 193 'load' 'weights_25_load' <Predicate = true> <Delay = 0.00> <CoreInst = "RAM_1P">   --->   Core 85 'RAM_1P' <Latency = 1> <II = 1> <Delay = 3.25> <Storage> <Opcode : 'load' 'store'> <Ports = 1> <Width = 32> <Depth = 32> <RAM>
ST_2 : Operation 194 [1/1] (0.00ns)   --->   "%weights_26_addr = getelementptr i32 %weights_26, i64 0, i64 %zext_ln30" [../hls/dense_gemv.cpp:36]   --->   Operation 194 'getelementptr' 'weights_26_addr' <Predicate = true> <Delay = 0.00>
ST_2 : Operation 195 [2/2] (0.00ns)   --->   "%weights_26_load = load i5 %weights_26_addr" [../hls/dense_gemv.cpp:36]   --->   Operation 195 'load' 'weights_26_load' <Predicate = true> <Delay = 0.00> <CoreInst = "RAM_1P">   --->   Core 85 'RAM_1P' <Latency = 1> <II = 1> <Delay = 3.25> <Storage> <Opcode : 'load' 'store'> <Ports = 1> <Width = 32> <Depth = 32> <RAM>
ST_2 : Operation 196 [1/1] (0.00ns)   --->   "%weights_27_addr = getelementptr i32 %weights_27, i64 0, i64 %zext_ln30" [../hls/dense_gemv.cpp:36]   --->   Operation 196 'getelementptr' 'weights_27_addr' <Predicate = true> <Delay = 0.00>
ST_2 : Operation 197 [2/2] (0.00ns)   --->   "%weights_27_load = load i5 %weights_27_addr" [../hls/dense_gemv.cpp:36]   --->   Operation 197 'load' 'weights_27_load' <Predicate = true> <Delay = 0.00> <CoreInst = "RAM_1P">   --->   Core 85 'RAM_1P' <Latency = 1> <II = 1> <Delay = 3.25> <Storage> <Opcode : 'load' 'store'> <Ports = 1> <Width = 32> <Depth = 32> <RAM>
ST_2 : Operation 198 [1/2] ( I:0.00ns O:0.00ns )   --->   "%weights_28_load = load i5 %weights_28_addr" [../hls/dense_gemv.cpp:36]   --->   Operation 198 'load' 'weights_28_load' <Predicate = true> <Delay = 0.00> <CoreInst = "RAM_1P">   --->   Core 85 'RAM_1P' <Latency = 1> <II = 1> <Delay = 3.25> <Storage> <Opcode : 'load' 'store'> <Ports = 1> <Width = 32> <Depth = 32> <RAM>
ST_2 : Operation 199 [1/2] ( I:0.00ns O:0.00ns )   --->   "%weights_29_load = load i5 %weights_29_addr" [../hls/dense_gemv.cpp:36]   --->   Operation 199 'load' 'weights_29_load' <Predicate = true> <Delay = 0.00> <CoreInst = "RAM_1P">   --->   Core 85 'RAM_1P' <Latency = 1> <II = 1> <Delay = 3.25> <Storage> <Opcode : 'load' 'store'> <Ports = 1> <Width = 32> <Depth = 32> <RAM>
ST_2 : Operation 200 [1/2] ( I:0.00ns O:0.00ns )   --->   "%weights_30_load = load i5 %weights_30_addr" [../hls/dense_gemv.cpp:36]   --->   Operation 200 'load' 'weights_30_load' <Predicate = true> <Delay = 0.00> <CoreInst = "RAM_1P">   --->   Core 85 'RAM_1P' <Latency = 1> <II = 1> <Delay = 3.25> <Storage> <Opcode : 'load' 'store'> <Ports = 1> <Width = 32> <Depth = 32> <RAM>
ST_2 : Operation 201 [1/2] ( I:0.00ns O:0.00ns )   --->   "%weights_31_load = load i5 %weights_31_addr" [../hls/dense_gemv.cpp:36]   --->   Operation 201 'load' 'weights_31_load' <Predicate = true> <Delay = 0.00> <CoreInst = "RAM_1P">   --->   Core 85 'RAM_1P' <Latency = 1> <II = 1> <Delay = 3.25> <Storage> <Opcode : 'load' 'store'> <Ports = 1> <Width = 32> <Depth = 32> <RAM>
ST_2 : Operation 202 [2/2] (6.86ns)   --->   "%mul_ln36 = mul i32 %weights_31_load, i32 %sext_ln36_31_cast" [../hls/dense_gemv.cpp:36]   --->   Operation 202 'mul' 'mul_ln36' <Predicate = true> <Delay = 6.86> <CoreInst = "Multiplier">   --->   Core 3 'Multiplier' <Latency = 1> <II = 1> <Delay = 6.86> <FuncUnit> <Opcode : 'mul'> <InPorts = 2> <OutPorts = 1>
ST_2 : Operation 203 [2/2] (6.86ns)   --->   "%mul_ln36_1 = mul i32 %weights_30_load, i32 %sext_ln36_30_cast" [../hls/dense_gemv.cpp:36]   --->   Operation 203 'mul' 'mul_ln36_1' <Predicate = true> <Delay = 6.86> <CoreInst = "Multiplier">   --->   Core 3 'Multiplier' <Latency = 1> <II = 1> <Delay = 6.86> <FuncUnit> <Opcode : 'mul'> <InPorts = 2> <OutPorts = 1>
ST_2 : Operation 204 [2/2] (6.86ns)   --->   "%mul_ln36_2 = mul i32 %weights_29_load, i32 %sext_ln36_29_cast" [../hls/dense_gemv.cpp:36]   --->   Operation 204 'mul' 'mul_ln36_2' <Predicate = true> <Delay = 6.86> <CoreInst = "Multiplier">   --->   Core 3 'Multiplier' <Latency = 1> <II = 1> <Delay = 6.86> <FuncUnit> <Opcode : 'mul'> <InPorts = 2> <OutPorts = 1>
ST_2 : Operation 205 [2/2] (6.86ns)   --->   "%mul_ln36_3 = mul i32 %weights_28_load, i32 %sext_ln36_28_cast" [../hls/dense_gemv.cpp:36]   --->   Operation 205 'mul' 'mul_ln36_3' <Predicate = true> <Delay = 6.86> <CoreInst = "Multiplier">   --->   Core 3 'Multiplier' <Latency = 1> <II = 1> <Delay = 6.86> <FuncUnit> <Opcode : 'mul'> <InPorts = 2> <OutPorts = 1>

State 3 <SV = 2> <Delay = 6.86>
ST_3 : Operation 206 [1/1] (0.00ns)   --->   "%weights_0_addr = getelementptr i32 %weights_0, i64 0, i64 %zext_ln30" [../hls/dense_gemv.cpp:36]   --->   Operation 206 'getelementptr' 'weights_0_addr' <Predicate = true> <Delay = 0.00>
ST_3 : Operation 207 [2/2] (0.00ns)   --->   "%weights_0_load = load i5 %weights_0_addr" [../hls/dense_gemv.cpp:36]   --->   Operation 207 'load' 'weights_0_load' <Predicate = true> <Delay = 0.00> <CoreInst = "RAM_1P">   --->   Core 85 'RAM_1P' <Latency = 1> <II = 1> <Delay = 3.25> <Storage> <Opcode : 'load' 'store'> <Ports = 1> <Width = 32> <Depth = 32> <RAM>
ST_3 : Operation 208 [1/1] (0.00ns)   --->   "%weights_1_addr = getelementptr i32 %weights_1, i64 0, i64 %zext_ln30" [../hls/dense_gemv.cpp:36]   --->   Operation 208 'getelementptr' 'weights_1_addr' <Predicate = true> <Delay = 0.00>
ST_3 : Operation 209 [2/2] (0.00ns)   --->   "%weights_1_load = load i5 %weights_1_addr" [../hls/dense_gemv.cpp:36]   --->   Operation 209 'load' 'weights_1_load' <Predicate = true> <Delay = 0.00> <CoreInst = "RAM_1P">   --->   Core 85 'RAM_1P' <Latency = 1> <II = 1> <Delay = 3.25> <Storage> <Opcode : 'load' 'store'> <Ports = 1> <Width = 32> <Depth = 32> <RAM>
ST_3 : Operation 210 [1/1] (0.00ns)   --->   "%weights_2_addr = getelementptr i32 %weights_2, i64 0, i64 %zext_ln30" [../hls/dense_gemv.cpp:36]   --->   Operation 210 'getelementptr' 'weights_2_addr' <Predicate = true> <Delay = 0.00>
ST_3 : Operation 211 [2/2] (0.00ns)   --->   "%weights_2_load = load i5 %weights_2_addr" [../hls/dense_gemv.cpp:36]   --->   Operation 211 'load' 'weights_2_load' <Predicate = true> <Delay = 0.00> <CoreInst = "RAM_1P">   --->   Core 85 'RAM_1P' <Latency = 1> <II = 1> <Delay = 3.25> <Storage> <Opcode : 'load' 'store'> <Ports = 1> <Width = 32> <Depth = 32> <RAM>
ST_3 : Operation 212 [1/1] (0.00ns)   --->   "%weights_3_addr = getelementptr i32 %weights_3, i64 0, i64 %zext_ln30" [../hls/dense_gemv.cpp:36]   --->   Operation 212 'getelementptr' 'weights_3_addr' <Predicate = true> <Delay = 0.00>
ST_3 : Operation 213 [2/2] (0.00ns)   --->   "%weights_3_load = load i5 %weights_3_addr" [../hls/dense_gemv.cpp:36]   --->   Operation 213 'load' 'weights_3_load' <Predicate = true> <Delay = 0.00> <CoreInst = "RAM_1P">   --->   Core 85 'RAM_1P' <Latency = 1> <II = 1> <Delay = 3.25> <Storage> <Opcode : 'load' 'store'> <Ports = 1> <Width = 32> <Depth = 32> <RAM>
ST_3 : Operation 214 [1/2] ( I:0.00ns O:0.00ns )   --->   "%weights_4_load = load i5 %weights_4_addr" [../hls/dense_gemv.cpp:36]   --->   Operation 214 'load' 'weights_4_load' <Predicate = true> <Delay = 0.00> <CoreInst = "RAM_1P">   --->   Core 85 'RAM_1P' <Latency = 1> <II = 1> <Delay = 3.25> <Storage> <Opcode : 'load' 'store'> <Ports = 1> <Width = 32> <Depth = 32> <RAM>
ST_3 : Operation 215 [1/2] ( I:0.00ns O:0.00ns )   --->   "%weights_5_load = load i5 %weights_5_addr" [../hls/dense_gemv.cpp:36]   --->   Operation 215 'load' 'weights_5_load' <Predicate = true> <Delay = 0.00> <CoreInst = "RAM_1P">   --->   Core 85 'RAM_1P' <Latency = 1> <II = 1> <Delay = 3.25> <Storage> <Opcode : 'load' 'store'> <Ports = 1> <Width = 32> <Depth = 32> <RAM>
ST_3 : Operation 216 [1/2] ( I:0.00ns O:0.00ns )   --->   "%weights_6_load = load i5 %weights_6_addr" [../hls/dense_gemv.cpp:36]   --->   Operation 216 'load' 'weights_6_load' <Predicate = true> <Delay = 0.00> <CoreInst = "RAM_1P">   --->   Core 85 'RAM_1P' <Latency = 1> <II = 1> <Delay = 3.25> <Storage> <Opcode : 'load' 'store'> <Ports = 1> <Width = 32> <Depth = 32> <RAM>
ST_3 : Operation 217 [1/2] ( I:0.00ns O:0.00ns )   --->   "%weights_7_load = load i5 %weights_7_addr" [../hls/dense_gemv.cpp:36]   --->   Operation 217 'load' 'weights_7_load' <Predicate = true> <Delay = 0.00> <CoreInst = "RAM_1P">   --->   Core 85 'RAM_1P' <Latency = 1> <II = 1> <Delay = 3.25> <Storage> <Opcode : 'load' 'store'> <Ports = 1> <Width = 32> <Depth = 32> <RAM>
ST_3 : Operation 218 [1/1] (0.00ns)   --->   "%weights_8_addr = getelementptr i32 %weights_8, i64 0, i64 %zext_ln30" [../hls/dense_gemv.cpp:36]   --->   Operation 218 'getelementptr' 'weights_8_addr' <Predicate = true> <Delay = 0.00>
ST_3 : Operation 219 [2/2] (0.00ns)   --->   "%weights_8_load = load i5 %weights_8_addr" [../hls/dense_gemv.cpp:36]   --->   Operation 219 'load' 'weights_8_load' <Predicate = true> <Delay = 0.00> <CoreInst = "RAM_1P">   --->   Core 85 'RAM_1P' <Latency = 1> <II = 1> <Delay = 3.25> <Storage> <Opcode : 'load' 'store'> <Ports = 1> <Width = 32> <Depth = 32> <RAM>
ST_3 : Operation 220 [1/1] (0.00ns)   --->   "%weights_9_addr = getelementptr i32 %weights_9, i64 0, i64 %zext_ln30" [../hls/dense_gemv.cpp:36]   --->   Operation 220 'getelementptr' 'weights_9_addr' <Predicate = true> <Delay = 0.00>
ST_3 : Operation 221 [2/2] (0.00ns)   --->   "%weights_9_load = load i5 %weights_9_addr" [../hls/dense_gemv.cpp:36]   --->   Operation 221 'load' 'weights_9_load' <Predicate = true> <Delay = 0.00> <CoreInst = "RAM_1P">   --->   Core 85 'RAM_1P' <Latency = 1> <II = 1> <Delay = 3.25> <Storage> <Opcode : 'load' 'store'> <Ports = 1> <Width = 32> <Depth = 32> <RAM>
ST_3 : Operation 222 [1/1] (0.00ns)   --->   "%weights_10_addr = getelementptr i32 %weights_10, i64 0, i64 %zext_ln30" [../hls/dense_gemv.cpp:36]   --->   Operation 222 'getelementptr' 'weights_10_addr' <Predicate = true> <Delay = 0.00>
ST_3 : Operation 223 [2/2] (0.00ns)   --->   "%weights_10_load = load i5 %weights_10_addr" [../hls/dense_gemv.cpp:36]   --->   Operation 223 'load' 'weights_10_load' <Predicate = true> <Delay = 0.00> <CoreInst = "RAM_1P">   --->   Core 85 'RAM_1P' <Latency = 1> <II = 1> <Delay = 3.25> <Storage> <Opcode : 'load' 'store'> <Ports = 1> <Width = 32> <Depth = 32> <RAM>
ST_3 : Operation 224 [1/1] (0.00ns)   --->   "%weights_11_addr = getelementptr i32 %weights_11, i64 0, i64 %zext_ln30" [../hls/dense_gemv.cpp:36]   --->   Operation 224 'getelementptr' 'weights_11_addr' <Predicate = true> <Delay = 0.00>
ST_3 : Operation 225 [2/2] (0.00ns)   --->   "%weights_11_load = load i5 %weights_11_addr" [../hls/dense_gemv.cpp:36]   --->   Operation 225 'load' 'weights_11_load' <Predicate = true> <Delay = 0.00> <CoreInst = "RAM_1P">   --->   Core 85 'RAM_1P' <Latency = 1> <II = 1> <Delay = 3.25> <Storage> <Opcode : 'load' 'store'> <Ports = 1> <Width = 32> <Depth = 32> <RAM>
ST_3 : Operation 226 [1/2] ( I:0.00ns O:0.00ns )   --->   "%weights_12_load = load i5 %weights_12_addr" [../hls/dense_gemv.cpp:36]   --->   Operation 226 'load' 'weights_12_load' <Predicate = true> <Delay = 0.00> <CoreInst = "RAM_1P">   --->   Core 85 'RAM_1P' <Latency = 1> <II = 1> <Delay = 3.25> <Storage> <Opcode : 'load' 'store'> <Ports = 1> <Width = 32> <Depth = 32> <RAM>
ST_3 : Operation 227 [1/2] ( I:0.00ns O:0.00ns )   --->   "%weights_13_load = load i5 %weights_13_addr" [../hls/dense_gemv.cpp:36]   --->   Operation 227 'load' 'weights_13_load' <Predicate = true> <Delay = 0.00> <CoreInst = "RAM_1P">   --->   Core 85 'RAM_1P' <Latency = 1> <II = 1> <Delay = 3.25> <Storage> <Opcode : 'load' 'store'> <Ports = 1> <Width = 32> <Depth = 32> <RAM>
ST_3 : Operation 228 [1/2] ( I:0.00ns O:0.00ns )   --->   "%weights_14_load = load i5 %weights_14_addr" [../hls/dense_gemv.cpp:36]   --->   Operation 228 'load' 'weights_14_load' <Predicate = true> <Delay = 0.00> <CoreInst = "RAM_1P">   --->   Core 85 'RAM_1P' <Latency = 1> <II = 1> <Delay = 3.25> <Storage> <Opcode : 'load' 'store'> <Ports = 1> <Width = 32> <Depth = 32> <RAM>
ST_3 : Operation 229 [1/2] ( I:0.00ns O:0.00ns )   --->   "%weights_15_load = load i5 %weights_15_addr" [../hls/dense_gemv.cpp:36]   --->   Operation 229 'load' 'weights_15_load' <Predicate = true> <Delay = 0.00> <CoreInst = "RAM_1P">   --->   Core 85 'RAM_1P' <Latency = 1> <II = 1> <Delay = 3.25> <Storage> <Opcode : 'load' 'store'> <Ports = 1> <Width = 32> <Depth = 32> <RAM>
ST_3 : Operation 230 [1/2] ( I:0.00ns O:0.00ns )   --->   "%weights_16_load = load i5 %weights_16_addr" [../hls/dense_gemv.cpp:36]   --->   Operation 230 'load' 'weights_16_load' <Predicate = true> <Delay = 0.00> <CoreInst = "RAM_1P">   --->   Core 85 'RAM_1P' <Latency = 1> <II = 1> <Delay = 3.25> <Storage> <Opcode : 'load' 'store'> <Ports = 1> <Width = 32> <Depth = 32> <RAM>
ST_3 : Operation 231 [1/2] ( I:0.00ns O:0.00ns )   --->   "%weights_17_load = load i5 %weights_17_addr" [../hls/dense_gemv.cpp:36]   --->   Operation 231 'load' 'weights_17_load' <Predicate = true> <Delay = 0.00> <CoreInst = "RAM_1P">   --->   Core 85 'RAM_1P' <Latency = 1> <II = 1> <Delay = 3.25> <Storage> <Opcode : 'load' 'store'> <Ports = 1> <Width = 32> <Depth = 32> <RAM>
ST_3 : Operation 232 [1/2] ( I:0.00ns O:0.00ns )   --->   "%weights_18_load = load i5 %weights_18_addr" [../hls/dense_gemv.cpp:36]   --->   Operation 232 'load' 'weights_18_load' <Predicate = true> <Delay = 0.00> <CoreInst = "RAM_1P">   --->   Core 85 'RAM_1P' <Latency = 1> <II = 1> <Delay = 3.25> <Storage> <Opcode : 'load' 'store'> <Ports = 1> <Width = 32> <Depth = 32> <RAM>
ST_3 : Operation 233 [1/2] ( I:0.00ns O:0.00ns )   --->   "%weights_19_load = load i5 %weights_19_addr" [../hls/dense_gemv.cpp:36]   --->   Operation 233 'load' 'weights_19_load' <Predicate = true> <Delay = 0.00> <CoreInst = "RAM_1P">   --->   Core 85 'RAM_1P' <Latency = 1> <II = 1> <Delay = 3.25> <Storage> <Opcode : 'load' 'store'> <Ports = 1> <Width = 32> <Depth = 32> <RAM>
ST_3 : Operation 234 [1/2] ( I:0.00ns O:0.00ns )   --->   "%weights_20_load = load i5 %weights_20_addr" [../hls/dense_gemv.cpp:36]   --->   Operation 234 'load' 'weights_20_load' <Predicate = true> <Delay = 0.00> <CoreInst = "RAM_1P">   --->   Core 85 'RAM_1P' <Latency = 1> <II = 1> <Delay = 3.25> <Storage> <Opcode : 'load' 'store'> <Ports = 1> <Width = 32> <Depth = 32> <RAM>
ST_3 : Operation 235 [1/2] ( I:0.00ns O:0.00ns )   --->   "%weights_21_load = load i5 %weights_21_addr" [../hls/dense_gemv.cpp:36]   --->   Operation 235 'load' 'weights_21_load' <Predicate = true> <Delay = 0.00> <CoreInst = "RAM_1P">   --->   Core 85 'RAM_1P' <Latency = 1> <II = 1> <Delay = 3.25> <Storage> <Opcode : 'load' 'store'> <Ports = 1> <Width = 32> <Depth = 32> <RAM>
ST_3 : Operation 236 [1/2] ( I:0.00ns O:0.00ns )   --->   "%weights_22_load = load i5 %weights_22_addr" [../hls/dense_gemv.cpp:36]   --->   Operation 236 'load' 'weights_22_load' <Predicate = true> <Delay = 0.00> <CoreInst = "RAM_1P">   --->   Core 85 'RAM_1P' <Latency = 1> <II = 1> <Delay = 3.25> <Storage> <Opcode : 'load' 'store'> <Ports = 1> <Width = 32> <Depth = 32> <RAM>
ST_3 : Operation 237 [1/2] ( I:0.00ns O:0.00ns )   --->   "%weights_23_load = load i5 %weights_23_addr" [../hls/dense_gemv.cpp:36]   --->   Operation 237 'load' 'weights_23_load' <Predicate = true> <Delay = 0.00> <CoreInst = "RAM_1P">   --->   Core 85 'RAM_1P' <Latency = 1> <II = 1> <Delay = 3.25> <Storage> <Opcode : 'load' 'store'> <Ports = 1> <Width = 32> <Depth = 32> <RAM>
ST_3 : Operation 238 [1/2] ( I:0.00ns O:0.00ns )   --->   "%weights_24_load = load i5 %weights_24_addr" [../hls/dense_gemv.cpp:36]   --->   Operation 238 'load' 'weights_24_load' <Predicate = true> <Delay = 0.00> <CoreInst = "RAM_1P">   --->   Core 85 'RAM_1P' <Latency = 1> <II = 1> <Delay = 3.25> <Storage> <Opcode : 'load' 'store'> <Ports = 1> <Width = 32> <Depth = 32> <RAM>
ST_3 : Operation 239 [1/2] ( I:0.00ns O:0.00ns )   --->   "%weights_25_load = load i5 %weights_25_addr" [../hls/dense_gemv.cpp:36]   --->   Operation 239 'load' 'weights_25_load' <Predicate = true> <Delay = 0.00> <CoreInst = "RAM_1P">   --->   Core 85 'RAM_1P' <Latency = 1> <II = 1> <Delay = 3.25> <Storage> <Opcode : 'load' 'store'> <Ports = 1> <Width = 32> <Depth = 32> <RAM>
ST_3 : Operation 240 [1/2] ( I:0.00ns O:0.00ns )   --->   "%weights_26_load = load i5 %weights_26_addr" [../hls/dense_gemv.cpp:36]   --->   Operation 240 'load' 'weights_26_load' <Predicate = true> <Delay = 0.00> <CoreInst = "RAM_1P">   --->   Core 85 'RAM_1P' <Latency = 1> <II = 1> <Delay = 3.25> <Storage> <Opcode : 'load' 'store'> <Ports = 1> <Width = 32> <Depth = 32> <RAM>
ST_3 : Operation 241 [1/2] ( I:0.00ns O:0.00ns )   --->   "%weights_27_load = load i5 %weights_27_addr" [../hls/dense_gemv.cpp:36]   --->   Operation 241 'load' 'weights_27_load' <Predicate = true> <Delay = 0.00> <CoreInst = "RAM_1P">   --->   Core 85 'RAM_1P' <Latency = 1> <II = 1> <Delay = 3.25> <Storage> <Opcode : 'load' 'store'> <Ports = 1> <Width = 32> <Depth = 32> <RAM>
ST_3 : Operation 242 [1/2] (6.86ns)   --->   "%mul_ln36 = mul i32 %weights_31_load, i32 %sext_ln36_31_cast" [../hls/dense_gemv.cpp:36]   --->   Operation 242 'mul' 'mul_ln36' <Predicate = true> <Delay = 6.86> <CoreInst = "Multiplier">   --->   Core 3 'Multiplier' <Latency = 1> <II = 1> <Delay = 6.86> <FuncUnit> <Opcode : 'mul'> <InPorts = 2> <OutPorts = 1>
ST_3 : Operation 243 [1/2] (6.86ns)   --->   "%mul_ln36_1 = mul i32 %weights_30_load, i32 %sext_ln36_30_cast" [../hls/dense_gemv.cpp:36]   --->   Operation 243 'mul' 'mul_ln36_1' <Predicate = true> <Delay = 6.86> <CoreInst = "Multiplier">   --->   Core 3 'Multiplier' <Latency = 1> <II = 1> <Delay = 6.86> <FuncUnit> <Opcode : 'mul'> <InPorts = 2> <OutPorts = 1>
ST_3 : Operation 244 [1/2] (6.86ns)   --->   "%mul_ln36_2 = mul i32 %weights_29_load, i32 %sext_ln36_29_cast" [../hls/dense_gemv.cpp:36]   --->   Operation 244 'mul' 'mul_ln36_2' <Predicate = true> <Delay = 6.86> <CoreInst = "Multiplier">   --->   Core 3 'Multiplier' <Latency = 1> <II = 1> <Delay = 6.86> <FuncUnit> <Opcode : 'mul'> <InPorts = 2> <OutPorts = 1>
ST_3 : Operation 245 [1/2] (6.86ns)   --->   "%mul_ln36_3 = mul i32 %weights_28_load, i32 %sext_ln36_28_cast" [../hls/dense_gemv.cpp:36]   --->   Operation 245 'mul' 'mul_ln36_3' <Predicate = true> <Delay = 6.86> <CoreInst = "Multiplier">   --->   Core 3 'Multiplier' <Latency = 1> <II = 1> <Delay = 6.86> <FuncUnit> <Opcode : 'mul'> <InPorts = 2> <OutPorts = 1>
ST_3 : Operation 246 [2/2] (6.86ns)   --->   "%mul_ln36_4 = mul i32 %weights_27_load, i32 %sext_ln36_27_cast" [../hls/dense_gemv.cpp:36]   --->   Operation 246 'mul' 'mul_ln36_4' <Predicate = true> <Delay = 6.86> <CoreInst = "Multiplier">   --->   Core 3 'Multiplier' <Latency = 1> <II = 1> <Delay = 6.86> <FuncUnit> <Opcode : 'mul'> <InPorts = 2> <OutPorts = 1>
ST_3 : Operation 247 [2/2] (6.86ns)   --->   "%mul_ln36_5 = mul i32 %weights_26_load, i32 %sext_ln36_26_cast" [../hls/dense_gemv.cpp:36]   --->   Operation 247 'mul' 'mul_ln36_5' <Predicate = true> <Delay = 6.86> <CoreInst = "Multiplier">   --->   Core 3 'Multiplier' <Latency = 1> <II = 1> <Delay = 6.86> <FuncUnit> <Opcode : 'mul'> <InPorts = 2> <OutPorts = 1>
ST_3 : Operation 248 [2/2] (6.86ns)   --->   "%mul_ln36_6 = mul i32 %weights_25_load, i32 %sext_ln36_25_cast" [../hls/dense_gemv.cpp:36]   --->   Operation 248 'mul' 'mul_ln36_6' <Predicate = true> <Delay = 6.86> <CoreInst = "Multiplier">   --->   Core 3 'Multiplier' <Latency = 1> <II = 1> <Delay = 6.86> <FuncUnit> <Opcode : 'mul'> <InPorts = 2> <OutPorts = 1>
ST_3 : Operation 249 [2/2] (6.86ns)   --->   "%mul_ln36_7 = mul i32 %weights_24_load, i32 %sext_ln36_24_cast" [../hls/dense_gemv.cpp:36]   --->   Operation 249 'mul' 'mul_ln36_7' <Predicate = true> <Delay = 6.86> <CoreInst = "Multiplier">   --->   Core 3 'Multiplier' <Latency = 1> <II = 1> <Delay = 6.86> <FuncUnit> <Opcode : 'mul'> <InPorts = 2> <OutPorts = 1>
ST_3 : Operation 250 [2/2] (6.86ns)   --->   "%mul_ln36_8 = mul i32 %weights_23_load, i32 %sext_ln36_23_cast" [../hls/dense_gemv.cpp:36]   --->   Operation 250 'mul' 'mul_ln36_8' <Predicate = true> <Delay = 6.86> <CoreInst = "Multiplier">   --->   Core 3 'Multiplier' <Latency = 1> <II = 1> <Delay = 6.86> <FuncUnit> <Opcode : 'mul'> <InPorts = 2> <OutPorts = 1>
ST_3 : Operation 251 [2/2] (6.86ns)   --->   "%mul_ln36_9 = mul i32 %weights_22_load, i32 %sext_ln36_22_cast" [../hls/dense_gemv.cpp:36]   --->   Operation 251 'mul' 'mul_ln36_9' <Predicate = true> <Delay = 6.86> <CoreInst = "Multiplier">   --->   Core 3 'Multiplier' <Latency = 1> <II = 1> <Delay = 6.86> <FuncUnit> <Opcode : 'mul'> <InPorts = 2> <OutPorts = 1>
ST_3 : Operation 252 [2/2] (6.86ns)   --->   "%mul_ln36_10 = mul i32 %weights_21_load, i32 %sext_ln36_21_cast" [../hls/dense_gemv.cpp:36]   --->   Operation 252 'mul' 'mul_ln36_10' <Predicate = true> <Delay = 6.86> <CoreInst = "Multiplier">   --->   Core 3 'Multiplier' <Latency = 1> <II = 1> <Delay = 6.86> <FuncUnit> <Opcode : 'mul'> <InPorts = 2> <OutPorts = 1>
ST_3 : Operation 253 [2/2] (6.86ns)   --->   "%mul_ln36_11 = mul i32 %weights_20_load, i32 %sext_ln36_20_cast" [../hls/dense_gemv.cpp:36]   --->   Operation 253 'mul' 'mul_ln36_11' <Predicate = true> <Delay = 6.86> <CoreInst = "Multiplier">   --->   Core 3 'Multiplier' <Latency = 1> <II = 1> <Delay = 6.86> <FuncUnit> <Opcode : 'mul'> <InPorts = 2> <OutPorts = 1>
ST_3 : Operation 254 [2/2] (6.86ns)   --->   "%mul_ln36_12 = mul i32 %weights_19_load, i32 %sext_ln36_19_cast" [../hls/dense_gemv.cpp:36]   --->   Operation 254 'mul' 'mul_ln36_12' <Predicate = true> <Delay = 6.86> <CoreInst = "Multiplier">   --->   Core 3 'Multiplier' <Latency = 1> <II = 1> <Delay = 6.86> <FuncUnit> <Opcode : 'mul'> <InPorts = 2> <OutPorts = 1>
ST_3 : Operation 255 [2/2] (6.86ns)   --->   "%mul_ln36_13 = mul i32 %weights_18_load, i32 %sext_ln36_18_cast" [../hls/dense_gemv.cpp:36]   --->   Operation 255 'mul' 'mul_ln36_13' <Predicate = true> <Delay = 6.86> <CoreInst = "Multiplier">   --->   Core 3 'Multiplier' <Latency = 1> <II = 1> <Delay = 6.86> <FuncUnit> <Opcode : 'mul'> <InPorts = 2> <OutPorts = 1>
ST_3 : Operation 256 [2/2] (6.86ns)   --->   "%mul_ln36_14 = mul i32 %weights_17_load, i32 %sext_ln36_17_cast" [../hls/dense_gemv.cpp:36]   --->   Operation 256 'mul' 'mul_ln36_14' <Predicate = true> <Delay = 6.86> <CoreInst = "Multiplier">   --->   Core 3 'Multiplier' <Latency = 1> <II = 1> <Delay = 6.86> <FuncUnit> <Opcode : 'mul'> <InPorts = 2> <OutPorts = 1>
ST_3 : Operation 257 [2/2] (6.86ns)   --->   "%mul_ln36_15 = mul i32 %weights_16_load, i32 %sext_ln36_16_cast" [../hls/dense_gemv.cpp:36]   --->   Operation 257 'mul' 'mul_ln36_15' <Predicate = true> <Delay = 6.86> <CoreInst = "Multiplier">   --->   Core 3 'Multiplier' <Latency = 1> <II = 1> <Delay = 6.86> <FuncUnit> <Opcode : 'mul'> <InPorts = 2> <OutPorts = 1>
ST_3 : Operation 258 [2/2] (6.86ns)   --->   "%mul_ln36_16 = mul i32 %weights_15_load, i32 %sext_ln36_15_cast" [../hls/dense_gemv.cpp:36]   --->   Operation 258 'mul' 'mul_ln36_16' <Predicate = true> <Delay = 6.86> <CoreInst = "Multiplier">   --->   Core 3 'Multiplier' <Latency = 1> <II = 1> <Delay = 6.86> <FuncUnit> <Opcode : 'mul'> <InPorts = 2> <OutPorts = 1>
ST_3 : Operation 259 [2/2] (6.86ns)   --->   "%mul_ln36_17 = mul i32 %weights_14_load, i32 %sext_ln36_14_cast" [../hls/dense_gemv.cpp:36]   --->   Operation 259 'mul' 'mul_ln36_17' <Predicate = true> <Delay = 6.86> <CoreInst = "Multiplier">   --->   Core 3 'Multiplier' <Latency = 1> <II = 1> <Delay = 6.86> <FuncUnit> <Opcode : 'mul'> <InPorts = 2> <OutPorts = 1>
ST_3 : Operation 260 [2/2] (6.86ns)   --->   "%mul_ln36_18 = mul i32 %weights_13_load, i32 %sext_ln36_13_cast" [../hls/dense_gemv.cpp:36]   --->   Operation 260 'mul' 'mul_ln36_18' <Predicate = true> <Delay = 6.86> <CoreInst = "Multiplier">   --->   Core 3 'Multiplier' <Latency = 1> <II = 1> <Delay = 6.86> <FuncUnit> <Opcode : 'mul'> <InPorts = 2> <OutPorts = 1>
ST_3 : Operation 261 [2/2] (6.86ns)   --->   "%mul_ln36_19 = mul i32 %weights_12_load, i32 %sext_ln36_12_cast" [../hls/dense_gemv.cpp:36]   --->   Operation 261 'mul' 'mul_ln36_19' <Predicate = true> <Delay = 6.86> <CoreInst = "Multiplier">   --->   Core 3 'Multiplier' <Latency = 1> <II = 1> <Delay = 6.86> <FuncUnit> <Opcode : 'mul'> <InPorts = 2> <OutPorts = 1>
ST_3 : Operation 262 [2/2] (6.86ns)   --->   "%mul_ln36_24 = mul i32 %weights_7_load, i32 %sext_ln36_7_cast" [../hls/dense_gemv.cpp:36]   --->   Operation 262 'mul' 'mul_ln36_24' <Predicate = true> <Delay = 6.86> <CoreInst = "Multiplier">   --->   Core 3 'Multiplier' <Latency = 1> <II = 1> <Delay = 6.86> <FuncUnit> <Opcode : 'mul'> <InPorts = 2> <OutPorts = 1>
ST_3 : Operation 263 [2/2] (6.86ns)   --->   "%mul_ln36_25 = mul i32 %weights_6_load, i32 %sext_ln36_6_cast" [../hls/dense_gemv.cpp:36]   --->   Operation 263 'mul' 'mul_ln36_25' <Predicate = true> <Delay = 6.86> <CoreInst = "Multiplier">   --->   Core 3 'Multiplier' <Latency = 1> <II = 1> <Delay = 6.86> <FuncUnit> <Opcode : 'mul'> <InPorts = 2> <OutPorts = 1>
ST_3 : Operation 264 [2/2] (6.86ns)   --->   "%mul_ln36_26 = mul i32 %weights_5_load, i32 %sext_ln36_5_cast" [../hls/dense_gemv.cpp:36]   --->   Operation 264 'mul' 'mul_ln36_26' <Predicate = true> <Delay = 6.86> <CoreInst = "Multiplier">   --->   Core 3 'Multiplier' <Latency = 1> <II = 1> <Delay = 6.86> <FuncUnit> <Opcode : 'mul'> <InPorts = 2> <OutPorts = 1>
ST_3 : Operation 265 [2/2] (6.86ns)   --->   "%mul_ln36_27 = mul i32 %weights_4_load, i32 %sext_ln36_4_cast" [../hls/dense_gemv.cpp:36]   --->   Operation 265 'mul' 'mul_ln36_27' <Predicate = true> <Delay = 6.86> <CoreInst = "Multiplier">   --->   Core 3 'Multiplier' <Latency = 1> <II = 1> <Delay = 6.86> <FuncUnit> <Opcode : 'mul'> <InPorts = 2> <OutPorts = 1>

State 4 <SV = 3> <Delay = 7.20>
ST_4 : Operation 266 [1/2] ( I:0.00ns O:0.00ns )   --->   "%weights_0_load = load i5 %weights_0_addr" [../hls/dense_gemv.cpp:36]   --->   Operation 266 'load' 'weights_0_load' <Predicate = true> <Delay = 0.00> <CoreInst = "RAM_1P">   --->   Core 85 'RAM_1P' <Latency = 1> <II = 1> <Delay = 3.25> <Storage> <Opcode : 'load' 'store'> <Ports = 1> <Width = 32> <Depth = 32> <RAM>
ST_4 : Operation 267 [1/2] ( I:0.00ns O:0.00ns )   --->   "%weights_1_load = load i5 %weights_1_addr" [../hls/dense_gemv.cpp:36]   --->   Operation 267 'load' 'weights_1_load' <Predicate = true> <Delay = 0.00> <CoreInst = "RAM_1P">   --->   Core 85 'RAM_1P' <Latency = 1> <II = 1> <Delay = 3.25> <Storage> <Opcode : 'load' 'store'> <Ports = 1> <Width = 32> <Depth = 32> <RAM>
ST_4 : Operation 268 [1/2] ( I:0.00ns O:0.00ns )   --->   "%weights_2_load = load i5 %weights_2_addr" [../hls/dense_gemv.cpp:36]   --->   Operation 268 'load' 'weights_2_load' <Predicate = true> <Delay = 0.00> <CoreInst = "RAM_1P">   --->   Core 85 'RAM_1P' <Latency = 1> <II = 1> <Delay = 3.25> <Storage> <Opcode : 'load' 'store'> <Ports = 1> <Width = 32> <Depth = 32> <RAM>
ST_4 : Operation 269 [1/2] ( I:0.00ns O:0.00ns )   --->   "%weights_3_load = load i5 %weights_3_addr" [../hls/dense_gemv.cpp:36]   --->   Operation 269 'load' 'weights_3_load' <Predicate = true> <Delay = 0.00> <CoreInst = "RAM_1P">   --->   Core 85 'RAM_1P' <Latency = 1> <II = 1> <Delay = 3.25> <Storage> <Opcode : 'load' 'store'> <Ports = 1> <Width = 32> <Depth = 32> <RAM>
ST_4 : Operation 270 [1/2] ( I:0.00ns O:0.00ns )   --->   "%weights_8_load = load i5 %weights_8_addr" [../hls/dense_gemv.cpp:36]   --->   Operation 270 'load' 'weights_8_load' <Predicate = true> <Delay = 0.00> <CoreInst = "RAM_1P">   --->   Core 85 'RAM_1P' <Latency = 1> <II = 1> <Delay = 3.25> <Storage> <Opcode : 'load' 'store'> <Ports = 1> <Width = 32> <Depth = 32> <RAM>
ST_4 : Operation 271 [1/2] ( I:0.00ns O:0.00ns )   --->   "%weights_9_load = load i5 %weights_9_addr" [../hls/dense_gemv.cpp:36]   --->   Operation 271 'load' 'weights_9_load' <Predicate = true> <Delay = 0.00> <CoreInst = "RAM_1P">   --->   Core 85 'RAM_1P' <Latency = 1> <II = 1> <Delay = 3.25> <Storage> <Opcode : 'load' 'store'> <Ports = 1> <Width = 32> <Depth = 32> <RAM>
ST_4 : Operation 272 [1/2] ( I:0.00ns O:0.00ns )   --->   "%weights_10_load = load i5 %weights_10_addr" [../hls/dense_gemv.cpp:36]   --->   Operation 272 'load' 'weights_10_load' <Predicate = true> <Delay = 0.00> <CoreInst = "RAM_1P">   --->   Core 85 'RAM_1P' <Latency = 1> <II = 1> <Delay = 3.25> <Storage> <Opcode : 'load' 'store'> <Ports = 1> <Width = 32> <Depth = 32> <RAM>
ST_4 : Operation 273 [1/2] ( I:0.00ns O:0.00ns )   --->   "%weights_11_load = load i5 %weights_11_addr" [../hls/dense_gemv.cpp:36]   --->   Operation 273 'load' 'weights_11_load' <Predicate = true> <Delay = 0.00> <CoreInst = "RAM_1P">   --->   Core 85 'RAM_1P' <Latency = 1> <II = 1> <Delay = 3.25> <Storage> <Opcode : 'load' 'store'> <Ports = 1> <Width = 32> <Depth = 32> <RAM>
ST_4 : Operation 274 [1/2] (6.86ns)   --->   "%mul_ln36_4 = mul i32 %weights_27_load, i32 %sext_ln36_27_cast" [../hls/dense_gemv.cpp:36]   --->   Operation 274 'mul' 'mul_ln36_4' <Predicate = true> <Delay = 6.86> <CoreInst = "Multiplier">   --->   Core 3 'Multiplier' <Latency = 1> <II = 1> <Delay = 6.86> <FuncUnit> <Opcode : 'mul'> <InPorts = 2> <OutPorts = 1>
ST_4 : Operation 275 [1/2] (6.86ns)   --->   "%mul_ln36_5 = mul i32 %weights_26_load, i32 %sext_ln36_26_cast" [../hls/dense_gemv.cpp:36]   --->   Operation 275 'mul' 'mul_ln36_5' <Predicate = true> <Delay = 6.86> <CoreInst = "Multiplier">   --->   Core 3 'Multiplier' <Latency = 1> <II = 1> <Delay = 6.86> <FuncUnit> <Opcode : 'mul'> <InPorts = 2> <OutPorts = 1>
ST_4 : Operation 276 [1/2] (6.86ns)   --->   "%mul_ln36_6 = mul i32 %weights_25_load, i32 %sext_ln36_25_cast" [../hls/dense_gemv.cpp:36]   --->   Operation 276 'mul' 'mul_ln36_6' <Predicate = true> <Delay = 6.86> <CoreInst = "Multiplier">   --->   Core 3 'Multiplier' <Latency = 1> <II = 1> <Delay = 6.86> <FuncUnit> <Opcode : 'mul'> <InPorts = 2> <OutPorts = 1>
ST_4 : Operation 277 [1/2] (6.86ns)   --->   "%mul_ln36_7 = mul i32 %weights_24_load, i32 %sext_ln36_24_cast" [../hls/dense_gemv.cpp:36]   --->   Operation 277 'mul' 'mul_ln36_7' <Predicate = true> <Delay = 6.86> <CoreInst = "Multiplier">   --->   Core 3 'Multiplier' <Latency = 1> <II = 1> <Delay = 6.86> <FuncUnit> <Opcode : 'mul'> <InPorts = 2> <OutPorts = 1>
ST_4 : Operation 278 [1/2] (6.86ns)   --->   "%mul_ln36_8 = mul i32 %weights_23_load, i32 %sext_ln36_23_cast" [../hls/dense_gemv.cpp:36]   --->   Operation 278 'mul' 'mul_ln36_8' <Predicate = true> <Delay = 6.86> <CoreInst = "Multiplier">   --->   Core 3 'Multiplier' <Latency = 1> <II = 1> <Delay = 6.86> <FuncUnit> <Opcode : 'mul'> <InPorts = 2> <OutPorts = 1>
ST_4 : Operation 279 [1/2] (6.86ns)   --->   "%mul_ln36_9 = mul i32 %weights_22_load, i32 %sext_ln36_22_cast" [../hls/dense_gemv.cpp:36]   --->   Operation 279 'mul' 'mul_ln36_9' <Predicate = true> <Delay = 6.86> <CoreInst = "Multiplier">   --->   Core 3 'Multiplier' <Latency = 1> <II = 1> <Delay = 6.86> <FuncUnit> <Opcode : 'mul'> <InPorts = 2> <OutPorts = 1>
ST_4 : Operation 280 [1/2] (6.86ns)   --->   "%mul_ln36_10 = mul i32 %weights_21_load, i32 %sext_ln36_21_cast" [../hls/dense_gemv.cpp:36]   --->   Operation 280 'mul' 'mul_ln36_10' <Predicate = true> <Delay = 6.86> <CoreInst = "Multiplier">   --->   Core 3 'Multiplier' <Latency = 1> <II = 1> <Delay = 6.86> <FuncUnit> <Opcode : 'mul'> <InPorts = 2> <OutPorts = 1>
ST_4 : Operation 281 [1/2] (6.86ns)   --->   "%mul_ln36_11 = mul i32 %weights_20_load, i32 %sext_ln36_20_cast" [../hls/dense_gemv.cpp:36]   --->   Operation 281 'mul' 'mul_ln36_11' <Predicate = true> <Delay = 6.86> <CoreInst = "Multiplier">   --->   Core 3 'Multiplier' <Latency = 1> <II = 1> <Delay = 6.86> <FuncUnit> <Opcode : 'mul'> <InPorts = 2> <OutPorts = 1>
ST_4 : Operation 282 [1/2] (6.86ns)   --->   "%mul_ln36_12 = mul i32 %weights_19_load, i32 %sext_ln36_19_cast" [../hls/dense_gemv.cpp:36]   --->   Operation 282 'mul' 'mul_ln36_12' <Predicate = true> <Delay = 6.86> <CoreInst = "Multiplier">   --->   Core 3 'Multiplier' <Latency = 1> <II = 1> <Delay = 6.86> <FuncUnit> <Opcode : 'mul'> <InPorts = 2> <OutPorts = 1>
ST_4 : Operation 283 [1/2] (6.86ns)   --->   "%mul_ln36_13 = mul i32 %weights_18_load, i32 %sext_ln36_18_cast" [../hls/dense_gemv.cpp:36]   --->   Operation 283 'mul' 'mul_ln36_13' <Predicate = true> <Delay = 6.86> <CoreInst = "Multiplier">   --->   Core 3 'Multiplier' <Latency = 1> <II = 1> <Delay = 6.86> <FuncUnit> <Opcode : 'mul'> <InPorts = 2> <OutPorts = 1>
ST_4 : Operation 284 [1/2] (6.86ns)   --->   "%mul_ln36_14 = mul i32 %weights_17_load, i32 %sext_ln36_17_cast" [../hls/dense_gemv.cpp:36]   --->   Operation 284 'mul' 'mul_ln36_14' <Predicate = true> <Delay = 6.86> <CoreInst = "Multiplier">   --->   Core 3 'Multiplier' <Latency = 1> <II = 1> <Delay = 6.86> <FuncUnit> <Opcode : 'mul'> <InPorts = 2> <OutPorts = 1>
ST_4 : Operation 285 [1/2] (6.86ns)   --->   "%mul_ln36_15 = mul i32 %weights_16_load, i32 %sext_ln36_16_cast" [../hls/dense_gemv.cpp:36]   --->   Operation 285 'mul' 'mul_ln36_15' <Predicate = true> <Delay = 6.86> <CoreInst = "Multiplier">   --->   Core 3 'Multiplier' <Latency = 1> <II = 1> <Delay = 6.86> <FuncUnit> <Opcode : 'mul'> <InPorts = 2> <OutPorts = 1>
ST_4 : Operation 286 [1/2] (6.86ns)   --->   "%mul_ln36_16 = mul i32 %weights_15_load, i32 %sext_ln36_15_cast" [../hls/dense_gemv.cpp:36]   --->   Operation 286 'mul' 'mul_ln36_16' <Predicate = true> <Delay = 6.86> <CoreInst = "Multiplier">   --->   Core 3 'Multiplier' <Latency = 1> <II = 1> <Delay = 6.86> <FuncUnit> <Opcode : 'mul'> <InPorts = 2> <OutPorts = 1>
ST_4 : Operation 287 [1/2] (6.86ns)   --->   "%mul_ln36_17 = mul i32 %weights_14_load, i32 %sext_ln36_14_cast" [../hls/dense_gemv.cpp:36]   --->   Operation 287 'mul' 'mul_ln36_17' <Predicate = true> <Delay = 6.86> <CoreInst = "Multiplier">   --->   Core 3 'Multiplier' <Latency = 1> <II = 1> <Delay = 6.86> <FuncUnit> <Opcode : 'mul'> <InPorts = 2> <OutPorts = 1>
ST_4 : Operation 288 [1/2] (6.86ns)   --->   "%mul_ln36_18 = mul i32 %weights_13_load, i32 %sext_ln36_13_cast" [../hls/dense_gemv.cpp:36]   --->   Operation 288 'mul' 'mul_ln36_18' <Predicate = true> <Delay = 6.86> <CoreInst = "Multiplier">   --->   Core 3 'Multiplier' <Latency = 1> <II = 1> <Delay = 6.86> <FuncUnit> <Opcode : 'mul'> <InPorts = 2> <OutPorts = 1>
ST_4 : Operation 289 [1/2] (6.86ns)   --->   "%mul_ln36_19 = mul i32 %weights_12_load, i32 %sext_ln36_12_cast" [../hls/dense_gemv.cpp:36]   --->   Operation 289 'mul' 'mul_ln36_19' <Predicate = true> <Delay = 6.86> <CoreInst = "Multiplier">   --->   Core 3 'Multiplier' <Latency = 1> <II = 1> <Delay = 6.86> <FuncUnit> <Opcode : 'mul'> <InPorts = 2> <OutPorts = 1>
ST_4 : Operation 290 [2/2] (6.86ns)   --->   "%mul_ln36_20 = mul i32 %weights_11_load, i32 %sext_ln36_11_cast" [../hls/dense_gemv.cpp:36]   --->   Operation 290 'mul' 'mul_ln36_20' <Predicate = true> <Delay = 6.86> <CoreInst = "Multiplier">   --->   Core 3 'Multiplier' <Latency = 1> <II = 1> <Delay = 6.86> <FuncUnit> <Opcode : 'mul'> <InPorts = 2> <OutPorts = 1>
ST_4 : Operation 291 [2/2] (6.86ns)   --->   "%mul_ln36_21 = mul i32 %weights_10_load, i32 %sext_ln36_10_cast" [../hls/dense_gemv.cpp:36]   --->   Operation 291 'mul' 'mul_ln36_21' <Predicate = true> <Delay = 6.86> <CoreInst = "Multiplier">   --->   Core 3 'Multiplier' <Latency = 1> <II = 1> <Delay = 6.86> <FuncUnit> <Opcode : 'mul'> <InPorts = 2> <OutPorts = 1>
ST_4 : Operation 292 [2/2] (6.86ns)   --->   "%mul_ln36_22 = mul i32 %weights_9_load, i32 %sext_ln36_9_cast" [../hls/dense_gemv.cpp:36]   --->   Operation 292 'mul' 'mul_ln36_22' <Predicate = true> <Delay = 6.86> <CoreInst = "Multiplier">   --->   Core 3 'Multiplier' <Latency = 1> <II = 1> <Delay = 6.86> <FuncUnit> <Opcode : 'mul'> <InPorts = 2> <OutPorts = 1>
ST_4 : Operation 293 [2/2] (6.86ns)   --->   "%mul_ln36_23 = mul i32 %weights_8_load, i32 %sext_ln36_8_cast" [../hls/dense_gemv.cpp:36]   --->   Operation 293 'mul' 'mul_ln36_23' <Predicate = true> <Delay = 6.86> <CoreInst = "Multiplier">   --->   Core 3 'Multiplier' <Latency = 1> <II = 1> <Delay = 6.86> <FuncUnit> <Opcode : 'mul'> <InPorts = 2> <OutPorts = 1>
ST_4 : Operation 294 [1/2] (6.86ns)   --->   "%mul_ln36_24 = mul i32 %weights_7_load, i32 %sext_ln36_7_cast" [../hls/dense_gemv.cpp:36]   --->   Operation 294 'mul' 'mul_ln36_24' <Predicate = true> <Delay = 6.86> <CoreInst = "Multiplier">   --->   Core 3 'Multiplier' <Latency = 1> <II = 1> <Delay = 6.86> <FuncUnit> <Opcode : 'mul'> <InPorts = 2> <OutPorts = 1>
ST_4 : Operation 295 [1/2] (6.86ns)   --->   "%mul_ln36_25 = mul i32 %weights_6_load, i32 %sext_ln36_6_cast" [../hls/dense_gemv.cpp:36]   --->   Operation 295 'mul' 'mul_ln36_25' <Predicate = true> <Delay = 6.86> <CoreInst = "Multiplier">   --->   Core 3 'Multiplier' <Latency = 1> <II = 1> <Delay = 6.86> <FuncUnit> <Opcode : 'mul'> <InPorts = 2> <OutPorts = 1>
ST_4 : Operation 296 [1/2] (6.86ns)   --->   "%mul_ln36_26 = mul i32 %weights_5_load, i32 %sext_ln36_5_cast" [../hls/dense_gemv.cpp:36]   --->   Operation 296 'mul' 'mul_ln36_26' <Predicate = true> <Delay = 6.86> <CoreInst = "Multiplier">   --->   Core 3 'Multiplier' <Latency = 1> <II = 1> <Delay = 6.86> <FuncUnit> <Opcode : 'mul'> <InPorts = 2> <OutPorts = 1>
ST_4 : Operation 297 [1/2] (6.86ns)   --->   "%mul_ln36_27 = mul i32 %weights_4_load, i32 %sext_ln36_4_cast" [../hls/dense_gemv.cpp:36]   --->   Operation 297 'mul' 'mul_ln36_27' <Predicate = true> <Delay = 6.86> <CoreInst = "Multiplier">   --->   Core 3 'Multiplier' <Latency = 1> <II = 1> <Delay = 6.86> <FuncUnit> <Opcode : 'mul'> <InPorts = 2> <OutPorts = 1>
ST_4 : Operation 298 [2/2] (6.86ns)   --->   "%mul_ln36_28 = mul i32 %weights_3_load, i32 %sext_ln36_3_cast" [../hls/dense_gemv.cpp:36]   --->   Operation 298 'mul' 'mul_ln36_28' <Predicate = true> <Delay = 6.86> <CoreInst = "Multiplier">   --->   Core 3 'Multiplier' <Latency = 1> <II = 1> <Delay = 6.86> <FuncUnit> <Opcode : 'mul'> <InPorts = 2> <OutPorts = 1>
ST_4 : Operation 299 [2/2] (6.86ns)   --->   "%mul_ln36_29 = mul i32 %weights_2_load, i32 %sext_ln36_2_cast" [../hls/dense_gemv.cpp:36]   --->   Operation 299 'mul' 'mul_ln36_29' <Predicate = true> <Delay = 6.86> <CoreInst = "Multiplier">   --->   Core 3 'Multiplier' <Latency = 1> <II = 1> <Delay = 6.86> <FuncUnit> <Opcode : 'mul'> <InPorts = 2> <OutPorts = 1>
ST_4 : Operation 300 [2/2] (6.86ns)   --->   "%mul_ln36_30 = mul i32 %weights_0_load, i32 %sext_ln36_cast" [../hls/dense_gemv.cpp:36]   --->   Operation 300 'mul' 'mul_ln36_30' <Predicate = true> <Delay = 6.86> <CoreInst = "Multiplier">   --->   Core 3 'Multiplier' <Latency = 1> <II = 1> <Delay = 6.86> <FuncUnit> <Opcode : 'mul'> <InPorts = 2> <OutPorts = 1>
ST_4 : Operation 301 [2/2] (6.86ns)   --->   "%mul_ln36_31 = mul i32 %weights_1_load, i32 %sext_ln36_1_cast" [../hls/dense_gemv.cpp:36]   --->   Operation 301 'mul' 'mul_ln36_31' <Predicate = true> <Delay = 6.86> <CoreInst = "Multiplier">   --->   Core 3 'Multiplier' <Latency = 1> <II = 1> <Delay = 6.86> <FuncUnit> <Opcode : 'mul'> <InPorts = 2> <OutPorts = 1>
ST_4 : Operation 302 [1/1] (0.00ns) (grouped into TernaryAdder)   --->   "%add_ln36_25 = add i32 %mul_ln36_3, i32 %mul_ln36_2" [../hls/dense_gemv.cpp:36]   --->   Operation 302 'add' 'add_ln36_25' <Predicate = true> <Delay = 0.00> <CoreInst = "TAddSub">   --->   Core 10 'TAddSub' <Latency = 0> <II = 1> <Delay = 2.25> <IPBlock> <Opcode : 'add' 'sub'> <InPorts = 3> <OutPorts = 1> <Sync> <CReg>
ST_4 : Operation 303 [1/1] (2.70ns)   --->   "%add_ln36_26 = add i32 %mul_ln36_1, i32 %mul_ln36" [../hls/dense_gemv.cpp:36]   --->   Operation 303 'add' 'add_ln36_26' <Predicate = true> <Delay = 2.70> <CoreInst = "Adder">   --->   Core 1 'Adder' <Latency = 0> <II = 1> <Delay = 2.70> <FuncUnit> <Opcode : 'add' 'sub'> <InPorts = 2> <OutPorts = 1>
ST_4 : Operation 304 [1/1] (4.50ns) (root node of TernaryAdder)   --->   "%add_ln36_27 = add i32 %add_ln36_26, i32 %add_ln36_25" [../hls/dense_gemv.cpp:36]   --->   Operation 304 'add' 'add_ln36_27' <Predicate = true> <Delay = 4.50> <CoreInst = "TAddSub">   --->   Core 10 'TAddSub' <Latency = 0> <II = 1> <Delay = 2.25> <IPBlock> <Opcode : 'add' 'sub'> <InPorts = 3> <OutPorts = 1> <Sync> <CReg>

State 5 <SV = 4> <Delay = 7.20>
ST_5 : Operation 305 [1/2] (6.86ns)   --->   "%mul_ln36_20 = mul i32 %weights_11_load, i32 %sext_ln36_11_cast" [../hls/dense_gemv.cpp:36]   --->   Operation 305 'mul' 'mul_ln36_20' <Predicate = true> <Delay = 6.86> <CoreInst = "Multiplier">   --->   Core 3 'Multiplier' <Latency = 1> <II = 1> <Delay = 6.86> <FuncUnit> <Opcode : 'mul'> <InPorts = 2> <OutPorts = 1>
ST_5 : Operation 306 [1/2] (6.86ns)   --->   "%mul_ln36_21 = mul i32 %weights_10_load, i32 %sext_ln36_10_cast" [../hls/dense_gemv.cpp:36]   --->   Operation 306 'mul' 'mul_ln36_21' <Predicate = true> <Delay = 6.86> <CoreInst = "Multiplier">   --->   Core 3 'Multiplier' <Latency = 1> <II = 1> <Delay = 6.86> <FuncUnit> <Opcode : 'mul'> <InPorts = 2> <OutPorts = 1>
ST_5 : Operation 307 [1/2] (6.86ns)   --->   "%mul_ln36_22 = mul i32 %weights_9_load, i32 %sext_ln36_9_cast" [../hls/dense_gemv.cpp:36]   --->   Operation 307 'mul' 'mul_ln36_22' <Predicate = true> <Delay = 6.86> <CoreInst = "Multiplier">   --->   Core 3 'Multiplier' <Latency = 1> <II = 1> <Delay = 6.86> <FuncUnit> <Opcode : 'mul'> <InPorts = 2> <OutPorts = 1>
ST_5 : Operation 308 [1/2] (6.86ns)   --->   "%mul_ln36_23 = mul i32 %weights_8_load, i32 %sext_ln36_8_cast" [../hls/dense_gemv.cpp:36]   --->   Operation 308 'mul' 'mul_ln36_23' <Predicate = true> <Delay = 6.86> <CoreInst = "Multiplier">   --->   Core 3 'Multiplier' <Latency = 1> <II = 1> <Delay = 6.86> <FuncUnit> <Opcode : 'mul'> <InPorts = 2> <OutPorts = 1>
ST_5 : Operation 309 [1/2] (6.86ns)   --->   "%mul_ln36_28 = mul i32 %weights_3_load, i32 %sext_ln36_3_cast" [../hls/dense_gemv.cpp:36]   --->   Operation 309 'mul' 'mul_ln36_28' <Predicate = true> <Delay = 6.86> <CoreInst = "Multiplier">   --->   Core 3 'Multiplier' <Latency = 1> <II = 1> <Delay = 6.86> <FuncUnit> <Opcode : 'mul'> <InPorts = 2> <OutPorts = 1>
ST_5 : Operation 310 [1/2] (6.86ns)   --->   "%mul_ln36_29 = mul i32 %weights_2_load, i32 %sext_ln36_2_cast" [../hls/dense_gemv.cpp:36]   --->   Operation 310 'mul' 'mul_ln36_29' <Predicate = true> <Delay = 6.86> <CoreInst = "Multiplier">   --->   Core 3 'Multiplier' <Latency = 1> <II = 1> <Delay = 6.86> <FuncUnit> <Opcode : 'mul'> <InPorts = 2> <OutPorts = 1>
ST_5 : Operation 311 [1/2] (6.86ns)   --->   "%mul_ln36_30 = mul i32 %weights_0_load, i32 %sext_ln36_cast" [../hls/dense_gemv.cpp:36]   --->   Operation 311 'mul' 'mul_ln36_30' <Predicate = true> <Delay = 6.86> <CoreInst = "Multiplier">   --->   Core 3 'Multiplier' <Latency = 1> <II = 1> <Delay = 6.86> <FuncUnit> <Opcode : 'mul'> <InPorts = 2> <OutPorts = 1>
ST_5 : Operation 312 [1/2] (6.86ns)   --->   "%mul_ln36_31 = mul i32 %weights_1_load, i32 %sext_ln36_1_cast" [../hls/dense_gemv.cpp:36]   --->   Operation 312 'mul' 'mul_ln36_31' <Predicate = true> <Delay = 6.86> <CoreInst = "Multiplier">   --->   Core 3 'Multiplier' <Latency = 1> <II = 1> <Delay = 6.86> <FuncUnit> <Opcode : 'mul'> <InPorts = 2> <OutPorts = 1>
ST_5 : Operation 313 [1/1] (0.00ns) (grouped into TernaryAdder)   --->   "%add_ln36_3 = add i32 %mul_ln36_27, i32 %mul_ln36_26" [../hls/dense_gemv.cpp:36]   --->   Operation 313 'add' 'add_ln36_3' <Predicate = true> <Delay = 0.00> <CoreInst = "TAddSub">   --->   Core 10 'TAddSub' <Latency = 0> <II = 1> <Delay = 2.25> <IPBlock> <Opcode : 'add' 'sub'> <InPorts = 3> <OutPorts = 1> <Sync> <CReg>
ST_5 : Operation 314 [1/1] (2.70ns)   --->   "%add_ln36_4 = add i32 %mul_ln36_25, i32 %mul_ln36_24" [../hls/dense_gemv.cpp:36]   --->   Operation 314 'add' 'add_ln36_4' <Predicate = true> <Delay = 2.70> <CoreInst = "Adder">   --->   Core 1 'Adder' <Latency = 0> <II = 1> <Delay = 2.70> <FuncUnit> <Opcode : 'add' 'sub'> <InPorts = 2> <OutPorts = 1>
ST_5 : Operation 315 [1/1] (4.50ns) (root node of TernaryAdder)   --->   "%add_ln36_5 = add i32 %add_ln36_4, i32 %add_ln36_3" [../hls/dense_gemv.cpp:36]   --->   Operation 315 'add' 'add_ln36_5' <Predicate = true> <Delay = 4.50> <CoreInst = "TAddSub">   --->   Core 10 'TAddSub' <Latency = 0> <II = 1> <Delay = 2.25> <IPBlock> <Opcode : 'add' 'sub'> <InPorts = 3> <OutPorts = 1> <Sync> <CReg>
ST_5 : Operation 316 [1/1] (0.00ns) (grouped into TernaryAdder)   --->   "%add_ln36_10 = add i32 %mul_ln36_19, i32 %mul_ln36_18" [../hls/dense_gemv.cpp:36]   --->   Operation 316 'add' 'add_ln36_10' <Predicate = true> <Delay = 0.00> <CoreInst = "TAddSub">   --->   Core 10 'TAddSub' <Latency = 0> <II = 1> <Delay = 2.25> <IPBlock> <Opcode : 'add' 'sub'> <InPorts = 3> <OutPorts = 1> <Sync> <CReg>
ST_5 : Operation 317 [1/1] (2.70ns)   --->   "%add_ln36_11 = add i32 %mul_ln36_17, i32 %mul_ln36_16" [../hls/dense_gemv.cpp:36]   --->   Operation 317 'add' 'add_ln36_11' <Predicate = true> <Delay = 2.70> <CoreInst = "Adder">   --->   Core 1 'Adder' <Latency = 0> <II = 1> <Delay = 2.70> <FuncUnit> <Opcode : 'add' 'sub'> <InPorts = 2> <OutPorts = 1>
ST_5 : Operation 318 [1/1] (4.50ns) (root node of TernaryAdder)   --->   "%add_ln36_12 = add i32 %add_ln36_11, i32 %add_ln36_10" [../hls/dense_gemv.cpp:36]   --->   Operation 318 'add' 'add_ln36_12' <Predicate = true> <Delay = 4.50> <CoreInst = "TAddSub">   --->   Core 10 'TAddSub' <Latency = 0> <II = 1> <Delay = 2.25> <IPBlock> <Opcode : 'add' 'sub'> <InPorts = 3> <OutPorts = 1> <Sync> <CReg>
ST_5 : Operation 319 [1/1] (0.00ns) (grouped into TernaryAdder)   --->   "%add_ln36_15 = add i32 %mul_ln36_15, i32 %mul_ln36_14" [../hls/dense_gemv.cpp:36]   --->   Operation 319 'add' 'add_ln36_15' <Predicate = true> <Delay = 0.00> <CoreInst = "TAddSub">   --->   Core 10 'TAddSub' <Latency = 0> <II = 1> <Delay = 2.25> <IPBlock> <Opcode : 'add' 'sub'> <InPorts = 3> <OutPorts = 1> <Sync> <CReg>
ST_5 : Operation 320 [1/1] (2.70ns)   --->   "%add_ln36_16 = add i32 %mul_ln36_13, i32 %mul_ln36_12" [../hls/dense_gemv.cpp:36]   --->   Operation 320 'add' 'add_ln36_16' <Predicate = true> <Delay = 2.70> <CoreInst = "Adder">   --->   Core 1 'Adder' <Latency = 0> <II = 1> <Delay = 2.70> <FuncUnit> <Opcode : 'add' 'sub'> <InPorts = 2> <OutPorts = 1>
ST_5 : Operation 321 [1/1] (4.50ns) (root node of TernaryAdder)   --->   "%add_ln36_17 = add i32 %add_ln36_16, i32 %add_ln36_15" [../hls/dense_gemv.cpp:36]   --->   Operation 321 'add' 'add_ln36_17' <Predicate = true> <Delay = 4.50> <CoreInst = "TAddSub">   --->   Core 10 'TAddSub' <Latency = 0> <II = 1> <Delay = 2.25> <IPBlock> <Opcode : 'add' 'sub'> <InPorts = 3> <OutPorts = 1> <Sync> <CReg>
ST_5 : Operation 322 [1/1] (0.00ns) (grouped into TernaryAdder)   --->   "%add_ln36_18 = add i32 %mul_ln36_11, i32 %mul_ln36_10" [../hls/dense_gemv.cpp:36]   --->   Operation 322 'add' 'add_ln36_18' <Predicate = true> <Delay = 0.00> <CoreInst = "TAddSub">   --->   Core 10 'TAddSub' <Latency = 0> <II = 1> <Delay = 2.25> <IPBlock> <Opcode : 'add' 'sub'> <InPorts = 3> <OutPorts = 1> <Sync> <CReg>
ST_5 : Operation 323 [1/1] (2.70ns)   --->   "%add_ln36_19 = add i32 %mul_ln36_9, i32 %mul_ln36_8" [../hls/dense_gemv.cpp:36]   --->   Operation 323 'add' 'add_ln36_19' <Predicate = true> <Delay = 2.70> <CoreInst = "Adder">   --->   Core 1 'Adder' <Latency = 0> <II = 1> <Delay = 2.70> <FuncUnit> <Opcode : 'add' 'sub'> <InPorts = 2> <OutPorts = 1>
ST_5 : Operation 324 [1/1] (4.50ns) (root node of TernaryAdder)   --->   "%add_ln36_20 = add i32 %add_ln36_19, i32 %add_ln36_18" [../hls/dense_gemv.cpp:36]   --->   Operation 324 'add' 'add_ln36_20' <Predicate = true> <Delay = 4.50> <CoreInst = "TAddSub">   --->   Core 10 'TAddSub' <Latency = 0> <II = 1> <Delay = 2.25> <IPBlock> <Opcode : 'add' 'sub'> <InPorts = 3> <OutPorts = 1> <Sync> <CReg>
ST_5 : Operation 325 [1/1] (2.70ns)   --->   "%add_ln36_22 = add i32 %mul_ln36_7, i32 %mul_ln36_6" [../hls/dense_gemv.cpp:36]   --->   Operation 325 'add' 'add_ln36_22' <Predicate = true> <Delay = 2.70> <CoreInst = "Adder">   --->   Core 1 'Adder' <Latency = 0> <II = 1> <Delay = 2.70> <FuncUnit> <Opcode : 'add' 'sub'> <InPorts = 2> <OutPorts = 1>
ST_5 : Operation 326 [1/1] (2.70ns)   --->   "%add_ln36_23 = add i32 %mul_ln36_5, i32 %mul_ln36_4" [../hls/dense_gemv.cpp:36]   --->   Operation 326 'add' 'add_ln36_23' <Predicate = true> <Delay = 2.70> <CoreInst = "Adder">   --->   Core 1 'Adder' <Latency = 0> <II = 1> <Delay = 2.70> <FuncUnit> <Opcode : 'add' 'sub'> <InPorts = 2> <OutPorts = 1>
ST_5 : Operation 327 [1/1] (0.00ns) (grouped into TernaryAdder)   --->   "%add_ln36_24 = add i32 %add_ln36_23, i32 %add_ln36_22" [../hls/dense_gemv.cpp:36]   --->   Operation 327 'add' 'add_ln36_24' <Predicate = true> <Delay = 0.00> <CoreInst = "TAddSub">   --->   Core 10 'TAddSub' <Latency = 0> <II = 1> <Delay = 2.25> <IPBlock> <Opcode : 'add' 'sub'> <InPorts = 3> <OutPorts = 1> <Sync> <CReg>
ST_5 : Operation 328 [1/1] (4.50ns) (root node of TernaryAdder)   --->   "%add_ln36_28 = add i32 %add_ln36_27, i32 %add_ln36_24" [../hls/dense_gemv.cpp:36]   --->   Operation 328 'add' 'add_ln36_28' <Predicate = true> <Delay = 4.50> <CoreInst = "TAddSub">   --->   Core 10 'TAddSub' <Latency = 0> <II = 1> <Delay = 2.25> <IPBlock> <Opcode : 'add' 'sub'> <InPorts = 3> <OutPorts = 1> <Sync> <CReg>

State 6 <SV = 5> <Delay = 7.20>
ST_6 : Operation 329 [1/1] (2.70ns)   --->   "%add_ln36 = add i32 %mul_ln36_31, i32 %mul_ln36_30" [../hls/dense_gemv.cpp:36]   --->   Operation 329 'add' 'add_ln36' <Predicate = true> <Delay = 2.70> <CoreInst = "Adder">   --->   Core 1 'Adder' <Latency = 0> <II = 1> <Delay = 2.70> <FuncUnit> <Opcode : 'add' 'sub'> <InPorts = 2> <OutPorts = 1>
ST_6 : Operation 330 [1/1] (2.70ns)   --->   "%add_ln36_1 = add i32 %mul_ln36_29, i32 %mul_ln36_28" [../hls/dense_gemv.cpp:36]   --->   Operation 330 'add' 'add_ln36_1' <Predicate = true> <Delay = 2.70> <CoreInst = "Adder">   --->   Core 1 'Adder' <Latency = 0> <II = 1> <Delay = 2.70> <FuncUnit> <Opcode : 'add' 'sub'> <InPorts = 2> <OutPorts = 1>
ST_6 : Operation 331 [1/1] (0.00ns) (grouped into TernaryAdder)   --->   "%add_ln36_2 = add i32 %add_ln36_1, i32 %add_ln36" [../hls/dense_gemv.cpp:36]   --->   Operation 331 'add' 'add_ln36_2' <Predicate = true> <Delay = 0.00> <CoreInst = "TAddSub">   --->   Core 10 'TAddSub' <Latency = 0> <II = 1> <Delay = 2.25> <IPBlock> <Opcode : 'add' 'sub'> <InPorts = 3> <OutPorts = 1> <Sync> <CReg>
ST_6 : Operation 332 [1/1] (4.50ns) (root node of TernaryAdder)   --->   "%add_ln36_6 = add i32 %add_ln36_5, i32 %add_ln36_2" [../hls/dense_gemv.cpp:36]   --->   Operation 332 'add' 'add_ln36_6' <Predicate = true> <Delay = 4.50> <CoreInst = "TAddSub">   --->   Core 10 'TAddSub' <Latency = 0> <II = 1> <Delay = 2.25> <IPBlock> <Opcode : 'add' 'sub'> <InPorts = 3> <OutPorts = 1> <Sync> <CReg>
ST_6 : Operation 333 [1/1] (2.70ns)   --->   "%add_ln36_7 = add i32 %mul_ln36_23, i32 %mul_ln36_22" [../hls/dense_gemv.cpp:36]   --->   Operation 333 'add' 'add_ln36_7' <Predicate = true> <Delay = 2.70> <CoreInst = "Adder">   --->   Core 1 'Adder' <Latency = 0> <II = 1> <Delay = 2.70> <FuncUnit> <Opcode : 'add' 'sub'> <InPorts = 2> <OutPorts = 1>
ST_6 : Operation 334 [1/1] (2.70ns)   --->   "%add_ln36_8 = add i32 %mul_ln36_21, i32 %mul_ln36_20" [../hls/dense_gemv.cpp:36]   --->   Operation 334 'add' 'add_ln36_8' <Predicate = true> <Delay = 2.70> <CoreInst = "Adder">   --->   Core 1 'Adder' <Latency = 0> <II = 1> <Delay = 2.70> <FuncUnit> <Opcode : 'add' 'sub'> <InPorts = 2> <OutPorts = 1>
ST_6 : Operation 335 [1/1] (0.00ns) (grouped into TernaryAdder)   --->   "%add_ln36_9 = add i32 %add_ln36_8, i32 %add_ln36_7" [../hls/dense_gemv.cpp:36]   --->   Operation 335 'add' 'add_ln36_9' <Predicate = true> <Delay = 0.00> <CoreInst = "TAddSub">   --->   Core 10 'TAddSub' <Latency = 0> <II = 1> <Delay = 2.25> <IPBlock> <Opcode : 'add' 'sub'> <InPorts = 3> <OutPorts = 1> <Sync> <CReg>
ST_6 : Operation 336 [1/1] (4.50ns) (root node of TernaryAdder)   --->   "%add_ln36_13 = add i32 %add_ln36_12, i32 %add_ln36_9" [../hls/dense_gemv.cpp:36]   --->   Operation 336 'add' 'add_ln36_13' <Predicate = true> <Delay = 4.50> <CoreInst = "TAddSub">   --->   Core 10 'TAddSub' <Latency = 0> <II = 1> <Delay = 2.25> <IPBlock> <Opcode : 'add' 'sub'> <InPorts = 3> <OutPorts = 1> <Sync> <CReg>
ST_6 : Operation 337 [1/1] (0.00ns) (grouped into TernaryAdder)   --->   "%add_ln36_21 = add i32 %add_ln36_20, i32 %add_ln36_17" [../hls/dense_gemv.cpp:36]   --->   Operation 337 'add' 'add_ln36_21' <Predicate = true> <Delay = 0.00> <CoreInst = "TAddSub">   --->   Core 10 'TAddSub' <Latency = 0> <II = 1> <Delay = 2.25> <IPBlock> <Opcode : 'add' 'sub'> <InPorts = 3> <OutPorts = 1> <Sync> <CReg>
ST_6 : Operation 338 [1/1] (4.50ns) (root node of TernaryAdder)   --->   "%add_ln36_29 = add i32 %add_ln36_28, i32 %add_ln36_21" [../hls/dense_gemv.cpp:36]   --->   Operation 338 'add' 'add_ln36_29' <Predicate = true> <Delay = 4.50> <CoreInst = "TAddSub">   --->   Core 10 'TAddSub' <Latency = 0> <II = 1> <Delay = 2.25> <IPBlock> <Opcode : 'add' 'sub'> <InPorts = 3> <OutPorts = 1> <Sync> <CReg>
ST_6 : Operation 345 [1/1] (1.61ns)   --->   "%ret_ln0 = ret"   --->   Operation 345 'ret' 'ret_ln0' <Predicate = (!icmp_ln30)> <Delay = 1.61>

State 7 <SV = 6> <Delay = 5.82>
ST_7 : Operation 339 [1/1] (0.00ns)   --->   "%specpipeline_ln32 = specpipeline void @_ssdm_op_SpecPipeline, i32 1, i32 0, i32 0, i32 0, i32 4294967295, void @empty" [../hls/dense_gemv.cpp:32]   --->   Operation 339 'specpipeline' 'specpipeline_ln32' <Predicate = true> <Delay = 0.00>
ST_7 : Operation 340 [1/1] (0.00ns)   --->   "%specloopname_ln30 = specloopname void @_ssdm_op_SpecLoopName, void @empty_38" [../hls/dense_gemv.cpp:30]   --->   Operation 340 'specloopname' 'specloopname_ln30' <Predicate = true> <Delay = 0.00>
ST_7 : Operation 341 [1/1] (0.00ns) (grouped into TernaryAdder)   --->   "%add_ln36_14 = add i32 %add_ln36_13, i32 %add_ln36_6" [../hls/dense_gemv.cpp:36]   --->   Operation 341 'add' 'add_ln36_14' <Predicate = true> <Delay = 0.00> <CoreInst = "TAddSub">   --->   Core 10 'TAddSub' <Latency = 0> <II = 1> <Delay = 2.25> <IPBlock> <Opcode : 'add' 'sub'> <InPorts = 3> <OutPorts = 1> <Sync> <CReg>
ST_7 : Operation 342 [1/1] (4.50ns) (root node of TernaryAdder)   --->   "%acc = add i32 %add_ln36_29, i32 %add_ln36_14" [../hls/dense_gemv.cpp:36]   --->   Operation 342 'add' 'acc' <Predicate = true> <Delay = 4.50> <CoreInst = "TAddSub">   --->   Core 10 'TAddSub' <Latency = 0> <II = 1> <Delay = 2.25> <IPBlock> <Opcode : 'add' 'sub'> <InPorts = 3> <OutPorts = 1> <Sync> <CReg>
ST_7 : Operation 343 [1/1] ( I:1.31ns O:1.31ns )   --->   "%write_ln39 = write void @_ssdm_op_Write.axis.volatile.i32P128A, i32 %out_stream, i32 %acc" [../hls/dense_gemv.cpp:39]   --->   Operation 343 'write' 'write_ln39' <Predicate = true> <Delay = 1.31> <CoreInst = "regslice">   --->   Core 135 'regslice' <Latency = 0> <II = 1> <Delay = 2.05> <Adapter> <Opcode : 'read' 'write'>
ST_7 : Operation 344 [1/1] (0.00ns)   --->   "%br_ln30 = br void %VITIS_LOOP_35_3" [../hls/dense_gemv.cpp:30]   --->   Operation 344 'br' 'br_ln30' <Predicate = true> <Delay = 0.00>


============================================================
+ Verbose Summary: Binding
============================================================
STG Binding: 
---------------- STG Properties BEGIN ----------------
- Is combinational: 0
- Is one-state seq: 0
- Is datapath-only: 0
- Is pipelined: 0
- Is top level: 0
Port [ Return ] is wired: 1; IO mode=ap_ctrl_hs:ce=0
Port [ num_rows]:  wired=1; compound=0; hidden=0; nouse=0; global=0; static=0; extern=0; dir=0; type=0; pingpong=0; private_global=0; IO mode=ap_none:ce=0
Port [ weights_0]:  wired=1; compound=1; hidden=0; nouse=0; global=0; static=0; extern=0; dir=0; type=1; pingpong=0; private_global=0; MemPort=[1]; IO mode=ap_memory:ce=0
Port [ weights_1]:  wired=1; compound=1; hidden=0; nouse=0; global=0; static=0; extern=0; dir=0; type=1; pingpong=0; private_global=0; MemPort=[1]; IO mode=ap_memory:ce=0
Port [ weights_2]:  wired=1; compound=1; hidden=0; nouse=0; global=0; static=0; extern=0; dir=0; type=1; pingpong=0; private_global=0; MemPort=[1]; IO mode=ap_memory:ce=0
Port [ weights_3]:  wired=1; compound=1; hidden=0; nouse=0; global=0; static=0; extern=0; dir=0; type=1; pingpong=0; private_global=0; MemPort=[1]; IO mode=ap_memory:ce=0
Port [ weights_4]:  wired=1; compound=1; hidden=0; nouse=0; global=0; static=0; extern=0; dir=0; type=1; pingpong=0; private_global=0; MemPort=[1]; IO mode=ap_memory:ce=0
Port [ weights_5]:  wired=1; compound=1; hidden=0; nouse=0; global=0; static=0; extern=0; dir=0; type=1; pingpong=0; private_global=0; MemPort=[1]; IO mode=ap_memory:ce=0
Port [ weights_6]:  wired=1; compound=1; hidden=0; nouse=0; global=0; static=0; extern=0; dir=0; type=1; pingpong=0; private_global=0; MemPort=[1]; IO mode=ap_memory:ce=0
Port [ weights_7]:  wired=1; compound=1; hidden=0; nouse=0; global=0; static=0; extern=0; dir=0; type=1; pingpong=0; private_global=0; MemPort=[1]; IO mode=ap_memory:ce=0
Port [ weights_8]:  wired=1; compound=1; hidden=0; nouse=0; global=0; static=0; extern=0; dir=0; type=1; pingpong=0; private_global=0; MemPort=[1]; IO mode=ap_memory:ce=0
Port [ weights_9]:  wired=1; compound=1; hidden=0; nouse=0; global=0; static=0; extern=0; dir=0; type=1; pingpong=0; private_global=0; MemPort=[1]; IO mode=ap_memory:ce=0
Port [ weights_10]:  wired=1; compound=1; hidden=0; nouse=0; global=0; static=0; extern=0; dir=0; type=1; pingpong=0; private_global=0; MemPort=[1]; IO mode=ap_memory:ce=0
Port [ weights_11]:  wired=1; compound=1; hidden=0; nouse=0; global=0; static=0; extern=0; dir=0; type=1; pingpong=0; private_global=0; MemPort=[1]; IO mode=ap_memory:ce=0
Port [ weights_12]:  wired=1; compound=1; hidden=0; nouse=0; global=0; static=0; extern=0; dir=0; type=1; pingpong=0; private_global=0; MemPort=[1]; IO mode=ap_memory:ce=0
Port [ weights_13]:  wired=1; compound=1; hidden=0; nouse=0; global=0; static=0; extern=0; dir=0; type=1; pingpong=0; private_global=0; MemPort=[1]; IO mode=ap_memory:ce=0
Port [ weights_14]:  wired=1; compound=1; hidden=0; nouse=0; global=0; static=0; extern=0; dir=0; type=1; pingpong=0; private_global=0; MemPort=[1]; IO mode=ap_memory:ce=0
Port [ weights_15]:  wired=1; compound=1; hidden=0; nouse=0; global=0; static=0; extern=0; dir=0; type=1; pingpong=0; private_global=0; MemPort=[1]; IO mode=ap_memory:ce=0
Port [ weights_16]:  wired=1; compound=1; hidden=0; nouse=0; global=0; static=0; extern=0; dir=0; type=1; pingpong=0; private_global=0; MemPort=[1]; IO mode=ap_memory:ce=0
Port [ weights_17]:  wired=1; compound=1; hidden=0; nouse=0; global=0; static=0; extern=0; dir=0; type=1; pingpong=0; private_global=0; MemPort=[1]; IO mode=ap_memory:ce=0
Port [ weights_18]:  wired=1; compound=1; hidden=0; nouse=0; global=0; static=0; extern=0; dir=0; type=1; pingpong=0; private_global=0; MemPort=[1]; IO mode=ap_memory:ce=0
Port [ weights_19]:  wired=1; compound=1; hidden=0; nouse=0; global=0; static=0; extern=0; dir=0; type=1; pingpong=0; private_global=0; MemPort=[1]; IO mode=ap_memory:ce=0
Port [ weights_20]:  wired=1; compound=1; hidden=0; nouse=0; global=0; static=0; extern=0; dir=0; type=1; pingpong=0; private_global=0; MemPort=[1]; IO mode=ap_memory:ce=0
Port [ weights_21]:  wired=1; compound=1; hidden=0; nouse=0; global=0; static=0; extern=0; dir=0; type=1; pingpong=0; private_global=0; MemPort=[1]; IO mode=ap_memory:ce=0
Port [ weights_22]:  wired=1; compound=1; hidden=0; nouse=0; global=0; static=0; extern=0; dir=0; type=1; pingpong=0; private_global=0; MemPort=[1]; IO mode=ap_memory:ce=0
Port [ weights_23]:  wired=1; compound=1; hidden=0; nouse=0; global=0; static=0; extern=0; dir=0; type=1; pingpong=0; private_global=0; MemPort=[1]; IO mode=ap_memory:ce=0
Port [ weights_24]:  wired=1; compound=1; hidden=0; nouse=0; global=0; static=0; extern=0; dir=0; type=1; pingpong=0; private_global=0; MemPort=[1]; IO mode=ap_memory:ce=0
Port [ weights_25]:  wired=1; compound=1; hidden=0; nouse=0; global=0; static=0; extern=0; dir=0; type=1; pingpong=0; private_global=0; MemPort=[1]; IO mode=ap_memory:ce=0
Port [ weights_26]:  wired=1; compound=1; hidden=0; nouse=0; global=0; static=0; extern=0; dir=0; type=1; pingpong=0; private_global=0; MemPort=[1]; IO mode=ap_memory:ce=0
Port [ weights_27]:  wired=1; compound=1; hidden=0; nouse=0; global=0; static=0; extern=0; dir=0; type=1; pingpong=0; private_global=0; MemPort=[1]; IO mode=ap_memory:ce=0
Port [ weights_28]:  wired=1; compound=1; hidden=0; nouse=0; global=0; static=0; extern=0; dir=0; type=1; pingpong=0; private_global=0; MemPort=[1]; IO mode=ap_memory:ce=0
Port [ weights_29]:  wired=1; compound=1; hidden=0; nouse=0; global=0; static=0; extern=0; dir=0; type=1; pingpong=0; private_global=0; MemPort=[1]; IO mode=ap_memory:ce=0
Port [ weights_30]:  wired=1; compound=1; hidden=0; nouse=0; global=0; static=0; extern=0; dir=0; type=1; pingpong=0; private_global=0; MemPort=[1]; IO mode=ap_memory:ce=0
Port [ weights_31]:  wired=1; compound=1; hidden=0; nouse=0; global=0; static=0; extern=0; dir=0; type=1; pingpong=0; private_global=0; MemPort=[1]; IO mode=ap_memory:ce=0
Port [ sext_ln36_31]:  wired=1; compound=0; hidden=0; nouse=0; global=0; static=0; extern=0; dir=0; type=0; pingpong=0; private_global=0; IO mode=ap_none:ce=0
Port [ sext_ln36_30]:  wired=1; compound=0; hidden=0; nouse=0; global=0; static=0; extern=0; dir=0; type=0; pingpong=0; private_global=0; IO mode=ap_none:ce=0
Port [ sext_ln36_29]:  wired=1; compound=0; hidden=0; nouse=0; global=0; static=0; extern=0; dir=0; type=0; pingpong=0; private_global=0; IO mode=ap_none:ce=0
Port [ sext_ln36_28]:  wired=1; compound=0; hidden=0; nouse=0; global=0; static=0; extern=0; dir=0; type=0; pingpong=0; private_global=0; IO mode=ap_none:ce=0
Port [ sext_ln36_27]:  wired=1; compound=0; hidden=0; nouse=0; global=0; static=0; extern=0; dir=0; type=0; pingpong=0; private_global=0; IO mode=ap_none:ce=0
Port [ sext_ln36_26]:  wired=1; compound=0; hidden=0; nouse=0; global=0; static=0; extern=0; dir=0; type=0; pingpong=0; private_global=0; IO mode=ap_none:ce=0
Port [ sext_ln36_25]:  wired=1; compound=0; hidden=0; nouse=0; global=0; static=0; extern=0; dir=0; type=0; pingpong=0; private_global=0; IO mode=ap_none:ce=0
Port [ sext_ln36_24]:  wired=1; compound=0; hidden=0; nouse=0; global=0; static=0; extern=0; dir=0; type=0; pingpong=0; private_global=0; IO mode=ap_none:ce=0
Port [ sext_ln36_23]:  wired=1; compound=0; hidden=0; nouse=0; global=0; static=0; extern=0; dir=0; type=0; pingpong=0; private_global=0; IO mode=ap_none:ce=0
Port [ sext_ln36_22]:  wired=1; compound=0; hidden=0; nouse=0; global=0; static=0; extern=0; dir=0; type=0; pingpong=0; private_global=0; IO mode=ap_none:ce=0
Port [ sext_ln36_21]:  wired=1; compound=0; hidden=0; nouse=0; global=0; static=0; extern=0; dir=0; type=0; pingpong=0; private_global=0; IO mode=ap_none:ce=0
Port [ sext_ln36_20]:  wired=1; compound=0; hidden=0; nouse=0; global=0; static=0; extern=0; dir=0; type=0; pingpong=0; private_global=0; IO mode=ap_none:ce=0
Port [ sext_ln36_19]:  wired=1; compound=0; hidden=0; nouse=0; global=0; static=0; extern=0; dir=0; type=0; pingpong=0; private_global=0; IO mode=ap_none:ce=0
Port [ sext_ln36_18]:  wired=1; compound=0; hidden=0; nouse=0; global=0; static=0; extern=0; dir=0; type=0; pingpong=0; private_global=0; IO mode=ap_none:ce=0
Port [ sext_ln36_17]:  wired=1; compound=0; hidden=0; nouse=0; global=0; static=0; extern=0; dir=0; type=0; pingpong=0; private_global=0; IO mode=ap_none:ce=0
Port [ sext_ln36_16]:  wired=1; compound=0; hidden=0; nouse=0; global=0; static=0; extern=0; dir=0; type=0; pingpong=0; private_global=0; IO mode=ap_none:ce=0
Port [ sext_ln36_15]:  wired=1; compound=0; hidden=0; nouse=0; global=0; static=0; extern=0; dir=0; type=0; pingpong=0; private_global=0; IO mode=ap_none:ce=0
Port [ sext_ln36_14]:  wired=1; compound=0; hidden=0; nouse=0; global=0; static=0; extern=0; dir=0; type=0; pingpong=0; private_global=0; IO mode=ap_none:ce=0
Port [ sext_ln36_13]:  wired=1; compound=0; hidden=0; nouse=0; global=0; static=0; extern=0; dir=0; type=0; pingpong=0; private_global=0; IO mode=ap_none:ce=0
Port [ sext_ln36_12]:  wired=1; compound=0; hidden=0; nouse=0; global=0; static=0; extern=0; dir=0; type=0; pingpong=0; private_global=0; IO mode=ap_none:ce=0
Port [ sext_ln36_11]:  wired=1; compound=0; hidden=0; nouse=0; global=0; static=0; extern=0; dir=0; type=0; pingpong=0; private_global=0; IO mode=ap_none:ce=0
Port [ sext_ln36_10]:  wired=1; compound=0; hidden=0; nouse=0; global=0; static=0; extern=0; dir=0; type=0; pingpong=0; private_global=0; IO mode=ap_none:ce=0
Port [ sext_ln36_9]:  wired=1; compound=0; hidden=0; nouse=0; global=0; static=0; extern=0; dir=0; type=0; pingpong=0; private_global=0; IO mode=ap_none:ce=0
Port [ sext_ln36_8]:  wired=1; compound=0; hidden=0; nouse=0; global=0; static=0; extern=0; dir=0; type=0; pingpong=0; private_global=0; IO mode=ap_none:ce=0
Port [ sext_ln36_7]:  wired=1; compound=0; hidden=0; nouse=0; global=0; static=0; extern=0; dir=0; type=0; pingpong=0; private_global=0; IO mode=ap_none:ce=0
Port [ sext_ln36_6]:  wired=1; compound=0; hidden=0; nouse=0; global=0; static=0; extern=0; dir=0; type=0; pingpong=0; private_global=0; IO mode=ap_none:ce=0
Port [ sext_ln36_5]:  wired=1; compound=0; hidden=0; nouse=0; global=0; static=0; extern=0; dir=0; type=0; pingpong=0; private_global=0; IO mode=ap_none:ce=0
Port [ sext_ln36_4]:  wired=1; compound=0; hidden=0; nouse=0; global=0; static=0; extern=0; dir=0; type=0; pingpong=0; private_global=0; IO mode=ap_none:ce=0
Port [ sext_ln36_3]:  wired=1; compound=0; hidden=0; nouse=0; global=0; static=0; extern=0; dir=0; type=0; pingpong=0; private_global=0; IO mode=ap_none:ce=0
Port [ sext_ln36_2]:  wired=1; compound=0; hidden=0; nouse=0; global=0; static=0; extern=0; dir=0; type=0; pingpong=0; private_global=0; IO mode=ap_none:ce=0
Port [ sext_ln36]:  wired=1; compound=0; hidden=0; nouse=0; global=0; static=0; extern=0; dir=0; type=0; pingpong=0; private_global=0; IO mode=ap_none:ce=0
Port [ sext_ln36_1]:  wired=1; compound=0; hidden=0; nouse=0; global=0; static=0; extern=0; dir=0; type=0; pingpong=0; private_global=0; IO mode=ap_none:ce=0
Port [ out_stream]:  wired=1; compound=1; hidden=0; nouse=0; global=0; static=0; extern=0; dir=1; type=0; pingpong=0; private_global=0; IO mode=axis:ce=0
---------------- STG Properties END ------------------

---------------- Datapath Model BEGIN ----------------

<LifeTime>
<method=bitvector/>
i                 (alloca       ) [ 01000000]
sext_ln36_1_read  (read         ) [ 00000000]
sext_ln36_read    (read         ) [ 00000000]
sext_ln36_2_read  (read         ) [ 00000000]
sext_ln36_3_read  (read         ) [ 00000000]
sext_ln36_4_read  (read         ) [ 00000000]
sext_ln36_5_read  (read         ) [ 00000000]
sext_ln36_6_read  (read         ) [ 00000000]
sext_ln36_7_read  (read         ) [ 00000000]
sext_ln36_8_read  (read         ) [ 00000000]
sext_ln36_9_read  (read         ) [ 00000000]
sext_ln36_10_read (read         ) [ 00000000]
sext_ln36_11_read (read         ) [ 00000000]
sext_ln36_12_read (read         ) [ 00000000]
sext_ln36_13_read (read         ) [ 00000000]
sext_ln36_14_read (read         ) [ 00000000]
sext_ln36_15_read (read         ) [ 00000000]
sext_ln36_16_read (read         ) [ 00000000]
sext_ln36_17_read (read         ) [ 00000000]
sext_ln36_18_read (read         ) [ 00000000]
sext_ln36_19_read (read         ) [ 00000000]
sext_ln36_20_read (read         ) [ 00000000]
sext_ln36_21_read (read         ) [ 00000000]
sext_ln36_22_read (read         ) [ 00000000]
sext_ln36_23_read (read         ) [ 00000000]
sext_ln36_24_read (read         ) [ 00000000]
sext_ln36_25_read (read         ) [ 00000000]
sext_ln36_26_read (read         ) [ 00000000]
sext_ln36_27_read (read         ) [ 00000000]
sext_ln36_28_read (read         ) [ 00000000]
sext_ln36_29_read (read         ) [ 00000000]
sext_ln36_30_read (read         ) [ 00000000]
sext_ln36_31_read (read         ) [ 00000000]
num_rows_read     (read         ) [ 00000000]
sext_ln36_1_cast  (sext         ) [ 01111100]
sext_ln36_cast    (sext         ) [ 01111100]
sext_ln36_2_cast  (sext         ) [ 01111100]
sext_ln36_3_cast  (sext         ) [ 01111100]
sext_ln36_4_cast  (sext         ) [ 01111000]
sext_ln36_5_cast  (sext         ) [ 01111000]
sext_ln36_6_cast  (sext         ) [ 01111000]
sext_ln36_7_cast  (sext         ) [ 01111000]
sext_ln36_8_cast  (sext         ) [ 01111100]
sext_ln36_9_cast  (sext         ) [ 01111100]
sext_ln36_10_cast (sext         ) [ 01111100]
sext_ln36_11_cast (sext         ) [ 01111100]
sext_ln36_12_cast (sext         ) [ 01111000]
sext_ln36_13_cast (sext         ) [ 01111000]
sext_ln36_14_cast (sext         ) [ 01111000]
sext_ln36_15_cast (sext         ) [ 01111000]
sext_ln36_16_cast (sext         ) [ 01111000]
sext_ln36_17_cast (sext         ) [ 01111000]
sext_ln36_18_cast (sext         ) [ 01111000]
sext_ln36_19_cast (sext         ) [ 01111000]
sext_ln36_20_cast (sext         ) [ 01111000]
sext_ln36_21_cast (sext         ) [ 01111000]
sext_ln36_22_cast (sext         ) [ 01111000]
sext_ln36_23_cast (sext         ) [ 01111000]
sext_ln36_24_cast (sext         ) [ 01111000]
sext_ln36_25_cast (sext         ) [ 01111000]
sext_ln36_26_cast (sext         ) [ 01111000]
sext_ln36_27_cast (sext         ) [ 01111000]
sext_ln36_28_cast (sext         ) [ 01110000]
sext_ln36_29_cast (sext         ) [ 01110000]
sext_ln36_30_cast (sext         ) [ 01110000]
sext_ln36_31_cast (sext         ) [ 01110000]
specmemcore_ln0   (specmemcore  ) [ 00000000]
specmemcore_ln0   (specmemcore  ) [ 00000000]
specmemcore_ln0   (specmemcore  ) [ 00000000]
specmemcore_ln0   (specmemcore  ) [ 00000000]
specmemcore_ln0   (specmemcore  ) [ 00000000]
specmemcore_ln0   (specmemcore  ) [ 00000000]
specmemcore_ln0   (specmemcore  ) [ 00000000]
specmemcore_ln0   (specmemcore  ) [ 00000000]
specmemcore_ln0   (specmemcore  ) [ 00000000]
specmemcore_ln0   (specmemcore  ) [ 00000000]
specmemcore_ln0   (specmemcore  ) [ 00000000]
specmemcore_ln0   (specmemcore  ) [ 00000000]
specmemcore_ln0   (specmemcore  ) [ 00000000]
specmemcore_ln0   (specmemcore  ) [ 00000000]
specmemcore_ln0   (specmemcore  ) [ 00000000]
specmemcore_ln0   (specmemcore  ) [ 00000000]
specmemcore_ln0   (specmemcore  ) [ 00000000]
specmemcore_ln0   (specmemcore  ) [ 00000000]
specmemcore_ln0   (specmemcore  ) [ 00000000]
specmemcore_ln0   (specmemcore  ) [ 00000000]
specmemcore_ln0   (specmemcore  ) [ 00000000]
specmemcore_ln0   (specmemcore  ) [ 00000000]
specmemcore_ln0   (specmemcore  ) [ 00000000]
specmemcore_ln0   (specmemcore  ) [ 00000000]
specmemcore_ln0   (specmemcore  ) [ 00000000]
specmemcore_ln0   (specmemcore  ) [ 00000000]
specmemcore_ln0   (specmemcore  ) [ 00000000]
specmemcore_ln0   (specmemcore  ) [ 00000000]
specmemcore_ln0   (specmemcore  ) [ 00000000]
specmemcore_ln0   (specmemcore  ) [ 00000000]
specmemcore_ln0   (specmemcore  ) [ 00000000]
specmemcore_ln0   (specmemcore  ) [ 00000000]
specinterface_ln0 (specinterface) [ 00000000]
specinterface_ln0 (specinterface) [ 00000000]
specinterface_ln0 (specinterface) [ 00000000]
specinterface_ln0 (specinterface) [ 00000000]
specinterface_ln0 (specinterface) [ 00000000]
specinterface_ln0 (specinterface) [ 00000000]
specinterface_ln0 (specinterface) [ 00000000]
specinterface_ln0 (specinterface) [ 00000000]
specinterface_ln0 (specinterface) [ 00000000]
specinterface_ln0 (specinterface) [ 00000000]
specinterface_ln0 (specinterface) [ 00000000]
specinterface_ln0 (specinterface) [ 00000000]
specinterface_ln0 (specinterface) [ 00000000]
specinterface_ln0 (specinterface) [ 00000000]
specinterface_ln0 (specinterface) [ 00000000]
specinterface_ln0 (specinterface) [ 00000000]
specinterface_ln0 (specinterface) [ 00000000]
specinterface_ln0 (specinterface) [ 00000000]
specinterface_ln0 (specinterface) [ 00000000]
specinterface_ln0 (specinterface) [ 00000000]
specinterface_ln0 (specinterface) [ 00000000]
specinterface_ln0 (specinterface) [ 00000000]
specinterface_ln0 (specinterface) [ 00000000]
specinterface_ln0 (specinterface) [ 00000000]
specinterface_ln0 (specinterface) [ 00000000]
specinterface_ln0 (specinterface) [ 00000000]
specinterface_ln0 (specinterface) [ 00000000]
specinterface_ln0 (specinterface) [ 00000000]
specinterface_ln0 (specinterface) [ 00000000]
specinterface_ln0 (specinterface) [ 00000000]
specinterface_ln0 (specinterface) [ 00000000]
specinterface_ln0 (specinterface) [ 00000000]
specinterface_ln0 (specinterface) [ 00000000]
store_ln30        (store        ) [ 00000000]
br_ln0            (br           ) [ 00000000]
i_1               (load         ) [ 00000000]
zext_ln30_1       (zext         ) [ 00000000]
icmp_ln30         (icmp         ) [ 01111110]
add_ln30          (add          ) [ 00000000]
br_ln30           (br           ) [ 00000000]
zext_ln30         (zext         ) [ 01110000]
weights_28_addr   (getelementptr) [ 01100000]
weights_29_addr   (getelementptr) [ 01100000]
weights_30_addr   (getelementptr) [ 01100000]
weights_31_addr   (getelementptr) [ 01100000]
store_ln30        (store        ) [ 00000000]
weights_4_addr    (getelementptr) [ 01010000]
weights_5_addr    (getelementptr) [ 01010000]
weights_6_addr    (getelementptr) [ 01010000]
weights_7_addr    (getelementptr) [ 01010000]
weights_12_addr   (getelementptr) [ 01010000]
weights_13_addr   (getelementptr) [ 01010000]
weights_14_addr   (getelementptr) [ 01010000]
weights_15_addr   (getelementptr) [ 01010000]
weights_16_addr   (getelementptr) [ 01010000]
weights_17_addr   (getelementptr) [ 01010000]
weights_18_addr   (getelementptr) [ 01010000]
weights_19_addr   (getelementptr) [ 01010000]
weights_20_addr   (getelementptr) [ 01010000]
weights_21_addr   (getelementptr) [ 01010000]
weights_22_addr   (getelementptr) [ 01010000]
weights_23_addr   (getelementptr) [ 01010000]
weights_24_addr   (getelementptr) [ 01010000]
weights_25_addr   (getelementptr) [ 01010000]
weights_26_addr   (getelementptr) [ 01010000]
weights_27_addr   (getelementptr) [ 01010000]
weights_28_load   (load         ) [ 01010000]
weights_29_load   (load         ) [ 01010000]
weights_30_load   (load         ) [ 01010000]
weights_31_load   (load         ) [ 01010000]
weights_0_addr    (getelementptr) [ 01001000]
weights_1_addr    (getelementptr) [ 01001000]
weights_2_addr    (getelementptr) [ 01001000]
weights_3_addr    (getelementptr) [ 01001000]
weights_4_load    (load         ) [ 01001000]
weights_5_load    (load         ) [ 01001000]
weights_6_load    (load         ) [ 01001000]
weights_7_load    (load         ) [ 01001000]
weights_8_addr    (getelementptr) [ 01001000]
weights_9_addr    (getelementptr) [ 01001000]
weights_10_addr   (getelementptr) [ 01001000]
weights_11_addr   (getelementptr) [ 01001000]
weights_12_load   (load         ) [ 01001000]
weights_13_load   (load         ) [ 01001000]
weights_14_load   (load         ) [ 01001000]
weights_15_load   (load         ) [ 01001000]
weights_16_load   (load         ) [ 01001000]
weights_17_load   (load         ) [ 01001000]
weights_18_load   (load         ) [ 01001000]
weights_19_load   (load         ) [ 01001000]
weights_20_load   (load         ) [ 01001000]
weights_21_load   (load         ) [ 01001000]
weights_22_load   (load         ) [ 01001000]
weights_23_load   (load         ) [ 01001000]
weights_24_load   (load         ) [ 01001000]
weights_25_load   (load         ) [ 01001000]
weights_26_load   (load         ) [ 01001000]
weights_27_load   (load         ) [ 01001000]
mul_ln36          (mul          ) [ 01001000]
mul_ln36_1        (mul          ) [ 01001000]
mul_ln36_2        (mul          ) [ 01001000]
mul_ln36_3        (mul          ) [ 01001000]
weights_0_load    (load         ) [ 01000100]
weights_1_load    (load         ) [ 01000100]
weights_2_load    (load         ) [ 01000100]
weights_3_load    (load         ) [ 01000100]
weights_8_load    (load         ) [ 01000100]
weights_9_load    (load         ) [ 01000100]
weights_10_load   (load         ) [ 01000100]
weights_11_load   (load         ) [ 01000100]
mul_ln36_4        (mul          ) [ 01000100]
mul_ln36_5        (mul          ) [ 01000100]
mul_ln36_6        (mul          ) [ 01000100]
mul_ln36_7        (mul          ) [ 01000100]
mul_ln36_8        (mul          ) [ 01000100]
mul_ln36_9        (mul          ) [ 01000100]
mul_ln36_10       (mul          ) [ 01000100]
mul_ln36_11       (mul          ) [ 01000100]
mul_ln36_12       (mul          ) [ 01000100]
mul_ln36_13       (mul          ) [ 01000100]
mul_ln36_14       (mul          ) [ 01000100]
mul_ln36_15       (mul          ) [ 01000100]
mul_ln36_16       (mul          ) [ 01000100]
mul_ln36_17       (mul          ) [ 01000100]
mul_ln36_18       (mul          ) [ 01000100]
mul_ln36_19       (mul          ) [ 01000100]
mul_ln36_24       (mul          ) [ 01000100]
mul_ln36_25       (mul          ) [ 01000100]
mul_ln36_26       (mul          ) [ 01000100]
mul_ln36_27       (mul          ) [ 01000100]
add_ln36_25       (add          ) [ 00000000]
add_ln36_26       (add          ) [ 00000000]
add_ln36_27       (add          ) [ 01000100]
mul_ln36_20       (mul          ) [ 01000010]
mul_ln36_21       (mul          ) [ 01000010]
mul_ln36_22       (mul          ) [ 01000010]
mul_ln36_23       (mul          ) [ 01000010]
mul_ln36_28       (mul          ) [ 01000010]
mul_ln36_29       (mul          ) [ 01000010]
mul_ln36_30       (mul          ) [ 01000010]
mul_ln36_31       (mul          ) [ 01000010]
add_ln36_3        (add          ) [ 00000000]
add_ln36_4        (add          ) [ 00000000]
add_ln36_5        (add          ) [ 01000010]
add_ln36_10       (add          ) [ 00000000]
add_ln36_11       (add          ) [ 00000000]
add_ln36_12       (add          ) [ 01000010]
add_ln36_15       (add          ) [ 00000000]
add_ln36_16       (add          ) [ 00000000]
add_ln36_17       (add          ) [ 01000010]
add_ln36_18       (add          ) [ 00000000]
add_ln36_19       (add          ) [ 00000000]
add_ln36_20       (add          ) [ 01000010]
add_ln36_22       (add          ) [ 00000000]
add_ln36_23       (add          ) [ 00000000]
add_ln36_24       (add          ) [ 00000000]
add_ln36_28       (add          ) [ 01000010]
add_ln36          (add          ) [ 00000000]
add_ln36_1        (add          ) [ 00000000]
add_ln36_2        (add          ) [ 00000000]
add_ln36_6        (add          ) [ 01000001]
add_ln36_7        (add          ) [ 00000000]
add_ln36_8        (add          ) [ 00000000]
add_ln36_9        (add          ) [ 00000000]
add_ln36_13       (add          ) [ 01000001]
add_ln36_21       (add          ) [ 00000000]
add_ln36_29       (add          ) [ 01000001]
specpipeline_ln32 (specpipeline ) [ 00000000]
specloopname_ln30 (specloopname ) [ 00000000]
add_ln36_14       (add          ) [ 00000000]
acc               (add          ) [ 00000000]
write_ln39        (write        ) [ 00000000]
br_ln30           (br           ) [ 00000000]
ret_ln0           (ret          ) [ 00000000]
</LifeTime>

<model>

<comp_list>
<comp id="0" class="1000" name="num_rows">
<pin_list>
<pin id="1" dir="1" index="0" bw="1" slack="0"/>
</pin_list>
<bind>
<StgValue><ssdm name="num_rows"/></StgValue>
</bind>
</comp>

<comp id="2" class="1000" name="weights_0">
<pin_list>
<pin id="3" dir="1" index="0" bw="1" slack="0"/>
</pin_list>
<bind>
<StgValue><ssdm name="weights_0"/><MemPortTyVec>1 </MemPortTyVec>
</StgValue>
</bind>
</comp>

<comp id="4" class="1000" name="weights_1">
<pin_list>
<pin id="5" dir="1" index="0" bw="1" slack="0"/>
</pin_list>
<bind>
<StgValue><ssdm name="weights_1"/><MemPortTyVec>1 </MemPortTyVec>
</StgValue>
</bind>
</comp>

<comp id="6" class="1000" name="weights_2">
<pin_list>
<pin id="7" dir="1" index="0" bw="1" slack="0"/>
</pin_list>
<bind>
<StgValue><ssdm name="weights_2"/><MemPortTyVec>1 </MemPortTyVec>
</StgValue>
</bind>
</comp>

<comp id="8" class="1000" name="weights_3">
<pin_list>
<pin id="9" dir="1" index="0" bw="1" slack="0"/>
</pin_list>
<bind>
<StgValue><ssdm name="weights_3"/><MemPortTyVec>1 </MemPortTyVec>
</StgValue>
</bind>
</comp>

<comp id="10" class="1000" name="weights_4">
<pin_list>
<pin id="11" dir="1" index="0" bw="1" slack="0"/>
</pin_list>
<bind>
<StgValue><ssdm name="weights_4"/><MemPortTyVec>1 </MemPortTyVec>
</StgValue>
</bind>
</comp>

<comp id="12" class="1000" name="weights_5">
<pin_list>
<pin id="13" dir="1" index="0" bw="1" slack="0"/>
</pin_list>
<bind>
<StgValue><ssdm name="weights_5"/><MemPortTyVec>1 </MemPortTyVec>
</StgValue>
</bind>
</comp>

<comp id="14" class="1000" name="weights_6">
<pin_list>
<pin id="15" dir="1" index="0" bw="1" slack="0"/>
</pin_list>
<bind>
<StgValue><ssdm name="weights_6"/><MemPortTyVec>1 </MemPortTyVec>
</StgValue>
</bind>
</comp>

<comp id="16" class="1000" name="weights_7">
<pin_list>
<pin id="17" dir="1" index="0" bw="1" slack="0"/>
</pin_list>
<bind>
<StgValue><ssdm name="weights_7"/><MemPortTyVec>1 </MemPortTyVec>
</StgValue>
</bind>
</comp>

<comp id="18" class="1000" name="weights_8">
<pin_list>
<pin id="19" dir="1" index="0" bw="1" slack="0"/>
</pin_list>
<bind>
<StgValue><ssdm name="weights_8"/><MemPortTyVec>1 </MemPortTyVec>
</StgValue>
</bind>
</comp>

<comp id="20" class="1000" name="weights_9">
<pin_list>
<pin id="21" dir="1" index="0" bw="1" slack="0"/>
</pin_list>
<bind>
<StgValue><ssdm name="weights_9"/><MemPortTyVec>1 </MemPortTyVec>
</StgValue>
</bind>
</comp>

<comp id="22" class="1000" name="weights_10">
<pin_list>
<pin id="23" dir="1" index="0" bw="1" slack="0"/>
</pin_list>
<bind>
<StgValue><ssdm name="weights_10"/><MemPortTyVec>1 </MemPortTyVec>
</StgValue>
</bind>
</comp>

<comp id="24" class="1000" name="weights_11">
<pin_list>
<pin id="25" dir="1" index="0" bw="1" slack="0"/>
</pin_list>
<bind>
<StgValue><ssdm name="weights_11"/><MemPortTyVec>1 </MemPortTyVec>
</StgValue>
</bind>
</comp>

<comp id="26" class="1000" name="weights_12">
<pin_list>
<pin id="27" dir="1" index="0" bw="1" slack="0"/>
</pin_list>
<bind>
<StgValue><ssdm name="weights_12"/><MemPortTyVec>1 </MemPortTyVec>
</StgValue>
</bind>
</comp>

<comp id="28" class="1000" name="weights_13">
<pin_list>
<pin id="29" dir="1" index="0" bw="1" slack="0"/>
</pin_list>
<bind>
<StgValue><ssdm name="weights_13"/><MemPortTyVec>1 </MemPortTyVec>
</StgValue>
</bind>
</comp>

<comp id="30" class="1000" name="weights_14">
<pin_list>
<pin id="31" dir="1" index="0" bw="1" slack="0"/>
</pin_list>
<bind>
<StgValue><ssdm name="weights_14"/><MemPortTyVec>1 </MemPortTyVec>
</StgValue>
</bind>
</comp>

<comp id="32" class="1000" name="weights_15">
<pin_list>
<pin id="33" dir="1" index="0" bw="1" slack="0"/>
</pin_list>
<bind>
<StgValue><ssdm name="weights_15"/><MemPortTyVec>1 </MemPortTyVec>
</StgValue>
</bind>
</comp>

<comp id="34" class="1000" name="weights_16">
<pin_list>
<pin id="35" dir="1" index="0" bw="1" slack="0"/>
</pin_list>
<bind>
<StgValue><ssdm name="weights_16"/><MemPortTyVec>1 </MemPortTyVec>
</StgValue>
</bind>
</comp>

<comp id="36" class="1000" name="weights_17">
<pin_list>
<pin id="37" dir="1" index="0" bw="1" slack="0"/>
</pin_list>
<bind>
<StgValue><ssdm name="weights_17"/><MemPortTyVec>1 </MemPortTyVec>
</StgValue>
</bind>
</comp>

<comp id="38" class="1000" name="weights_18">
<pin_list>
<pin id="39" dir="1" index="0" bw="1" slack="0"/>
</pin_list>
<bind>
<StgValue><ssdm name="weights_18"/><MemPortTyVec>1 </MemPortTyVec>
</StgValue>
</bind>
</comp>

<comp id="40" class="1000" name="weights_19">
<pin_list>
<pin id="41" dir="1" index="0" bw="1" slack="0"/>
</pin_list>
<bind>
<StgValue><ssdm name="weights_19"/><MemPortTyVec>1 </MemPortTyVec>
</StgValue>
</bind>
</comp>

<comp id="42" class="1000" name="weights_20">
<pin_list>
<pin id="43" dir="1" index="0" bw="1" slack="0"/>
</pin_list>
<bind>
<StgValue><ssdm name="weights_20"/><MemPortTyVec>1 </MemPortTyVec>
</StgValue>
</bind>
</comp>

<comp id="44" class="1000" name="weights_21">
<pin_list>
<pin id="45" dir="1" index="0" bw="1" slack="0"/>
</pin_list>
<bind>
<StgValue><ssdm name="weights_21"/><MemPortTyVec>1 </MemPortTyVec>
</StgValue>
</bind>
</comp>

<comp id="46" class="1000" name="weights_22">
<pin_list>
<pin id="47" dir="1" index="0" bw="1" slack="0"/>
</pin_list>
<bind>
<StgValue><ssdm name="weights_22"/><MemPortTyVec>1 </MemPortTyVec>
</StgValue>
</bind>
</comp>

<comp id="48" class="1000" name="weights_23">
<pin_list>
<pin id="49" dir="1" index="0" bw="1" slack="0"/>
</pin_list>
<bind>
<StgValue><ssdm name="weights_23"/><MemPortTyVec>1 </MemPortTyVec>
</StgValue>
</bind>
</comp>

<comp id="50" class="1000" name="weights_24">
<pin_list>
<pin id="51" dir="1" index="0" bw="1" slack="0"/>
</pin_list>
<bind>
<StgValue><ssdm name="weights_24"/><MemPortTyVec>1 </MemPortTyVec>
</StgValue>
</bind>
</comp>

<comp id="52" class="1000" name="weights_25">
<pin_list>
<pin id="53" dir="1" index="0" bw="1" slack="0"/>
</pin_list>
<bind>
<StgValue><ssdm name="weights_25"/><MemPortTyVec>1 </MemPortTyVec>
</StgValue>
</bind>
</comp>

<comp id="54" class="1000" name="weights_26">
<pin_list>
<pin id="55" dir="1" index="0" bw="1" slack="0"/>
</pin_list>
<bind>
<StgValue><ssdm name="weights_26"/><MemPortTyVec>1 </MemPortTyVec>
</StgValue>
</bind>
</comp>

<comp id="56" class="1000" name="weights_27">
<pin_list>
<pin id="57" dir="1" index="0" bw="1" slack="0"/>
</pin_list>
<bind>
<StgValue><ssdm name="weights_27"/><MemPortTyVec>1 </MemPortTyVec>
</StgValue>
</bind>
</comp>

<comp id="58" class="1000" name="weights_28">
<pin_list>
<pin id="59" dir="1" index="0" bw="1" slack="0"/>
</pin_list>
<bind>
<StgValue><ssdm name="weights_28"/><MemPortTyVec>1 </MemPortTyVec>
</StgValue>
</bind>
</comp>

<comp id="60" class="1000" name="weights_29">
<pin_list>
<pin id="61" dir="1" index="0" bw="1" slack="0"/>
</pin_list>
<bind>
<StgValue><ssdm name="weights_29"/><MemPortTyVec>1 </MemPortTyVec>
</StgValue>
</bind>
</comp>

<comp id="62" class="1000" name="weights_30">
<pin_list>
<pin id="63" dir="1" index="0" bw="1" slack="0"/>
</pin_list>
<bind>
<StgValue><ssdm name="weights_30"/><MemPortTyVec>1 </MemPortTyVec>
</StgValue>
</bind>
</comp>

<comp id="64" class="1000" name="weights_31">
<pin_list>
<pin id="65" dir="1" index="0" bw="1" slack="0"/>
</pin_list>
<bind>
<StgValue><ssdm name="weights_31"/><MemPortTyVec>1 </MemPortTyVec>
</StgValue>
</bind>
</comp>

<comp id="66" class="1000" name="sext_ln36_31">
<pin_list>
<pin id="67" dir="1" index="0" bw="1" slack="0"/>
</pin_list>
<bind>
<StgValue><ssdm name="sext_ln36_31"/></StgValue>
</bind>
</comp>

<comp id="68" class="1000" name="sext_ln36_30">
<pin_list>
<pin id="69" dir="1" index="0" bw="1" slack="0"/>
</pin_list>
<bind>
<StgValue><ssdm name="sext_ln36_30"/></StgValue>
</bind>
</comp>

<comp id="70" class="1000" name="sext_ln36_29">
<pin_list>
<pin id="71" dir="1" index="0" bw="1" slack="0"/>
</pin_list>
<bind>
<StgValue><ssdm name="sext_ln36_29"/></StgValue>
</bind>
</comp>

<comp id="72" class="1000" name="sext_ln36_28">
<pin_list>
<pin id="73" dir="1" index="0" bw="1" slack="0"/>
</pin_list>
<bind>
<StgValue><ssdm name="sext_ln36_28"/></StgValue>
</bind>
</comp>

<comp id="74" class="1000" name="sext_ln36_27">
<pin_list>
<pin id="75" dir="1" index="0" bw="1" slack="0"/>
</pin_list>
<bind>
<StgValue><ssdm name="sext_ln36_27"/></StgValue>
</bind>
</comp>

<comp id="76" class="1000" name="sext_ln36_26">
<pin_list>
<pin id="77" dir="1" index="0" bw="1" slack="0"/>
</pin_list>
<bind>
<StgValue><ssdm name="sext_ln36_26"/></StgValue>
</bind>
</comp>

<comp id="78" class="1000" name="sext_ln36_25">
<pin_list>
<pin id="79" dir="1" index="0" bw="1" slack="0"/>
</pin_list>
<bind>
<StgValue><ssdm name="sext_ln36_25"/></StgValue>
</bind>
</comp>

<comp id="80" class="1000" name="sext_ln36_24">
<pin_list>
<pin id="81" dir="1" index="0" bw="1" slack="0"/>
</pin_list>
<bind>
<StgValue><ssdm name="sext_ln36_24"/></StgValue>
</bind>
</comp>

<comp id="82" class="1000" name="sext_ln36_23">
<pin_list>
<pin id="83" dir="1" index="0" bw="1" slack="0"/>
</pin_list>
<bind>
<StgValue><ssdm name="sext_ln36_23"/></StgValue>
</bind>
</comp>

<comp id="84" class="1000" name="sext_ln36_22">
<pin_list>
<pin id="85" dir="1" index="0" bw="1" slack="0"/>
</pin_list>
<bind>
<StgValue><ssdm name="sext_ln36_22"/></StgValue>
</bind>
</comp>

<comp id="86" class="1000" name="sext_ln36_21">
<pin_list>
<pin id="87" dir="1" index="0" bw="1" slack="0"/>
</pin_list>
<bind>
<StgValue><ssdm name="sext_ln36_21"/></StgValue>
</bind>
</comp>

<comp id="88" class="1000" name="sext_ln36_20">
<pin_list>
<pin id="89" dir="1" index="0" bw="1" slack="0"/>
</pin_list>
<bind>
<StgValue><ssdm name="sext_ln36_20"/></StgValue>
</bind>
</comp>

<comp id="90" class="1000" name="sext_ln36_19">
<pin_list>
<pin id="91" dir="1" index="0" bw="1" slack="0"/>
</pin_list>
<bind>
<StgValue><ssdm name="sext_ln36_19"/></StgValue>
</bind>
</comp>

<comp id="92" class="1000" name="sext_ln36_18">
<pin_list>
<pin id="93" dir="1" index="0" bw="1" slack="0"/>
</pin_list>
<bind>
<StgValue><ssdm name="sext_ln36_18"/></StgValue>
</bind>
</comp>

<comp id="94" class="1000" name="sext_ln36_17">
<pin_list>
<pin id="95" dir="1" index="0" bw="1" slack="0"/>
</pin_list>
<bind>
<StgValue><ssdm name="sext_ln36_17"/></StgValue>
</bind>
</comp>

<comp id="96" class="1000" name="sext_ln36_16">
<pin_list>
<pin id="97" dir="1" index="0" bw="1" slack="0"/>
</pin_list>
<bind>
<StgValue><ssdm name="sext_ln36_16"/></StgValue>
</bind>
</comp>

<comp id="98" class="1000" name="sext_ln36_15">
<pin_list>
<pin id="99" dir="1" index="0" bw="1" slack="0"/>
</pin_list>
<bind>
<StgValue><ssdm name="sext_ln36_15"/></StgValue>
</bind>
</comp>

<comp id="100" class="1000" name="sext_ln36_14">
<pin_list>
<pin id="101" dir="1" index="0" bw="1" slack="0"/>
</pin_list>
<bind>
<StgValue><ssdm name="sext_ln36_14"/></StgValue>
</bind>
</comp>

<comp id="102" class="1000" name="sext_ln36_13">
<pin_list>
<pin id="103" dir="1" index="0" bw="1" slack="0"/>
</pin_list>
<bind>
<StgValue><ssdm name="sext_ln36_13"/></StgValue>
</bind>
</comp>

<comp id="104" class="1000" name="sext_ln36_12">
<pin_list>
<pin id="105" dir="1" index="0" bw="1" slack="0"/>
</pin_list>
<bind>
<StgValue><ssdm name="sext_ln36_12"/></StgValue>
</bind>
</comp>

<comp id="106" class="1000" name="sext_ln36_11">
<pin_list>
<pin id="107" dir="1" index="0" bw="1" slack="0"/>
</pin_list>
<bind>
<StgValue><ssdm name="sext_ln36_11"/></StgValue>
</bind>
</comp>

<comp id="108" class="1000" name="sext_ln36_10">
<pin_list>
<pin id="109" dir="1" index="0" bw="1" slack="0"/>
</pin_list>
<bind>
<StgValue><ssdm name="sext_ln36_10"/></StgValue>
</bind>
</comp>

<comp id="110" class="1000" name="sext_ln36_9">
<pin_list>
<pin id="111" dir="1" index="0" bw="1" slack="0"/>
</pin_list>
<bind>
<StgValue><ssdm name="sext_ln36_9"/></StgValue>
</bind>
</comp>

<comp id="112" class="1000" name="sext_ln36_8">
<pin_list>
<pin id="113" dir="1" index="0" bw="1" slack="0"/>
</pin_list>
<bind>
<StgValue><ssdm name="sext_ln36_8"/></StgValue>
</bind>
</comp>

<comp id="114" class="1000" name="sext_ln36_7">
<pin_list>
<pin id="115" dir="1" index="0" bw="1" slack="0"/>
</pin_list>
<bind>
<StgValue><ssdm name="sext_ln36_7"/></StgValue>
</bind>
</comp>

<comp id="116" class="1000" name="sext_ln36_6">
<pin_list>
<pin id="117" dir="1" index="0" bw="1" slack="0"/>
</pin_list>
<bind>
<StgValue><ssdm name="sext_ln36_6"/></StgValue>
</bind>
</comp>

<comp id="118" class="1000" name="sext_ln36_5">
<pin_list>
<pin id="119" dir="1" index="0" bw="1" slack="0"/>
</pin_list>
<bind>
<StgValue><ssdm name="sext_ln36_5"/></StgValue>
</bind>
</comp>

<comp id="120" class="1000" name="sext_ln36_4">
<pin_list>
<pin id="121" dir="1" index="0" bw="1" slack="0"/>
</pin_list>
<bind>
<StgValue><ssdm name="sext_ln36_4"/></StgValue>
</bind>
</comp>

<comp id="122" class="1000" name="sext_ln36_3">
<pin_list>
<pin id="123" dir="1" index="0" bw="1" slack="0"/>
</pin_list>
<bind>
<StgValue><ssdm name="sext_ln36_3"/></StgValue>
</bind>
</comp>

<comp id="124" class="1000" name="sext_ln36_2">
<pin_list>
<pin id="125" dir="1" index="0" bw="1" slack="0"/>
</pin_list>
<bind>
<StgValue><ssdm name="sext_ln36_2"/></StgValue>
</bind>
</comp>

<comp id="126" class="1000" name="sext_ln36">
<pin_list>
<pin id="127" dir="1" index="0" bw="1" slack="0"/>
</pin_list>
<bind>
<StgValue><ssdm name="sext_ln36"/></StgValue>
</bind>
</comp>

<comp id="128" class="1000" name="sext_ln36_1">
<pin_list>
<pin id="129" dir="1" index="0" bw="1" slack="0"/>
</pin_list>
<bind>
<StgValue><ssdm name="sext_ln36_1"/></StgValue>
</bind>
</comp>

<comp id="130" class="1000" name="out_stream">
<pin_list>
<pin id="131" dir="1" index="0" bw="1" slack="0"/>
</pin_list>
<bind>
<StgValue><ssdm name="out_stream"/></StgValue>
</bind>
</comp>

<comp id="132" class="1001" name="const_132">
<pin_list>
<pin id="133" dir="1" index="0" bw="1" slack="0"/>
</pin_list>
<bind>
<StgValue><ssdm name=""/></StgValue>
</bind>
</comp>

<comp id="134" class="1001" name="const_134">
<pin_list>
<pin id="135" dir="1" index="0" bw="1" slack="0"/>
</pin_list>
<bind>
<StgValue><ssdm name="_ssdm_op_Read.ap_auto.i8"/></StgValue>
</bind>
</comp>

<comp id="136" class="1001" name="const_136">
<pin_list>
<pin id="137" dir="1" index="0" bw="1" slack="0"/>
</pin_list>
<bind>
<StgValue><ssdm name="_ssdm_op_Read.ap_auto.i32"/></StgValue>
</bind>
</comp>

<comp id="138" class="1001" name="const_138">
<pin_list>
<pin id="139" dir="1" index="0" bw="1" slack="2147483647"/>
</pin_list>
<bind>
<StgValue><ssdm name="_ssdm_op_SpecMemCore"/></StgValue>
</bind>
</comp>

<comp id="140" class="1001" name="const_140">
<pin_list>
<pin id="141" dir="1" index="0" bw="1" slack="2147483647"/>
</pin_list>
<bind>
<StgValue><ssdm name=""/></StgValue>
</bind>
</comp>

<comp id="142" class="1001" name="const_142">
<pin_list>
<pin id="143" dir="1" index="0" bw="1" slack="2147483647"/>
</pin_list>
<bind>
<StgValue><ssdm name=""/></StgValue>
</bind>
</comp>

<comp id="144" class="1001" name="const_144">
<pin_list>
<pin id="145" dir="1" index="0" bw="1" slack="2147483647"/>
</pin_list>
<bind>
<StgValue><ssdm name=""/></StgValue>
</bind>
</comp>

<comp id="146" class="1001" name="const_146">
<pin_list>
<pin id="147" dir="1" index="0" bw="1" slack="2147483647"/>
</pin_list>
<bind>
<StgValue><ssdm name=""/></StgValue>
</bind>
</comp>

<comp id="148" class="1001" name="const_148">
<pin_list>
<pin id="149" dir="1" index="0" bw="1" slack="2147483647"/>
</pin_list>
<bind>
<StgValue><ssdm name="_ssdm_op_SpecInterface"/></StgValue>
</bind>
</comp>

<comp id="150" class="1001" name="const_150">
<pin_list>
<pin id="151" dir="1" index="0" bw="1" slack="2147483647"/>
</pin_list>
<bind>
<StgValue><ssdm name="empty_31"/></StgValue>
</bind>
</comp>

<comp id="152" class="1001" name="const_152">
<pin_list>
<pin id="153" dir="1" index="0" bw="1" slack="2147483647"/>
</pin_list>
<bind>
<StgValue><ssdm name=""/></StgValue>
</bind>
</comp>

<comp id="154" class="1001" name="const_154">
<pin_list>
<pin id="155" dir="1" index="0" bw="1" slack="2147483647"/>
</pin_list>
<bind>
<StgValue><ssdm name="empty_40"/></StgValue>
</bind>
</comp>

<comp id="156" class="1001" name="const_156">
<pin_list>
<pin id="157" dir="1" index="0" bw="1" slack="2147483647"/>
</pin_list>
<bind>
<StgValue><ssdm name="empty"/></StgValue>
</bind>
</comp>

<comp id="158" class="1001" name="const_158">
<pin_list>
<pin id="159" dir="1" index="0" bw="1" slack="2147483647"/>
</pin_list>
<bind>
<StgValue><ssdm name=""/></StgValue>
</bind>
</comp>

<comp id="160" class="1001" name="const_160">
<pin_list>
<pin id="161" dir="1" index="0" bw="1" slack="2147483647"/>
</pin_list>
<bind>
<StgValue><ssdm name="empty_3"/></StgValue>
</bind>
</comp>

<comp id="162" class="1001" name="const_162">
<pin_list>
<pin id="163" dir="1" index="0" bw="1" slack="0"/>
</pin_list>
<bind>
<StgValue><ssdm name=""/></StgValue>
</bind>
</comp>

<comp id="164" class="1001" name="const_164">
<pin_list>
<pin id="165" dir="1" index="0" bw="1" slack="0"/>
</pin_list>
<bind>
<StgValue><ssdm name=""/></StgValue>
</bind>
</comp>

<comp id="166" class="1001" name="const_166">
<pin_list>
<pin id="167" dir="1" index="0" bw="1" slack="0"/>
</pin_list>
<bind>
<StgValue><ssdm name=""/></StgValue>
</bind>
</comp>

<comp id="168" class="1001" name="const_168">
<pin_list>
<pin id="169" dir="1" index="0" bw="1" slack="2147483647"/>
</pin_list>
<bind>
<StgValue><ssdm name="_ssdm_op_SpecPipeline"/></StgValue>
</bind>
</comp>

<comp id="170" class="1001" name="const_170">
<pin_list>
<pin id="171" dir="1" index="0" bw="1" slack="2147483647"/>
</pin_list>
<bind>
<StgValue><ssdm name="_ssdm_op_SpecLoopName"/></StgValue>
</bind>
</comp>

<comp id="172" class="1001" name="const_172">
<pin_list>
<pin id="173" dir="1" index="0" bw="1" slack="2147483647"/>
</pin_list>
<bind>
<StgValue><ssdm name="empty_38"/></StgValue>
</bind>
</comp>

<comp id="174" class="1001" name="const_174">
<pin_list>
<pin id="175" dir="1" index="0" bw="1" slack="0"/>
</pin_list>
<bind>
<StgValue><ssdm name="_ssdm_op_Write.axis.volatile.i32P128A"/></StgValue>
</bind>
</comp>

<comp id="176" class="1004" name="i_fu_176">
<pin_list>
<pin id="177" dir="0" index="0" bw="1" slack="0"/>
<pin id="178" dir="1" index="1" bw="31" slack="0"/>
</pin_list>
<bind>
<opcode="alloca(26) " fcode="alloca"/>
<opset="i/1 "/>
</bind>
</comp>

<comp id="180" class="1004" name="sext_ln36_1_read_read_fu_180">
<pin_list>
<pin id="181" dir="0" index="0" bw="8" slack="0"/>
<pin id="182" dir="0" index="1" bw="8" slack="0"/>
<pin id="183" dir="1" index="2" bw="8" slack="0"/>
</pin_list>
<bind>
<opcode="read(1150) " fcode="read"/>
<opset="sext_ln36_1_read/1 "/>
</bind>
</comp>

<comp id="186" class="1004" name="sext_ln36_read_read_fu_186">
<pin_list>
<pin id="187" dir="0" index="0" bw="8" slack="0"/>
<pin id="188" dir="0" index="1" bw="8" slack="0"/>
<pin id="189" dir="1" index="2" bw="8" slack="0"/>
</pin_list>
<bind>
<opcode="read(1150) " fcode="read"/>
<opset="sext_ln36_read/1 "/>
</bind>
</comp>

<comp id="192" class="1004" name="sext_ln36_2_read_read_fu_192">
<pin_list>
<pin id="193" dir="0" index="0" bw="8" slack="0"/>
<pin id="194" dir="0" index="1" bw="8" slack="0"/>
<pin id="195" dir="1" index="2" bw="8" slack="0"/>
</pin_list>
<bind>
<opcode="read(1150) " fcode="read"/>
<opset="sext_ln36_2_read/1 "/>
</bind>
</comp>

<comp id="198" class="1004" name="sext_ln36_3_read_read_fu_198">
<pin_list>
<pin id="199" dir="0" index="0" bw="8" slack="0"/>
<pin id="200" dir="0" index="1" bw="8" slack="0"/>
<pin id="201" dir="1" index="2" bw="8" slack="0"/>
</pin_list>
<bind>
<opcode="read(1150) " fcode="read"/>
<opset="sext_ln36_3_read/1 "/>
</bind>
</comp>

<comp id="204" class="1004" name="sext_ln36_4_read_read_fu_204">
<pin_list>
<pin id="205" dir="0" index="0" bw="8" slack="0"/>
<pin id="206" dir="0" index="1" bw="8" slack="0"/>
<pin id="207" dir="1" index="2" bw="8" slack="0"/>
</pin_list>
<bind>
<opcode="read(1150) " fcode="read"/>
<opset="sext_ln36_4_read/1 "/>
</bind>
</comp>

<comp id="210" class="1004" name="sext_ln36_5_read_read_fu_210">
<pin_list>
<pin id="211" dir="0" index="0" bw="8" slack="0"/>
<pin id="212" dir="0" index="1" bw="8" slack="0"/>
<pin id="213" dir="1" index="2" bw="8" slack="0"/>
</pin_list>
<bind>
<opcode="read(1150) " fcode="read"/>
<opset="sext_ln36_5_read/1 "/>
</bind>
</comp>

<comp id="216" class="1004" name="sext_ln36_6_read_read_fu_216">
<pin_list>
<pin id="217" dir="0" index="0" bw="8" slack="0"/>
<pin id="218" dir="0" index="1" bw="8" slack="0"/>
<pin id="219" dir="1" index="2" bw="8" slack="0"/>
</pin_list>
<bind>
<opcode="read(1150) " fcode="read"/>
<opset="sext_ln36_6_read/1 "/>
</bind>
</comp>

<comp id="222" class="1004" name="sext_ln36_7_read_read_fu_222">
<pin_list>
<pin id="223" dir="0" index="0" bw="8" slack="0"/>
<pin id="224" dir="0" index="1" bw="8" slack="0"/>
<pin id="225" dir="1" index="2" bw="8" slack="0"/>
</pin_list>
<bind>
<opcode="read(1150) " fcode="read"/>
<opset="sext_ln36_7_read/1 "/>
</bind>
</comp>

<comp id="228" class="1004" name="sext_ln36_8_read_read_fu_228">
<pin_list>
<pin id="229" dir="0" index="0" bw="8" slack="0"/>
<pin id="230" dir="0" index="1" bw="8" slack="0"/>
<pin id="231" dir="1" index="2" bw="8" slack="0"/>
</pin_list>
<bind>
<opcode="read(1150) " fcode="read"/>
<opset="sext_ln36_8_read/1 "/>
</bind>
</comp>

<comp id="234" class="1004" name="sext_ln36_9_read_read_fu_234">
<pin_list>
<pin id="235" dir="0" index="0" bw="8" slack="0"/>
<pin id="236" dir="0" index="1" bw="8" slack="0"/>
<pin id="237" dir="1" index="2" bw="8" slack="0"/>
</pin_list>
<bind>
<opcode="read(1150) " fcode="read"/>
<opset="sext_ln36_9_read/1 "/>
</bind>
</comp>

<comp id="240" class="1004" name="sext_ln36_10_read_read_fu_240">
<pin_list>
<pin id="241" dir="0" index="0" bw="8" slack="0"/>
<pin id="242" dir="0" index="1" bw="8" slack="0"/>
<pin id="243" dir="1" index="2" bw="8" slack="0"/>
</pin_list>
<bind>
<opcode="read(1150) " fcode="read"/>
<opset="sext_ln36_10_read/1 "/>
</bind>
</comp>

<comp id="246" class="1004" name="sext_ln36_11_read_read_fu_246">
<pin_list>
<pin id="247" dir="0" index="0" bw="8" slack="0"/>
<pin id="248" dir="0" index="1" bw="8" slack="0"/>
<pin id="249" dir="1" index="2" bw="8" slack="0"/>
</pin_list>
<bind>
<opcode="read(1150) " fcode="read"/>
<opset="sext_ln36_11_read/1 "/>
</bind>
</comp>

<comp id="252" class="1004" name="sext_ln36_12_read_read_fu_252">
<pin_list>
<pin id="253" dir="0" index="0" bw="8" slack="0"/>
<pin id="254" dir="0" index="1" bw="8" slack="0"/>
<pin id="255" dir="1" index="2" bw="8" slack="0"/>
</pin_list>
<bind>
<opcode="read(1150) " fcode="read"/>
<opset="sext_ln36_12_read/1 "/>
</bind>
</comp>

<comp id="258" class="1004" name="sext_ln36_13_read_read_fu_258">
<pin_list>
<pin id="259" dir="0" index="0" bw="8" slack="0"/>
<pin id="260" dir="0" index="1" bw="8" slack="0"/>
<pin id="261" dir="1" index="2" bw="8" slack="0"/>
</pin_list>
<bind>
<opcode="read(1150) " fcode="read"/>
<opset="sext_ln36_13_read/1 "/>
</bind>
</comp>

<comp id="264" class="1004" name="sext_ln36_14_read_read_fu_264">
<pin_list>
<pin id="265" dir="0" index="0" bw="8" slack="0"/>
<pin id="266" dir="0" index="1" bw="8" slack="0"/>
<pin id="267" dir="1" index="2" bw="8" slack="0"/>
</pin_list>
<bind>
<opcode="read(1150) " fcode="read"/>
<opset="sext_ln36_14_read/1 "/>
</bind>
</comp>

<comp id="270" class="1004" name="sext_ln36_15_read_read_fu_270">
<pin_list>
<pin id="271" dir="0" index="0" bw="8" slack="0"/>
<pin id="272" dir="0" index="1" bw="8" slack="0"/>
<pin id="273" dir="1" index="2" bw="8" slack="0"/>
</pin_list>
<bind>
<opcode="read(1150) " fcode="read"/>
<opset="sext_ln36_15_read/1 "/>
</bind>
</comp>

<comp id="276" class="1004" name="sext_ln36_16_read_read_fu_276">
<pin_list>
<pin id="277" dir="0" index="0" bw="8" slack="0"/>
<pin id="278" dir="0" index="1" bw="8" slack="0"/>
<pin id="279" dir="1" index="2" bw="8" slack="0"/>
</pin_list>
<bind>
<opcode="read(1150) " fcode="read"/>
<opset="sext_ln36_16_read/1 "/>
</bind>
</comp>

<comp id="282" class="1004" name="sext_ln36_17_read_read_fu_282">
<pin_list>
<pin id="283" dir="0" index="0" bw="8" slack="0"/>
<pin id="284" dir="0" index="1" bw="8" slack="0"/>
<pin id="285" dir="1" index="2" bw="8" slack="0"/>
</pin_list>
<bind>
<opcode="read(1150) " fcode="read"/>
<opset="sext_ln36_17_read/1 "/>
</bind>
</comp>

<comp id="288" class="1004" name="sext_ln36_18_read_read_fu_288">
<pin_list>
<pin id="289" dir="0" index="0" bw="8" slack="0"/>
<pin id="290" dir="0" index="1" bw="8" slack="0"/>
<pin id="291" dir="1" index="2" bw="8" slack="0"/>
</pin_list>
<bind>
<opcode="read(1150) " fcode="read"/>
<opset="sext_ln36_18_read/1 "/>
</bind>
</comp>

<comp id="294" class="1004" name="sext_ln36_19_read_read_fu_294">
<pin_list>
<pin id="295" dir="0" index="0" bw="8" slack="0"/>
<pin id="296" dir="0" index="1" bw="8" slack="0"/>
<pin id="297" dir="1" index="2" bw="8" slack="0"/>
</pin_list>
<bind>
<opcode="read(1150) " fcode="read"/>
<opset="sext_ln36_19_read/1 "/>
</bind>
</comp>

<comp id="300" class="1004" name="sext_ln36_20_read_read_fu_300">
<pin_list>
<pin id="301" dir="0" index="0" bw="8" slack="0"/>
<pin id="302" dir="0" index="1" bw="8" slack="0"/>
<pin id="303" dir="1" index="2" bw="8" slack="0"/>
</pin_list>
<bind>
<opcode="read(1150) " fcode="read"/>
<opset="sext_ln36_20_read/1 "/>
</bind>
</comp>

<comp id="306" class="1004" name="sext_ln36_21_read_read_fu_306">
<pin_list>
<pin id="307" dir="0" index="0" bw="8" slack="0"/>
<pin id="308" dir="0" index="1" bw="8" slack="0"/>
<pin id="309" dir="1" index="2" bw="8" slack="0"/>
</pin_list>
<bind>
<opcode="read(1150) " fcode="read"/>
<opset="sext_ln36_21_read/1 "/>
</bind>
</comp>

<comp id="312" class="1004" name="sext_ln36_22_read_read_fu_312">
<pin_list>
<pin id="313" dir="0" index="0" bw="8" slack="0"/>
<pin id="314" dir="0" index="1" bw="8" slack="0"/>
<pin id="315" dir="1" index="2" bw="8" slack="0"/>
</pin_list>
<bind>
<opcode="read(1150) " fcode="read"/>
<opset="sext_ln36_22_read/1 "/>
</bind>
</comp>

<comp id="318" class="1004" name="sext_ln36_23_read_read_fu_318">
<pin_list>
<pin id="319" dir="0" index="0" bw="8" slack="0"/>
<pin id="320" dir="0" index="1" bw="8" slack="0"/>
<pin id="321" dir="1" index="2" bw="8" slack="0"/>
</pin_list>
<bind>
<opcode="read(1150) " fcode="read"/>
<opset="sext_ln36_23_read/1 "/>
</bind>
</comp>

<comp id="324" class="1004" name="sext_ln36_24_read_read_fu_324">
<pin_list>
<pin id="325" dir="0" index="0" bw="8" slack="0"/>
<pin id="326" dir="0" index="1" bw="8" slack="0"/>
<pin id="327" dir="1" index="2" bw="8" slack="0"/>
</pin_list>
<bind>
<opcode="read(1150) " fcode="read"/>
<opset="sext_ln36_24_read/1 "/>
</bind>
</comp>

<comp id="330" class="1004" name="sext_ln36_25_read_read_fu_330">
<pin_list>
<pin id="331" dir="0" index="0" bw="8" slack="0"/>
<pin id="332" dir="0" index="1" bw="8" slack="0"/>
<pin id="333" dir="1" index="2" bw="8" slack="0"/>
</pin_list>
<bind>
<opcode="read(1150) " fcode="read"/>
<opset="sext_ln36_25_read/1 "/>
</bind>
</comp>

<comp id="336" class="1004" name="sext_ln36_26_read_read_fu_336">
<pin_list>
<pin id="337" dir="0" index="0" bw="8" slack="0"/>
<pin id="338" dir="0" index="1" bw="8" slack="0"/>
<pin id="339" dir="1" index="2" bw="8" slack="0"/>
</pin_list>
<bind>
<opcode="read(1150) " fcode="read"/>
<opset="sext_ln36_26_read/1 "/>
</bind>
</comp>

<comp id="342" class="1004" name="sext_ln36_27_read_read_fu_342">
<pin_list>
<pin id="343" dir="0" index="0" bw="8" slack="0"/>
<pin id="344" dir="0" index="1" bw="8" slack="0"/>
<pin id="345" dir="1" index="2" bw="8" slack="0"/>
</pin_list>
<bind>
<opcode="read(1150) " fcode="read"/>
<opset="sext_ln36_27_read/1 "/>
</bind>
</comp>

<comp id="348" class="1004" name="sext_ln36_28_read_read_fu_348">
<pin_list>
<pin id="349" dir="0" index="0" bw="8" slack="0"/>
<pin id="350" dir="0" index="1" bw="8" slack="0"/>
<pin id="351" dir="1" index="2" bw="8" slack="0"/>
</pin_list>
<bind>
<opcode="read(1150) " fcode="read"/>
<opset="sext_ln36_28_read/1 "/>
</bind>
</comp>

<comp id="354" class="1004" name="sext_ln36_29_read_read_fu_354">
<pin_list>
<pin id="355" dir="0" index="0" bw="8" slack="0"/>
<pin id="356" dir="0" index="1" bw="8" slack="0"/>
<pin id="357" dir="1" index="2" bw="8" slack="0"/>
</pin_list>
<bind>
<opcode="read(1150) " fcode="read"/>
<opset="sext_ln36_29_read/1 "/>
</bind>
</comp>

<comp id="360" class="1004" name="sext_ln36_30_read_read_fu_360">
<pin_list>
<pin id="361" dir="0" index="0" bw="8" slack="0"/>
<pin id="362" dir="0" index="1" bw="8" slack="0"/>
<pin id="363" dir="1" index="2" bw="8" slack="0"/>
</pin_list>
<bind>
<opcode="read(1150) " fcode="read"/>
<opset="sext_ln36_30_read/1 "/>
</bind>
</comp>

<comp id="366" class="1004" name="sext_ln36_31_read_read_fu_366">
<pin_list>
<pin id="367" dir="0" index="0" bw="8" slack="0"/>
<pin id="368" dir="0" index="1" bw="8" slack="0"/>
<pin id="369" dir="1" index="2" bw="8" slack="0"/>
</pin_list>
<bind>
<opcode="read(1150) " fcode="read"/>
<opset="sext_ln36_31_read/1 "/>
</bind>
</comp>

<comp id="372" class="1004" name="num_rows_read_read_fu_372">
<pin_list>
<pin id="373" dir="0" index="0" bw="32" slack="0"/>
<pin id="374" dir="0" index="1" bw="32" slack="0"/>
<pin id="375" dir="1" index="2" bw="32" slack="0"/>
</pin_list>
<bind>
<opcode="read(1150) " fcode="read"/>
<opset="num_rows_read/1 "/>
</bind>
</comp>

<comp id="378" class="1004" name="write_ln39_write_fu_378">
<pin_list>
<pin id="379" dir="0" index="0" bw="0" slack="0"/>
<pin id="380" dir="0" index="1" bw="32" slack="0"/>
<pin id="381" dir="0" index="2" bw="32" slack="0"/>
<pin id="382" dir="1" index="3" bw="0" slack="2147483647"/>
</pin_list>
<bind>
<opcode="write(1151) " fcode="write"/>
<opset="write_ln39/7 "/>
</bind>
</comp>

<comp id="385" class="1004" name="weights_28_addr_gep_fu_385">
<pin_list>
<pin id="386" dir="0" index="0" bw="32" slack="0"/>
<pin id="387" dir="0" index="1" bw="1" slack="0"/>
<pin id="388" dir="0" index="2" bw="31" slack="0"/>
<pin id="389" dir="1" index="3" bw="5" slack="0"/>
</pin_list>
<bind>
<opcode="getelementptr(29) " fcode="getelementptr"/>
<opset="weights_28_addr/1 "/>
</bind>
</comp>

<comp id="392" class="1004" name="grp_access_fu_392">
<pin_list>
<pin id="393" dir="0" index="0" bw="5" slack="0"/>
<pin id="394" dir="0" index="1" bw="32" slack="2147483647"/>
<pin id="395" dir="0" index="2" bw="0" slack="2147483647"/>
<pin id="396" dir="1" index="3" bw="32" slack="0"/>
</pin_list>
<bind>
<opcode="load(27) " fcode="load"/>
<opset="weights_28_load/1 "/>
</bind>
</comp>

<comp id="398" class="1004" name="weights_29_addr_gep_fu_398">
<pin_list>
<pin id="399" dir="0" index="0" bw="32" slack="0"/>
<pin id="400" dir="0" index="1" bw="1" slack="0"/>
<pin id="401" dir="0" index="2" bw="31" slack="0"/>
<pin id="402" dir="1" index="3" bw="5" slack="0"/>
</pin_list>
<bind>
<opcode="getelementptr(29) " fcode="getelementptr"/>
<opset="weights_29_addr/1 "/>
</bind>
</comp>

<comp id="405" class="1004" name="grp_access_fu_405">
<pin_list>
<pin id="406" dir="0" index="0" bw="5" slack="0"/>
<pin id="407" dir="0" index="1" bw="32" slack="2147483647"/>
<pin id="408" dir="0" index="2" bw="0" slack="2147483647"/>
<pin id="409" dir="1" index="3" bw="32" slack="0"/>
</pin_list>
<bind>
<opcode="load(27) " fcode="load"/>
<opset="weights_29_load/1 "/>
</bind>
</comp>

<comp id="411" class="1004" name="weights_30_addr_gep_fu_411">
<pin_list>
<pin id="412" dir="0" index="0" bw="32" slack="0"/>
<pin id="413" dir="0" index="1" bw="1" slack="0"/>
<pin id="414" dir="0" index="2" bw="31" slack="0"/>
<pin id="415" dir="1" index="3" bw="5" slack="0"/>
</pin_list>
<bind>
<opcode="getelementptr(29) " fcode="getelementptr"/>
<opset="weights_30_addr/1 "/>
</bind>
</comp>

<comp id="418" class="1004" name="grp_access_fu_418">
<pin_list>
<pin id="419" dir="0" index="0" bw="5" slack="0"/>
<pin id="420" dir="0" index="1" bw="32" slack="2147483647"/>
<pin id="421" dir="0" index="2" bw="0" slack="2147483647"/>
<pin id="422" dir="1" index="3" bw="32" slack="0"/>
</pin_list>
<bind>
<opcode="load(27) " fcode="load"/>
<opset="weights_30_load/1 "/>
</bind>
</comp>

<comp id="424" class="1004" name="weights_31_addr_gep_fu_424">
<pin_list>
<pin id="425" dir="0" index="0" bw="32" slack="0"/>
<pin id="426" dir="0" index="1" bw="1" slack="0"/>
<pin id="427" dir="0" index="2" bw="31" slack="0"/>
<pin id="428" dir="1" index="3" bw="5" slack="0"/>
</pin_list>
<bind>
<opcode="getelementptr(29) " fcode="getelementptr"/>
<opset="weights_31_addr/1 "/>
</bind>
</comp>

<comp id="431" class="1004" name="grp_access_fu_431">
<pin_list>
<pin id="432" dir="0" index="0" bw="5" slack="0"/>
<pin id="433" dir="0" index="1" bw="32" slack="2147483647"/>
<pin id="434" dir="0" index="2" bw="0" slack="2147483647"/>
<pin id="435" dir="1" index="3" bw="32" slack="0"/>
</pin_list>
<bind>
<opcode="load(27) " fcode="load"/>
<opset="weights_31_load/1 "/>
</bind>
</comp>

<comp id="437" class="1004" name="weights_4_addr_gep_fu_437">
<pin_list>
<pin id="438" dir="0" index="0" bw="32" slack="0"/>
<pin id="439" dir="0" index="1" bw="1" slack="0"/>
<pin id="440" dir="0" index="2" bw="31" slack="1"/>
<pin id="441" dir="1" index="3" bw="5" slack="0"/>
</pin_list>
<bind>
<opcode="getelementptr(29) " fcode="getelementptr"/>
<opset="weights_4_addr/2 "/>
</bind>
</comp>

<comp id="444" class="1004" name="grp_access_fu_444">
<pin_list>
<pin id="445" dir="0" index="0" bw="5" slack="0"/>
<pin id="446" dir="0" index="1" bw="32" slack="2147483647"/>
<pin id="447" dir="0" index="2" bw="0" slack="2147483647"/>
<pin id="448" dir="1" index="3" bw="32" slack="0"/>
</pin_list>
<bind>
<opcode="load(27) " fcode="load"/>
<opset="weights_4_load/2 "/>
</bind>
</comp>

<comp id="450" class="1004" name="weights_5_addr_gep_fu_450">
<pin_list>
<pin id="451" dir="0" index="0" bw="32" slack="0"/>
<pin id="452" dir="0" index="1" bw="1" slack="0"/>
<pin id="453" dir="0" index="2" bw="31" slack="1"/>
<pin id="454" dir="1" index="3" bw="5" slack="0"/>
</pin_list>
<bind>
<opcode="getelementptr(29) " fcode="getelementptr"/>
<opset="weights_5_addr/2 "/>
</bind>
</comp>

<comp id="457" class="1004" name="grp_access_fu_457">
<pin_list>
<pin id="458" dir="0" index="0" bw="5" slack="0"/>
<pin id="459" dir="0" index="1" bw="32" slack="2147483647"/>
<pin id="460" dir="0" index="2" bw="0" slack="2147483647"/>
<pin id="461" dir="1" index="3" bw="32" slack="0"/>
</pin_list>
<bind>
<opcode="load(27) " fcode="load"/>
<opset="weights_5_load/2 "/>
</bind>
</comp>

<comp id="463" class="1004" name="weights_6_addr_gep_fu_463">
<pin_list>
<pin id="464" dir="0" index="0" bw="32" slack="0"/>
<pin id="465" dir="0" index="1" bw="1" slack="0"/>
<pin id="466" dir="0" index="2" bw="31" slack="1"/>
<pin id="467" dir="1" index="3" bw="5" slack="0"/>
</pin_list>
<bind>
<opcode="getelementptr(29) " fcode="getelementptr"/>
<opset="weights_6_addr/2 "/>
</bind>
</comp>

<comp id="470" class="1004" name="grp_access_fu_470">
<pin_list>
<pin id="471" dir="0" index="0" bw="5" slack="0"/>
<pin id="472" dir="0" index="1" bw="32" slack="2147483647"/>
<pin id="473" dir="0" index="2" bw="0" slack="2147483647"/>
<pin id="474" dir="1" index="3" bw="32" slack="0"/>
</pin_list>
<bind>
<opcode="load(27) " fcode="load"/>
<opset="weights_6_load/2 "/>
</bind>
</comp>

<comp id="476" class="1004" name="weights_7_addr_gep_fu_476">
<pin_list>
<pin id="477" dir="0" index="0" bw="32" slack="0"/>
<pin id="478" dir="0" index="1" bw="1" slack="0"/>
<pin id="479" dir="0" index="2" bw="31" slack="1"/>
<pin id="480" dir="1" index="3" bw="5" slack="0"/>
</pin_list>
<bind>
<opcode="getelementptr(29) " fcode="getelementptr"/>
<opset="weights_7_addr/2 "/>
</bind>
</comp>

<comp id="483" class="1004" name="grp_access_fu_483">
<pin_list>
<pin id="484" dir="0" index="0" bw="5" slack="0"/>
<pin id="485" dir="0" index="1" bw="32" slack="2147483647"/>
<pin id="486" dir="0" index="2" bw="0" slack="2147483647"/>
<pin id="487" dir="1" index="3" bw="32" slack="0"/>
</pin_list>
<bind>
<opcode="load(27) " fcode="load"/>
<opset="weights_7_load/2 "/>
</bind>
</comp>

<comp id="489" class="1004" name="weights_12_addr_gep_fu_489">
<pin_list>
<pin id="490" dir="0" index="0" bw="32" slack="0"/>
<pin id="491" dir="0" index="1" bw="1" slack="0"/>
<pin id="492" dir="0" index="2" bw="31" slack="1"/>
<pin id="493" dir="1" index="3" bw="5" slack="0"/>
</pin_list>
<bind>
<opcode="getelementptr(29) " fcode="getelementptr"/>
<opset="weights_12_addr/2 "/>
</bind>
</comp>

<comp id="496" class="1004" name="grp_access_fu_496">
<pin_list>
<pin id="497" dir="0" index="0" bw="5" slack="0"/>
<pin id="498" dir="0" index="1" bw="32" slack="2147483647"/>
<pin id="499" dir="0" index="2" bw="0" slack="2147483647"/>
<pin id="500" dir="1" index="3" bw="32" slack="0"/>
</pin_list>
<bind>
<opcode="load(27) " fcode="load"/>
<opset="weights_12_load/2 "/>
</bind>
</comp>

<comp id="502" class="1004" name="weights_13_addr_gep_fu_502">
<pin_list>
<pin id="503" dir="0" index="0" bw="32" slack="0"/>
<pin id="504" dir="0" index="1" bw="1" slack="0"/>
<pin id="505" dir="0" index="2" bw="31" slack="1"/>
<pin id="506" dir="1" index="3" bw="5" slack="0"/>
</pin_list>
<bind>
<opcode="getelementptr(29) " fcode="getelementptr"/>
<opset="weights_13_addr/2 "/>
</bind>
</comp>

<comp id="509" class="1004" name="grp_access_fu_509">
<pin_list>
<pin id="510" dir="0" index="0" bw="5" slack="0"/>
<pin id="511" dir="0" index="1" bw="32" slack="2147483647"/>
<pin id="512" dir="0" index="2" bw="0" slack="2147483647"/>
<pin id="513" dir="1" index="3" bw="32" slack="0"/>
</pin_list>
<bind>
<opcode="load(27) " fcode="load"/>
<opset="weights_13_load/2 "/>
</bind>
</comp>

<comp id="515" class="1004" name="weights_14_addr_gep_fu_515">
<pin_list>
<pin id="516" dir="0" index="0" bw="32" slack="0"/>
<pin id="517" dir="0" index="1" bw="1" slack="0"/>
<pin id="518" dir="0" index="2" bw="31" slack="1"/>
<pin id="519" dir="1" index="3" bw="5" slack="0"/>
</pin_list>
<bind>
<opcode="getelementptr(29) " fcode="getelementptr"/>
<opset="weights_14_addr/2 "/>
</bind>
</comp>

<comp id="522" class="1004" name="grp_access_fu_522">
<pin_list>
<pin id="523" dir="0" index="0" bw="5" slack="0"/>
<pin id="524" dir="0" index="1" bw="32" slack="2147483647"/>
<pin id="525" dir="0" index="2" bw="0" slack="2147483647"/>
<pin id="526" dir="1" index="3" bw="32" slack="0"/>
</pin_list>
<bind>
<opcode="load(27) " fcode="load"/>
<opset="weights_14_load/2 "/>
</bind>
</comp>

<comp id="528" class="1004" name="weights_15_addr_gep_fu_528">
<pin_list>
<pin id="529" dir="0" index="0" bw="32" slack="0"/>
<pin id="530" dir="0" index="1" bw="1" slack="0"/>
<pin id="531" dir="0" index="2" bw="31" slack="1"/>
<pin id="532" dir="1" index="3" bw="5" slack="0"/>
</pin_list>
<bind>
<opcode="getelementptr(29) " fcode="getelementptr"/>
<opset="weights_15_addr/2 "/>
</bind>
</comp>

<comp id="535" class="1004" name="grp_access_fu_535">
<pin_list>
<pin id="536" dir="0" index="0" bw="5" slack="0"/>
<pin id="537" dir="0" index="1" bw="32" slack="2147483647"/>
<pin id="538" dir="0" index="2" bw="0" slack="2147483647"/>
<pin id="539" dir="1" index="3" bw="32" slack="0"/>
</pin_list>
<bind>
<opcode="load(27) " fcode="load"/>
<opset="weights_15_load/2 "/>
</bind>
</comp>

<comp id="541" class="1004" name="weights_16_addr_gep_fu_541">
<pin_list>
<pin id="542" dir="0" index="0" bw="32" slack="0"/>
<pin id="543" dir="0" index="1" bw="1" slack="0"/>
<pin id="544" dir="0" index="2" bw="31" slack="1"/>
<pin id="545" dir="1" index="3" bw="5" slack="0"/>
</pin_list>
<bind>
<opcode="getelementptr(29) " fcode="getelementptr"/>
<opset="weights_16_addr/2 "/>
</bind>
</comp>

<comp id="548" class="1004" name="grp_access_fu_548">
<pin_list>
<pin id="549" dir="0" index="0" bw="5" slack="0"/>
<pin id="550" dir="0" index="1" bw="32" slack="2147483647"/>
<pin id="551" dir="0" index="2" bw="0" slack="2147483647"/>
<pin id="552" dir="1" index="3" bw="32" slack="0"/>
</pin_list>
<bind>
<opcode="load(27) " fcode="load"/>
<opset="weights_16_load/2 "/>
</bind>
</comp>

<comp id="554" class="1004" name="weights_17_addr_gep_fu_554">
<pin_list>
<pin id="555" dir="0" index="0" bw="32" slack="0"/>
<pin id="556" dir="0" index="1" bw="1" slack="0"/>
<pin id="557" dir="0" index="2" bw="31" slack="1"/>
<pin id="558" dir="1" index="3" bw="5" slack="0"/>
</pin_list>
<bind>
<opcode="getelementptr(29) " fcode="getelementptr"/>
<opset="weights_17_addr/2 "/>
</bind>
</comp>

<comp id="561" class="1004" name="grp_access_fu_561">
<pin_list>
<pin id="562" dir="0" index="0" bw="5" slack="0"/>
<pin id="563" dir="0" index="1" bw="32" slack="2147483647"/>
<pin id="564" dir="0" index="2" bw="0" slack="2147483647"/>
<pin id="565" dir="1" index="3" bw="32" slack="0"/>
</pin_list>
<bind>
<opcode="load(27) " fcode="load"/>
<opset="weights_17_load/2 "/>
</bind>
</comp>

<comp id="567" class="1004" name="weights_18_addr_gep_fu_567">
<pin_list>
<pin id="568" dir="0" index="0" bw="32" slack="0"/>
<pin id="569" dir="0" index="1" bw="1" slack="0"/>
<pin id="570" dir="0" index="2" bw="31" slack="1"/>
<pin id="571" dir="1" index="3" bw="5" slack="0"/>
</pin_list>
<bind>
<opcode="getelementptr(29) " fcode="getelementptr"/>
<opset="weights_18_addr/2 "/>
</bind>
</comp>

<comp id="574" class="1004" name="grp_access_fu_574">
<pin_list>
<pin id="575" dir="0" index="0" bw="5" slack="0"/>
<pin id="576" dir="0" index="1" bw="32" slack="2147483647"/>
<pin id="577" dir="0" index="2" bw="0" slack="2147483647"/>
<pin id="578" dir="1" index="3" bw="32" slack="0"/>
</pin_list>
<bind>
<opcode="load(27) " fcode="load"/>
<opset="weights_18_load/2 "/>
</bind>
</comp>

<comp id="580" class="1004" name="weights_19_addr_gep_fu_580">
<pin_list>
<pin id="581" dir="0" index="0" bw="32" slack="0"/>
<pin id="582" dir="0" index="1" bw="1" slack="0"/>
<pin id="583" dir="0" index="2" bw="31" slack="1"/>
<pin id="584" dir="1" index="3" bw="5" slack="0"/>
</pin_list>
<bind>
<opcode="getelementptr(29) " fcode="getelementptr"/>
<opset="weights_19_addr/2 "/>
</bind>
</comp>

<comp id="587" class="1004" name="grp_access_fu_587">
<pin_list>
<pin id="588" dir="0" index="0" bw="5" slack="0"/>
<pin id="589" dir="0" index="1" bw="32" slack="2147483647"/>
<pin id="590" dir="0" index="2" bw="0" slack="2147483647"/>
<pin id="591" dir="1" index="3" bw="32" slack="0"/>
</pin_list>
<bind>
<opcode="load(27) " fcode="load"/>
<opset="weights_19_load/2 "/>
</bind>
</comp>

<comp id="593" class="1004" name="weights_20_addr_gep_fu_593">
<pin_list>
<pin id="594" dir="0" index="0" bw="32" slack="0"/>
<pin id="595" dir="0" index="1" bw="1" slack="0"/>
<pin id="596" dir="0" index="2" bw="31" slack="1"/>
<pin id="597" dir="1" index="3" bw="5" slack="0"/>
</pin_list>
<bind>
<opcode="getelementptr(29) " fcode="getelementptr"/>
<opset="weights_20_addr/2 "/>
</bind>
</comp>

<comp id="600" class="1004" name="grp_access_fu_600">
<pin_list>
<pin id="601" dir="0" index="0" bw="5" slack="0"/>
<pin id="602" dir="0" index="1" bw="32" slack="2147483647"/>
<pin id="603" dir="0" index="2" bw="0" slack="2147483647"/>
<pin id="604" dir="1" index="3" bw="32" slack="0"/>
</pin_list>
<bind>
<opcode="load(27) " fcode="load"/>
<opset="weights_20_load/2 "/>
</bind>
</comp>

<comp id="606" class="1004" name="weights_21_addr_gep_fu_606">
<pin_list>
<pin id="607" dir="0" index="0" bw="32" slack="0"/>
<pin id="608" dir="0" index="1" bw="1" slack="0"/>
<pin id="609" dir="0" index="2" bw="31" slack="1"/>
<pin id="610" dir="1" index="3" bw="5" slack="0"/>
</pin_list>
<bind>
<opcode="getelementptr(29) " fcode="getelementptr"/>
<opset="weights_21_addr/2 "/>
</bind>
</comp>

<comp id="613" class="1004" name="grp_access_fu_613">
<pin_list>
<pin id="614" dir="0" index="0" bw="5" slack="0"/>
<pin id="615" dir="0" index="1" bw="32" slack="2147483647"/>
<pin id="616" dir="0" index="2" bw="0" slack="2147483647"/>
<pin id="617" dir="1" index="3" bw="32" slack="0"/>
</pin_list>
<bind>
<opcode="load(27) " fcode="load"/>
<opset="weights_21_load/2 "/>
</bind>
</comp>

<comp id="619" class="1004" name="weights_22_addr_gep_fu_619">
<pin_list>
<pin id="620" dir="0" index="0" bw="32" slack="0"/>
<pin id="621" dir="0" index="1" bw="1" slack="0"/>
<pin id="622" dir="0" index="2" bw="31" slack="1"/>
<pin id="623" dir="1" index="3" bw="5" slack="0"/>
</pin_list>
<bind>
<opcode="getelementptr(29) " fcode="getelementptr"/>
<opset="weights_22_addr/2 "/>
</bind>
</comp>

<comp id="626" class="1004" name="grp_access_fu_626">
<pin_list>
<pin id="627" dir="0" index="0" bw="5" slack="0"/>
<pin id="628" dir="0" index="1" bw="32" slack="2147483647"/>
<pin id="629" dir="0" index="2" bw="0" slack="2147483647"/>
<pin id="630" dir="1" index="3" bw="32" slack="0"/>
</pin_list>
<bind>
<opcode="load(27) " fcode="load"/>
<opset="weights_22_load/2 "/>
</bind>
</comp>

<comp id="632" class="1004" name="weights_23_addr_gep_fu_632">
<pin_list>
<pin id="633" dir="0" index="0" bw="32" slack="0"/>
<pin id="634" dir="0" index="1" bw="1" slack="0"/>
<pin id="635" dir="0" index="2" bw="31" slack="1"/>
<pin id="636" dir="1" index="3" bw="5" slack="0"/>
</pin_list>
<bind>
<opcode="getelementptr(29) " fcode="getelementptr"/>
<opset="weights_23_addr/2 "/>
</bind>
</comp>

<comp id="639" class="1004" name="grp_access_fu_639">
<pin_list>
<pin id="640" dir="0" index="0" bw="5" slack="0"/>
<pin id="641" dir="0" index="1" bw="32" slack="2147483647"/>
<pin id="642" dir="0" index="2" bw="0" slack="2147483647"/>
<pin id="643" dir="1" index="3" bw="32" slack="0"/>
</pin_list>
<bind>
<opcode="load(27) " fcode="load"/>
<opset="weights_23_load/2 "/>
</bind>
</comp>

<comp id="645" class="1004" name="weights_24_addr_gep_fu_645">
<pin_list>
<pin id="646" dir="0" index="0" bw="32" slack="0"/>
<pin id="647" dir="0" index="1" bw="1" slack="0"/>
<pin id="648" dir="0" index="2" bw="31" slack="1"/>
<pin id="649" dir="1" index="3" bw="5" slack="0"/>
</pin_list>
<bind>
<opcode="getelementptr(29) " fcode="getelementptr"/>
<opset="weights_24_addr/2 "/>
</bind>
</comp>

<comp id="652" class="1004" name="grp_access_fu_652">
<pin_list>
<pin id="653" dir="0" index="0" bw="5" slack="0"/>
<pin id="654" dir="0" index="1" bw="32" slack="2147483647"/>
<pin id="655" dir="0" index="2" bw="0" slack="2147483647"/>
<pin id="656" dir="1" index="3" bw="32" slack="0"/>
</pin_list>
<bind>
<opcode="load(27) " fcode="load"/>
<opset="weights_24_load/2 "/>
</bind>
</comp>

<comp id="658" class="1004" name="weights_25_addr_gep_fu_658">
<pin_list>
<pin id="659" dir="0" index="0" bw="32" slack="0"/>
<pin id="660" dir="0" index="1" bw="1" slack="0"/>
<pin id="661" dir="0" index="2" bw="31" slack="1"/>
<pin id="662" dir="1" index="3" bw="5" slack="0"/>
</pin_list>
<bind>
<opcode="getelementptr(29) " fcode="getelementptr"/>
<opset="weights_25_addr/2 "/>
</bind>
</comp>

<comp id="665" class="1004" name="grp_access_fu_665">
<pin_list>
<pin id="666" dir="0" index="0" bw="5" slack="0"/>
<pin id="667" dir="0" index="1" bw="32" slack="2147483647"/>
<pin id="668" dir="0" index="2" bw="0" slack="2147483647"/>
<pin id="669" dir="1" index="3" bw="32" slack="0"/>
</pin_list>
<bind>
<opcode="load(27) " fcode="load"/>
<opset="weights_25_load/2 "/>
</bind>
</comp>

<comp id="671" class="1004" name="weights_26_addr_gep_fu_671">
<pin_list>
<pin id="672" dir="0" index="0" bw="32" slack="0"/>
<pin id="673" dir="0" index="1" bw="1" slack="0"/>
<pin id="674" dir="0" index="2" bw="31" slack="1"/>
<pin id="675" dir="1" index="3" bw="5" slack="0"/>
</pin_list>
<bind>
<opcode="getelementptr(29) " fcode="getelementptr"/>
<opset="weights_26_addr/2 "/>
</bind>
</comp>

<comp id="678" class="1004" name="grp_access_fu_678">
<pin_list>
<pin id="679" dir="0" index="0" bw="5" slack="0"/>
<pin id="680" dir="0" index="1" bw="32" slack="2147483647"/>
<pin id="681" dir="0" index="2" bw="0" slack="2147483647"/>
<pin id="682" dir="1" index="3" bw="32" slack="0"/>
</pin_list>
<bind>
<opcode="load(27) " fcode="load"/>
<opset="weights_26_load/2 "/>
</bind>
</comp>

<comp id="684" class="1004" name="weights_27_addr_gep_fu_684">
<pin_list>
<pin id="685" dir="0" index="0" bw="32" slack="0"/>
<pin id="686" dir="0" index="1" bw="1" slack="0"/>
<pin id="687" dir="0" index="2" bw="31" slack="1"/>
<pin id="688" dir="1" index="3" bw="5" slack="0"/>
</pin_list>
<bind>
<opcode="getelementptr(29) " fcode="getelementptr"/>
<opset="weights_27_addr/2 "/>
</bind>
</comp>

<comp id="691" class="1004" name="grp_access_fu_691">
<pin_list>
<pin id="692" dir="0" index="0" bw="5" slack="0"/>
<pin id="693" dir="0" index="1" bw="32" slack="2147483647"/>
<pin id="694" dir="0" index="2" bw="0" slack="2147483647"/>
<pin id="695" dir="1" index="3" bw="32" slack="0"/>
</pin_list>
<bind>
<opcode="load(27) " fcode="load"/>
<opset="weights_27_load/2 "/>
</bind>
</comp>

<comp id="697" class="1004" name="weights_0_addr_gep_fu_697">
<pin_list>
<pin id="698" dir="0" index="0" bw="32" slack="0"/>
<pin id="699" dir="0" index="1" bw="1" slack="0"/>
<pin id="700" dir="0" index="2" bw="31" slack="2"/>
<pin id="701" dir="1" index="3" bw="5" slack="0"/>
</pin_list>
<bind>
<opcode="getelementptr(29) " fcode="getelementptr"/>
<opset="weights_0_addr/3 "/>
</bind>
</comp>

<comp id="704" class="1004" name="grp_access_fu_704">
<pin_list>
<pin id="705" dir="0" index="0" bw="5" slack="0"/>
<pin id="706" dir="0" index="1" bw="32" slack="2147483647"/>
<pin id="707" dir="0" index="2" bw="0" slack="2147483647"/>
<pin id="708" dir="1" index="3" bw="32" slack="0"/>
</pin_list>
<bind>
<opcode="load(27) " fcode="load"/>
<opset="weights_0_load/3 "/>
</bind>
</comp>

<comp id="710" class="1004" name="weights_1_addr_gep_fu_710">
<pin_list>
<pin id="711" dir="0" index="0" bw="32" slack="0"/>
<pin id="712" dir="0" index="1" bw="1" slack="0"/>
<pin id="713" dir="0" index="2" bw="31" slack="2"/>
<pin id="714" dir="1" index="3" bw="5" slack="0"/>
</pin_list>
<bind>
<opcode="getelementptr(29) " fcode="getelementptr"/>
<opset="weights_1_addr/3 "/>
</bind>
</comp>

<comp id="717" class="1004" name="grp_access_fu_717">
<pin_list>
<pin id="718" dir="0" index="0" bw="5" slack="0"/>
<pin id="719" dir="0" index="1" bw="32" slack="2147483647"/>
<pin id="720" dir="0" index="2" bw="0" slack="2147483647"/>
<pin id="721" dir="1" index="3" bw="32" slack="0"/>
</pin_list>
<bind>
<opcode="load(27) " fcode="load"/>
<opset="weights_1_load/3 "/>
</bind>
</comp>

<comp id="723" class="1004" name="weights_2_addr_gep_fu_723">
<pin_list>
<pin id="724" dir="0" index="0" bw="32" slack="0"/>
<pin id="725" dir="0" index="1" bw="1" slack="0"/>
<pin id="726" dir="0" index="2" bw="31" slack="2"/>
<pin id="727" dir="1" index="3" bw="5" slack="0"/>
</pin_list>
<bind>
<opcode="getelementptr(29) " fcode="getelementptr"/>
<opset="weights_2_addr/3 "/>
</bind>
</comp>

<comp id="730" class="1004" name="grp_access_fu_730">
<pin_list>
<pin id="731" dir="0" index="0" bw="5" slack="0"/>
<pin id="732" dir="0" index="1" bw="32" slack="2147483647"/>
<pin id="733" dir="0" index="2" bw="0" slack="2147483647"/>
<pin id="734" dir="1" index="3" bw="32" slack="0"/>
</pin_list>
<bind>
<opcode="load(27) " fcode="load"/>
<opset="weights_2_load/3 "/>
</bind>
</comp>

<comp id="736" class="1004" name="weights_3_addr_gep_fu_736">
<pin_list>
<pin id="737" dir="0" index="0" bw="32" slack="0"/>
<pin id="738" dir="0" index="1" bw="1" slack="0"/>
<pin id="739" dir="0" index="2" bw="31" slack="2"/>
<pin id="740" dir="1" index="3" bw="5" slack="0"/>
</pin_list>
<bind>
<opcode="getelementptr(29) " fcode="getelementptr"/>
<opset="weights_3_addr/3 "/>
</bind>
</comp>

<comp id="743" class="1004" name="grp_access_fu_743">
<pin_list>
<pin id="744" dir="0" index="0" bw="5" slack="0"/>
<pin id="745" dir="0" index="1" bw="32" slack="2147483647"/>
<pin id="746" dir="0" index="2" bw="0" slack="2147483647"/>
<pin id="747" dir="1" index="3" bw="32" slack="0"/>
</pin_list>
<bind>
<opcode="load(27) " fcode="load"/>
<opset="weights_3_load/3 "/>
</bind>
</comp>

<comp id="749" class="1004" name="weights_8_addr_gep_fu_749">
<pin_list>
<pin id="750" dir="0" index="0" bw="32" slack="0"/>
<pin id="751" dir="0" index="1" bw="1" slack="0"/>
<pin id="752" dir="0" index="2" bw="31" slack="2"/>
<pin id="753" dir="1" index="3" bw="5" slack="0"/>
</pin_list>
<bind>
<opcode="getelementptr(29) " fcode="getelementptr"/>
<opset="weights_8_addr/3 "/>
</bind>
</comp>

<comp id="756" class="1004" name="grp_access_fu_756">
<pin_list>
<pin id="757" dir="0" index="0" bw="5" slack="0"/>
<pin id="758" dir="0" index="1" bw="32" slack="2147483647"/>
<pin id="759" dir="0" index="2" bw="0" slack="2147483647"/>
<pin id="760" dir="1" index="3" bw="32" slack="0"/>
</pin_list>
<bind>
<opcode="load(27) " fcode="load"/>
<opset="weights_8_load/3 "/>
</bind>
</comp>

<comp id="762" class="1004" name="weights_9_addr_gep_fu_762">
<pin_list>
<pin id="763" dir="0" index="0" bw="32" slack="0"/>
<pin id="764" dir="0" index="1" bw="1" slack="0"/>
<pin id="765" dir="0" index="2" bw="31" slack="2"/>
<pin id="766" dir="1" index="3" bw="5" slack="0"/>
</pin_list>
<bind>
<opcode="getelementptr(29) " fcode="getelementptr"/>
<opset="weights_9_addr/3 "/>
</bind>
</comp>

<comp id="769" class="1004" name="grp_access_fu_769">
<pin_list>
<pin id="770" dir="0" index="0" bw="5" slack="0"/>
<pin id="771" dir="0" index="1" bw="32" slack="2147483647"/>
<pin id="772" dir="0" index="2" bw="0" slack="2147483647"/>
<pin id="773" dir="1" index="3" bw="32" slack="0"/>
</pin_list>
<bind>
<opcode="load(27) " fcode="load"/>
<opset="weights_9_load/3 "/>
</bind>
</comp>

<comp id="775" class="1004" name="weights_10_addr_gep_fu_775">
<pin_list>
<pin id="776" dir="0" index="0" bw="32" slack="0"/>
<pin id="777" dir="0" index="1" bw="1" slack="0"/>
<pin id="778" dir="0" index="2" bw="31" slack="2"/>
<pin id="779" dir="1" index="3" bw="5" slack="0"/>
</pin_list>
<bind>
<opcode="getelementptr(29) " fcode="getelementptr"/>
<opset="weights_10_addr/3 "/>
</bind>
</comp>

<comp id="782" class="1004" name="grp_access_fu_782">
<pin_list>
<pin id="783" dir="0" index="0" bw="5" slack="0"/>
<pin id="784" dir="0" index="1" bw="32" slack="2147483647"/>
<pin id="785" dir="0" index="2" bw="0" slack="2147483647"/>
<pin id="786" dir="1" index="3" bw="32" slack="0"/>
</pin_list>
<bind>
<opcode="load(27) " fcode="load"/>
<opset="weights_10_load/3 "/>
</bind>
</comp>

<comp id="788" class="1004" name="weights_11_addr_gep_fu_788">
<pin_list>
<pin id="789" dir="0" index="0" bw="32" slack="0"/>
<pin id="790" dir="0" index="1" bw="1" slack="0"/>
<pin id="791" dir="0" index="2" bw="31" slack="2"/>
<pin id="792" dir="1" index="3" bw="5" slack="0"/>
</pin_list>
<bind>
<opcode="getelementptr(29) " fcode="getelementptr"/>
<opset="weights_11_addr/3 "/>
</bind>
</comp>

<comp id="795" class="1004" name="grp_access_fu_795">
<pin_list>
<pin id="796" dir="0" index="0" bw="5" slack="0"/>
<pin id="797" dir="0" index="1" bw="32" slack="2147483647"/>
<pin id="798" dir="0" index="2" bw="0" slack="2147483647"/>
<pin id="799" dir="1" index="3" bw="32" slack="0"/>
</pin_list>
<bind>
<opcode="load(27) " fcode="load"/>
<opset="weights_11_load/3 "/>
</bind>
</comp>

<comp id="801" class="1004" name="grp_fu_801">
<pin_list>
<pin id="802" dir="0" index="0" bw="32" slack="0"/>
<pin id="803" dir="0" index="1" bw="8" slack="1"/>
<pin id="804" dir="1" index="2" bw="32" slack="1"/>
</pin_list>
<bind>
<opcode="mul(12) " fcode="mul"/>
<opset="mul_ln36/2 "/>
</bind>
</comp>

<comp id="806" class="1004" name="grp_fu_806">
<pin_list>
<pin id="807" dir="0" index="0" bw="32" slack="0"/>
<pin id="808" dir="0" index="1" bw="8" slack="1"/>
<pin id="809" dir="1" index="2" bw="32" slack="1"/>
</pin_list>
<bind>
<opcode="mul(12) " fcode="mul"/>
<opset="mul_ln36_1/2 "/>
</bind>
</comp>

<comp id="811" class="1004" name="grp_fu_811">
<pin_list>
<pin id="812" dir="0" index="0" bw="32" slack="0"/>
<pin id="813" dir="0" index="1" bw="8" slack="1"/>
<pin id="814" dir="1" index="2" bw="32" slack="1"/>
</pin_list>
<bind>
<opcode="mul(12) " fcode="mul"/>
<opset="mul_ln36_2/2 "/>
</bind>
</comp>

<comp id="816" class="1004" name="grp_fu_816">
<pin_list>
<pin id="817" dir="0" index="0" bw="32" slack="0"/>
<pin id="818" dir="0" index="1" bw="8" slack="1"/>
<pin id="819" dir="1" index="2" bw="32" slack="1"/>
</pin_list>
<bind>
<opcode="mul(12) " fcode="mul"/>
<opset="mul_ln36_3/2 "/>
</bind>
</comp>

<comp id="821" class="1004" name="grp_fu_821">
<pin_list>
<pin id="822" dir="0" index="0" bw="32" slack="0"/>
<pin id="823" dir="0" index="1" bw="8" slack="2"/>
<pin id="824" dir="1" index="2" bw="32" slack="1"/>
</pin_list>
<bind>
<opcode="mul(12) " fcode="mul"/>
<opset="mul_ln36_4/3 "/>
</bind>
</comp>

<comp id="826" class="1004" name="grp_fu_826">
<pin_list>
<pin id="827" dir="0" index="0" bw="32" slack="0"/>
<pin id="828" dir="0" index="1" bw="8" slack="2"/>
<pin id="829" dir="1" index="2" bw="32" slack="1"/>
</pin_list>
<bind>
<opcode="mul(12) " fcode="mul"/>
<opset="mul_ln36_5/3 "/>
</bind>
</comp>

<comp id="831" class="1004" name="grp_fu_831">
<pin_list>
<pin id="832" dir="0" index="0" bw="32" slack="0"/>
<pin id="833" dir="0" index="1" bw="8" slack="2"/>
<pin id="834" dir="1" index="2" bw="32" slack="1"/>
</pin_list>
<bind>
<opcode="mul(12) " fcode="mul"/>
<opset="mul_ln36_6/3 "/>
</bind>
</comp>

<comp id="836" class="1004" name="grp_fu_836">
<pin_list>
<pin id="837" dir="0" index="0" bw="32" slack="0"/>
<pin id="838" dir="0" index="1" bw="8" slack="2"/>
<pin id="839" dir="1" index="2" bw="32" slack="1"/>
</pin_list>
<bind>
<opcode="mul(12) " fcode="mul"/>
<opset="mul_ln36_7/3 "/>
</bind>
</comp>

<comp id="841" class="1004" name="grp_fu_841">
<pin_list>
<pin id="842" dir="0" index="0" bw="32" slack="0"/>
<pin id="843" dir="0" index="1" bw="8" slack="2"/>
<pin id="844" dir="1" index="2" bw="32" slack="1"/>
</pin_list>
<bind>
<opcode="mul(12) " fcode="mul"/>
<opset="mul_ln36_8/3 "/>
</bind>
</comp>

<comp id="846" class="1004" name="grp_fu_846">
<pin_list>
<pin id="847" dir="0" index="0" bw="32" slack="0"/>
<pin id="848" dir="0" index="1" bw="8" slack="2"/>
<pin id="849" dir="1" index="2" bw="32" slack="1"/>
</pin_list>
<bind>
<opcode="mul(12) " fcode="mul"/>
<opset="mul_ln36_9/3 "/>
</bind>
</comp>

<comp id="851" class="1004" name="grp_fu_851">
<pin_list>
<pin id="852" dir="0" index="0" bw="32" slack="0"/>
<pin id="853" dir="0" index="1" bw="8" slack="2"/>
<pin id="854" dir="1" index="2" bw="32" slack="1"/>
</pin_list>
<bind>
<opcode="mul(12) " fcode="mul"/>
<opset="mul_ln36_10/3 "/>
</bind>
</comp>

<comp id="856" class="1004" name="grp_fu_856">
<pin_list>
<pin id="857" dir="0" index="0" bw="32" slack="0"/>
<pin id="858" dir="0" index="1" bw="8" slack="2"/>
<pin id="859" dir="1" index="2" bw="32" slack="1"/>
</pin_list>
<bind>
<opcode="mul(12) " fcode="mul"/>
<opset="mul_ln36_11/3 "/>
</bind>
</comp>

<comp id="861" class="1004" name="grp_fu_861">
<pin_list>
<pin id="862" dir="0" index="0" bw="32" slack="0"/>
<pin id="863" dir="0" index="1" bw="8" slack="2"/>
<pin id="864" dir="1" index="2" bw="32" slack="1"/>
</pin_list>
<bind>
<opcode="mul(12) " fcode="mul"/>
<opset="mul_ln36_12/3 "/>
</bind>
</comp>

<comp id="866" class="1004" name="grp_fu_866">
<pin_list>
<pin id="867" dir="0" index="0" bw="32" slack="0"/>
<pin id="868" dir="0" index="1" bw="8" slack="2"/>
<pin id="869" dir="1" index="2" bw="32" slack="1"/>
</pin_list>
<bind>
<opcode="mul(12) " fcode="mul"/>
<opset="mul_ln36_13/3 "/>
</bind>
</comp>

<comp id="871" class="1004" name="grp_fu_871">
<pin_list>
<pin id="872" dir="0" index="0" bw="32" slack="0"/>
<pin id="873" dir="0" index="1" bw="8" slack="2"/>
<pin id="874" dir="1" index="2" bw="32" slack="1"/>
</pin_list>
<bind>
<opcode="mul(12) " fcode="mul"/>
<opset="mul_ln36_14/3 "/>
</bind>
</comp>

<comp id="876" class="1004" name="grp_fu_876">
<pin_list>
<pin id="877" dir="0" index="0" bw="32" slack="0"/>
<pin id="878" dir="0" index="1" bw="8" slack="2"/>
<pin id="879" dir="1" index="2" bw="32" slack="1"/>
</pin_list>
<bind>
<opcode="mul(12) " fcode="mul"/>
<opset="mul_ln36_15/3 "/>
</bind>
</comp>

<comp id="881" class="1004" name="grp_fu_881">
<pin_list>
<pin id="882" dir="0" index="0" bw="32" slack="0"/>
<pin id="883" dir="0" index="1" bw="8" slack="2"/>
<pin id="884" dir="1" index="2" bw="32" slack="1"/>
</pin_list>
<bind>
<opcode="mul(12) " fcode="mul"/>
<opset="mul_ln36_16/3 "/>
</bind>
</comp>

<comp id="886" class="1004" name="grp_fu_886">
<pin_list>
<pin id="887" dir="0" index="0" bw="32" slack="0"/>
<pin id="888" dir="0" index="1" bw="8" slack="2"/>
<pin id="889" dir="1" index="2" bw="32" slack="1"/>
</pin_list>
<bind>
<opcode="mul(12) " fcode="mul"/>
<opset="mul_ln36_17/3 "/>
</bind>
</comp>

<comp id="891" class="1004" name="grp_fu_891">
<pin_list>
<pin id="892" dir="0" index="0" bw="32" slack="0"/>
<pin id="893" dir="0" index="1" bw="8" slack="2"/>
<pin id="894" dir="1" index="2" bw="32" slack="1"/>
</pin_list>
<bind>
<opcode="mul(12) " fcode="mul"/>
<opset="mul_ln36_18/3 "/>
</bind>
</comp>

<comp id="896" class="1004" name="grp_fu_896">
<pin_list>
<pin id="897" dir="0" index="0" bw="32" slack="0"/>
<pin id="898" dir="0" index="1" bw="8" slack="2"/>
<pin id="899" dir="1" index="2" bw="32" slack="1"/>
</pin_list>
<bind>
<opcode="mul(12) " fcode="mul"/>
<opset="mul_ln36_19/3 "/>
</bind>
</comp>

<comp id="901" class="1004" name="grp_fu_901">
<pin_list>
<pin id="902" dir="0" index="0" bw="32" slack="0"/>
<pin id="903" dir="0" index="1" bw="8" slack="2"/>
<pin id="904" dir="1" index="2" bw="32" slack="1"/>
</pin_list>
<bind>
<opcode="mul(12) " fcode="mul"/>
<opset="mul_ln36_24/3 "/>
</bind>
</comp>

<comp id="906" class="1004" name="grp_fu_906">
<pin_list>
<pin id="907" dir="0" index="0" bw="32" slack="0"/>
<pin id="908" dir="0" index="1" bw="8" slack="2"/>
<pin id="909" dir="1" index="2" bw="32" slack="1"/>
</pin_list>
<bind>
<opcode="mul(12) " fcode="mul"/>
<opset="mul_ln36_25/3 "/>
</bind>
</comp>

<comp id="911" class="1004" name="grp_fu_911">
<pin_list>
<pin id="912" dir="0" index="0" bw="32" slack="0"/>
<pin id="913" dir="0" index="1" bw="8" slack="2"/>
<pin id="914" dir="1" index="2" bw="32" slack="1"/>
</pin_list>
<bind>
<opcode="mul(12) " fcode="mul"/>
<opset="mul_ln36_26/3 "/>
</bind>
</comp>

<comp id="916" class="1004" name="grp_fu_916">
<pin_list>
<pin id="917" dir="0" index="0" bw="32" slack="0"/>
<pin id="918" dir="0" index="1" bw="8" slack="2"/>
<pin id="919" dir="1" index="2" bw="32" slack="1"/>
</pin_list>
<bind>
<opcode="mul(12) " fcode="mul"/>
<opset="mul_ln36_27/3 "/>
</bind>
</comp>

<comp id="921" class="1004" name="grp_fu_921">
<pin_list>
<pin id="922" dir="0" index="0" bw="32" slack="0"/>
<pin id="923" dir="0" index="1" bw="8" slack="3"/>
<pin id="924" dir="1" index="2" bw="32" slack="1"/>
</pin_list>
<bind>
<opcode="mul(12) " fcode="mul"/>
<opset="mul_ln36_20/4 "/>
</bind>
</comp>

<comp id="926" class="1004" name="grp_fu_926">
<pin_list>
<pin id="927" dir="0" index="0" bw="32" slack="0"/>
<pin id="928" dir="0" index="1" bw="8" slack="3"/>
<pin id="929" dir="1" index="2" bw="32" slack="1"/>
</pin_list>
<bind>
<opcode="mul(12) " fcode="mul"/>
<opset="mul_ln36_21/4 "/>
</bind>
</comp>

<comp id="931" class="1004" name="grp_fu_931">
<pin_list>
<pin id="932" dir="0" index="0" bw="32" slack="0"/>
<pin id="933" dir="0" index="1" bw="8" slack="3"/>
<pin id="934" dir="1" index="2" bw="32" slack="1"/>
</pin_list>
<bind>
<opcode="mul(12) " fcode="mul"/>
<opset="mul_ln36_22/4 "/>
</bind>
</comp>

<comp id="936" class="1004" name="grp_fu_936">
<pin_list>
<pin id="937" dir="0" index="0" bw="32" slack="0"/>
<pin id="938" dir="0" index="1" bw="8" slack="3"/>
<pin id="939" dir="1" index="2" bw="32" slack="1"/>
</pin_list>
<bind>
<opcode="mul(12) " fcode="mul"/>
<opset="mul_ln36_23/4 "/>
</bind>
</comp>

<comp id="941" class="1004" name="grp_fu_941">
<pin_list>
<pin id="942" dir="0" index="0" bw="32" slack="0"/>
<pin id="943" dir="0" index="1" bw="8" slack="3"/>
<pin id="944" dir="1" index="2" bw="32" slack="1"/>
</pin_list>
<bind>
<opcode="mul(12) " fcode="mul"/>
<opset="mul_ln36_28/4 "/>
</bind>
</comp>

<comp id="946" class="1004" name="grp_fu_946">
<pin_list>
<pin id="947" dir="0" index="0" bw="32" slack="0"/>
<pin id="948" dir="0" index="1" bw="8" slack="3"/>
<pin id="949" dir="1" index="2" bw="32" slack="1"/>
</pin_list>
<bind>
<opcode="mul(12) " fcode="mul"/>
<opset="mul_ln36_29/4 "/>
</bind>
</comp>

<comp id="951" class="1004" name="grp_fu_951">
<pin_list>
<pin id="952" dir="0" index="0" bw="32" slack="0"/>
<pin id="953" dir="0" index="1" bw="8" slack="3"/>
<pin id="954" dir="1" index="2" bw="32" slack="1"/>
</pin_list>
<bind>
<opcode="mul(12) " fcode="mul"/>
<opset="mul_ln36_30/4 "/>
</bind>
</comp>

<comp id="956" class="1004" name="grp_fu_956">
<pin_list>
<pin id="957" dir="0" index="0" bw="32" slack="0"/>
<pin id="958" dir="0" index="1" bw="8" slack="3"/>
<pin id="959" dir="1" index="2" bw="32" slack="1"/>
</pin_list>
<bind>
<opcode="mul(12) " fcode="mul"/>
<opset="mul_ln36_31/4 "/>
</bind>
</comp>

<comp id="961" class="1004" name="sext_ln36_1_cast_fu_961">
<pin_list>
<pin id="962" dir="0" index="0" bw="8" slack="0"/>
<pin id="963" dir="1" index="1" bw="32" slack="3"/>
</pin_list>
<bind>
<opcode="sext(35) " fcode="sext"/>
<opset="sext_ln36_1_cast/1 "/>
</bind>
</comp>

<comp id="965" class="1004" name="sext_ln36_cast_fu_965">
<pin_list>
<pin id="966" dir="0" index="0" bw="8" slack="0"/>
<pin id="967" dir="1" index="1" bw="32" slack="3"/>
</pin_list>
<bind>
<opcode="sext(35) " fcode="sext"/>
<opset="sext_ln36_cast/1 "/>
</bind>
</comp>

<comp id="969" class="1004" name="sext_ln36_2_cast_fu_969">
<pin_list>
<pin id="970" dir="0" index="0" bw="8" slack="0"/>
<pin id="971" dir="1" index="1" bw="32" slack="3"/>
</pin_list>
<bind>
<opcode="sext(35) " fcode="sext"/>
<opset="sext_ln36_2_cast/1 "/>
</bind>
</comp>

<comp id="973" class="1004" name="sext_ln36_3_cast_fu_973">
<pin_list>
<pin id="974" dir="0" index="0" bw="8" slack="0"/>
<pin id="975" dir="1" index="1" bw="32" slack="3"/>
</pin_list>
<bind>
<opcode="sext(35) " fcode="sext"/>
<opset="sext_ln36_3_cast/1 "/>
</bind>
</comp>

<comp id="977" class="1004" name="sext_ln36_4_cast_fu_977">
<pin_list>
<pin id="978" dir="0" index="0" bw="8" slack="0"/>
<pin id="979" dir="1" index="1" bw="32" slack="2"/>
</pin_list>
<bind>
<opcode="sext(35) " fcode="sext"/>
<opset="sext_ln36_4_cast/1 "/>
</bind>
</comp>

<comp id="981" class="1004" name="sext_ln36_5_cast_fu_981">
<pin_list>
<pin id="982" dir="0" index="0" bw="8" slack="0"/>
<pin id="983" dir="1" index="1" bw="32" slack="2"/>
</pin_list>
<bind>
<opcode="sext(35) " fcode="sext"/>
<opset="sext_ln36_5_cast/1 "/>
</bind>
</comp>

<comp id="985" class="1004" name="sext_ln36_6_cast_fu_985">
<pin_list>
<pin id="986" dir="0" index="0" bw="8" slack="0"/>
<pin id="987" dir="1" index="1" bw="32" slack="2"/>
</pin_list>
<bind>
<opcode="sext(35) " fcode="sext"/>
<opset="sext_ln36_6_cast/1 "/>
</bind>
</comp>

<comp id="989" class="1004" name="sext_ln36_7_cast_fu_989">
<pin_list>
<pin id="990" dir="0" index="0" bw="8" slack="0"/>
<pin id="991" dir="1" index="1" bw="32" slack="2"/>
</pin_list>
<bind>
<opcode="sext(35) " fcode="sext"/>
<opset="sext_ln36_7_cast/1 "/>
</bind>
</comp>

<comp id="993" class="1004" name="sext_ln36_8_cast_fu_993">
<pin_list>
<pin id="994" dir="0" index="0" bw="8" slack="0"/>
<pin id="995" dir="1" index="1" bw="32" slack="3"/>
</pin_list>
<bind>
<opcode="sext(35) " fcode="sext"/>
<opset="sext_ln36_8_cast/1 "/>
</bind>
</comp>

<comp id="997" class="1004" name="sext_ln36_9_cast_fu_997">
<pin_list>
<pin id="998" dir="0" index="0" bw="8" slack="0"/>
<pin id="999" dir="1" index="1" bw="32" slack="3"/>
</pin_list>
<bind>
<opcode="sext(35) " fcode="sext"/>
<opset="sext_ln36_9_cast/1 "/>
</bind>
</comp>

<comp id="1001" class="1004" name="sext_ln36_10_cast_fu_1001">
<pin_list>
<pin id="1002" dir="0" index="0" bw="8" slack="0"/>
<pin id="1003" dir="1" index="1" bw="32" slack="3"/>
</pin_list>
<bind>
<opcode="sext(35) " fcode="sext"/>
<opset="sext_ln36_10_cast/1 "/>
</bind>
</comp>

<comp id="1005" class="1004" name="sext_ln36_11_cast_fu_1005">
<pin_list>
<pin id="1006" dir="0" index="0" bw="8" slack="0"/>
<pin id="1007" dir="1" index="1" bw="32" slack="3"/>
</pin_list>
<bind>
<opcode="sext(35) " fcode="sext"/>
<opset="sext_ln36_11_cast/1 "/>
</bind>
</comp>

<comp id="1009" class="1004" name="sext_ln36_12_cast_fu_1009">
<pin_list>
<pin id="1010" dir="0" index="0" bw="8" slack="0"/>
<pin id="1011" dir="1" index="1" bw="32" slack="2"/>
</pin_list>
<bind>
<opcode="sext(35) " fcode="sext"/>
<opset="sext_ln36_12_cast/1 "/>
</bind>
</comp>

<comp id="1013" class="1004" name="sext_ln36_13_cast_fu_1013">
<pin_list>
<pin id="1014" dir="0" index="0" bw="8" slack="0"/>
<pin id="1015" dir="1" index="1" bw="32" slack="2"/>
</pin_list>
<bind>
<opcode="sext(35) " fcode="sext"/>
<opset="sext_ln36_13_cast/1 "/>
</bind>
</comp>

<comp id="1017" class="1004" name="sext_ln36_14_cast_fu_1017">
<pin_list>
<pin id="1018" dir="0" index="0" bw="8" slack="0"/>
<pin id="1019" dir="1" index="1" bw="32" slack="2"/>
</pin_list>
<bind>
<opcode="sext(35) " fcode="sext"/>
<opset="sext_ln36_14_cast/1 "/>
</bind>
</comp>

<comp id="1021" class="1004" name="sext_ln36_15_cast_fu_1021">
<pin_list>
<pin id="1022" dir="0" index="0" bw="8" slack="0"/>
<pin id="1023" dir="1" index="1" bw="32" slack="2"/>
</pin_list>
<bind>
<opcode="sext(35) " fcode="sext"/>
<opset="sext_ln36_15_cast/1 "/>
</bind>
</comp>

<comp id="1025" class="1004" name="sext_ln36_16_cast_fu_1025">
<pin_list>
<pin id="1026" dir="0" index="0" bw="8" slack="0"/>
<pin id="1027" dir="1" index="1" bw="32" slack="2"/>
</pin_list>
<bind>
<opcode="sext(35) " fcode="sext"/>
<opset="sext_ln36_16_cast/1 "/>
</bind>
</comp>

<comp id="1029" class="1004" name="sext_ln36_17_cast_fu_1029">
<pin_list>
<pin id="1030" dir="0" index="0" bw="8" slack="0"/>
<pin id="1031" dir="1" index="1" bw="32" slack="2"/>
</pin_list>
<bind>
<opcode="sext(35) " fcode="sext"/>
<opset="sext_ln36_17_cast/1 "/>
</bind>
</comp>

<comp id="1033" class="1004" name="sext_ln36_18_cast_fu_1033">
<pin_list>
<pin id="1034" dir="0" index="0" bw="8" slack="0"/>
<pin id="1035" dir="1" index="1" bw="32" slack="2"/>
</pin_list>
<bind>
<opcode="sext(35) " fcode="sext"/>
<opset="sext_ln36_18_cast/1 "/>
</bind>
</comp>

<comp id="1037" class="1004" name="sext_ln36_19_cast_fu_1037">
<pin_list>
<pin id="1038" dir="0" index="0" bw="8" slack="0"/>
<pin id="1039" dir="1" index="1" bw="32" slack="2"/>
</pin_list>
<bind>
<opcode="sext(35) " fcode="sext"/>
<opset="sext_ln36_19_cast/1 "/>
</bind>
</comp>

<comp id="1041" class="1004" name="sext_ln36_20_cast_fu_1041">
<pin_list>
<pin id="1042" dir="0" index="0" bw="8" slack="0"/>
<pin id="1043" dir="1" index="1" bw="32" slack="2"/>
</pin_list>
<bind>
<opcode="sext(35) " fcode="sext"/>
<opset="sext_ln36_20_cast/1 "/>
</bind>
</comp>

<comp id="1045" class="1004" name="sext_ln36_21_cast_fu_1045">
<pin_list>
<pin id="1046" dir="0" index="0" bw="8" slack="0"/>
<pin id="1047" dir="1" index="1" bw="32" slack="2"/>
</pin_list>
<bind>
<opcode="sext(35) " fcode="sext"/>
<opset="sext_ln36_21_cast/1 "/>
</bind>
</comp>

<comp id="1049" class="1004" name="sext_ln36_22_cast_fu_1049">
<pin_list>
<pin id="1050" dir="0" index="0" bw="8" slack="0"/>
<pin id="1051" dir="1" index="1" bw="32" slack="2"/>
</pin_list>
<bind>
<opcode="sext(35) " fcode="sext"/>
<opset="sext_ln36_22_cast/1 "/>
</bind>
</comp>

<comp id="1053" class="1004" name="sext_ln36_23_cast_fu_1053">
<pin_list>
<pin id="1054" dir="0" index="0" bw="8" slack="0"/>
<pin id="1055" dir="1" index="1" bw="32" slack="2"/>
</pin_list>
<bind>
<opcode="sext(35) " fcode="sext"/>
<opset="sext_ln36_23_cast/1 "/>
</bind>
</comp>

<comp id="1057" class="1004" name="sext_ln36_24_cast_fu_1057">
<pin_list>
<pin id="1058" dir="0" index="0" bw="8" slack="0"/>
<pin id="1059" dir="1" index="1" bw="32" slack="2"/>
</pin_list>
<bind>
<opcode="sext(35) " fcode="sext"/>
<opset="sext_ln36_24_cast/1 "/>
</bind>
</comp>

<comp id="1061" class="1004" name="sext_ln36_25_cast_fu_1061">
<pin_list>
<pin id="1062" dir="0" index="0" bw="8" slack="0"/>
<pin id="1063" dir="1" index="1" bw="32" slack="2"/>
</pin_list>
<bind>
<opcode="sext(35) " fcode="sext"/>
<opset="sext_ln36_25_cast/1 "/>
</bind>
</comp>

<comp id="1065" class="1004" name="sext_ln36_26_cast_fu_1065">
<pin_list>
<pin id="1066" dir="0" index="0" bw="8" slack="0"/>
<pin id="1067" dir="1" index="1" bw="32" slack="2"/>
</pin_list>
<bind>
<opcode="sext(35) " fcode="sext"/>
<opset="sext_ln36_26_cast/1 "/>
</bind>
</comp>

<comp id="1069" class="1004" name="sext_ln36_27_cast_fu_1069">
<pin_list>
<pin id="1070" dir="0" index="0" bw="8" slack="0"/>
<pin id="1071" dir="1" index="1" bw="32" slack="2"/>
</pin_list>
<bind>
<opcode="sext(35) " fcode="sext"/>
<opset="sext_ln36_27_cast/1 "/>
</bind>
</comp>

<comp id="1073" class="1004" name="sext_ln36_28_cast_fu_1073">
<pin_list>
<pin id="1074" dir="0" index="0" bw="8" slack="0"/>
<pin id="1075" dir="1" index="1" bw="32" slack="1"/>
</pin_list>
<bind>
<opcode="sext(35) " fcode="sext"/>
<opset="sext_ln36_28_cast/1 "/>
</bind>
</comp>

<comp id="1077" class="1004" name="sext_ln36_29_cast_fu_1077">
<pin_list>
<pin id="1078" dir="0" index="0" bw="8" slack="0"/>
<pin id="1079" dir="1" index="1" bw="32" slack="1"/>
</pin_list>
<bind>
<opcode="sext(35) " fcode="sext"/>
<opset="sext_ln36_29_cast/1 "/>
</bind>
</comp>

<comp id="1081" class="1004" name="sext_ln36_30_cast_fu_1081">
<pin_list>
<pin id="1082" dir="0" index="0" bw="8" slack="0"/>
<pin id="1083" dir="1" index="1" bw="32" slack="1"/>
</pin_list>
<bind>
<opcode="sext(35) " fcode="sext"/>
<opset="sext_ln36_30_cast/1 "/>
</bind>
</comp>

<comp id="1085" class="1004" name="sext_ln36_31_cast_fu_1085">
<pin_list>
<pin id="1086" dir="0" index="0" bw="8" slack="0"/>
<pin id="1087" dir="1" index="1" bw="32" slack="1"/>
</pin_list>
<bind>
<opcode="sext(35) " fcode="sext"/>
<opset="sext_ln36_31_cast/1 "/>
</bind>
</comp>

<comp id="1089" class="1004" name="store_ln30_store_fu_1089">
<pin_list>
<pin id="1090" dir="0" index="0" bw="1" slack="0"/>
<pin id="1091" dir="0" index="1" bw="31" slack="0"/>
<pin id="1092" dir="1" index="2" bw="0" slack="2147483647"/>
</pin_list>
<bind>
<opcode="store(28) " fcode="store"/>
<opset="store_ln30/1 "/>
</bind>
</comp>

<comp id="1094" class="1004" name="i_1_load_fu_1094">
<pin_list>
<pin id="1095" dir="0" index="0" bw="31" slack="0"/>
<pin id="1096" dir="1" index="1" bw="31" slack="0"/>
</pin_list>
<bind>
<opcode="load(27) " fcode="load"/>
<opset="i_1/1 "/>
</bind>
</comp>

<comp id="1097" class="1004" name="zext_ln30_1_fu_1097">
<pin_list>
<pin id="1098" dir="0" index="0" bw="31" slack="0"/>
<pin id="1099" dir="1" index="1" bw="32" slack="0"/>
</pin_list>
<bind>
<opcode="zext(34) " fcode="zext"/>
<opset="zext_ln30_1/1 "/>
</bind>
</comp>

<comp id="1101" class="1004" name="icmp_ln30_fu_1101">
<pin_list>
<pin id="1102" dir="0" index="0" bw="31" slack="0"/>
<pin id="1103" dir="0" index="1" bw="32" slack="0"/>
<pin id="1104" dir="1" index="2" bw="1" slack="5"/>
</pin_list>
<bind>
<opcode="icmp(45) " fcode="icmp"/>
<opset="icmp_ln30/1 "/>
</bind>
</comp>

<comp id="1107" class="1004" name="add_ln30_fu_1107">
<pin_list>
<pin id="1108" dir="0" index="0" bw="31" slack="0"/>
<pin id="1109" dir="0" index="1" bw="1" slack="0"/>
<pin id="1110" dir="1" index="2" bw="31" slack="0"/>
</pin_list>
<bind>
<opcode="add(8) " fcode="add"/>
<opset="add_ln30/1 "/>
</bind>
</comp>

<comp id="1113" class="1004" name="zext_ln30_fu_1113">
<pin_list>
<pin id="1114" dir="0" index="0" bw="31" slack="0"/>
<pin id="1115" dir="1" index="1" bw="64" slack="0"/>
</pin_list>
<bind>
<opcode="zext(34) " fcode="zext"/>
<opset="zext_ln30/1 "/>
</bind>
</comp>

<comp id="1121" class="1004" name="store_ln30_store_fu_1121">
<pin_list>
<pin id="1122" dir="0" index="0" bw="31" slack="0"/>
<pin id="1123" dir="0" index="1" bw="31" slack="0"/>
<pin id="1124" dir="1" index="2" bw="0" slack="2147483647"/>
</pin_list>
<bind>
<opcode="store(28) " fcode="store"/>
<opset="store_ln30/1 "/>
</bind>
</comp>

<comp id="1126" class="1004" name="add_ln36_25_fu_1126">
<pin_list>
<pin id="1127" dir="0" index="0" bw="32" slack="1"/>
<pin id="1128" dir="0" index="1" bw="32" slack="1"/>
<pin id="1129" dir="1" index="2" bw="32" slack="0"/>
</pin_list>
<bind>
<opcode="add(8) " fcode="add"/>
<opset="add_ln36_25/4 "/>
</bind>
</comp>

<comp id="1130" class="1004" name="add_ln36_26_fu_1130">
<pin_list>
<pin id="1131" dir="0" index="0" bw="32" slack="1"/>
<pin id="1132" dir="0" index="1" bw="32" slack="1"/>
<pin id="1133" dir="1" index="2" bw="32" slack="0"/>
</pin_list>
<bind>
<opcode="add(8) " fcode="add"/>
<opset="add_ln36_26/4 "/>
</bind>
</comp>

<comp id="1134" class="1004" name="add_ln36_27_fu_1134">
<pin_list>
<pin id="1135" dir="0" index="0" bw="32" slack="0"/>
<pin id="1136" dir="0" index="1" bw="32" slack="0"/>
<pin id="1137" dir="1" index="2" bw="32" slack="1"/>
</pin_list>
<bind>
<opcode="add(8) " fcode="add"/>
<opset="add_ln36_27/4 "/>
</bind>
</comp>

<comp id="1140" class="1004" name="add_ln36_3_fu_1140">
<pin_list>
<pin id="1141" dir="0" index="0" bw="32" slack="1"/>
<pin id="1142" dir="0" index="1" bw="32" slack="1"/>
<pin id="1143" dir="1" index="2" bw="32" slack="0"/>
</pin_list>
<bind>
<opcode="add(8) " fcode="add"/>
<opset="add_ln36_3/5 "/>
</bind>
</comp>

<comp id="1144" class="1004" name="add_ln36_4_fu_1144">
<pin_list>
<pin id="1145" dir="0" index="0" bw="32" slack="1"/>
<pin id="1146" dir="0" index="1" bw="32" slack="1"/>
<pin id="1147" dir="1" index="2" bw="32" slack="0"/>
</pin_list>
<bind>
<opcode="add(8) " fcode="add"/>
<opset="add_ln36_4/5 "/>
</bind>
</comp>

<comp id="1148" class="1004" name="add_ln36_5_fu_1148">
<pin_list>
<pin id="1149" dir="0" index="0" bw="32" slack="0"/>
<pin id="1150" dir="0" index="1" bw="32" slack="0"/>
<pin id="1151" dir="1" index="2" bw="32" slack="1"/>
</pin_list>
<bind>
<opcode="add(8) " fcode="add"/>
<opset="add_ln36_5/5 "/>
</bind>
</comp>

<comp id="1154" class="1004" name="add_ln36_10_fu_1154">
<pin_list>
<pin id="1155" dir="0" index="0" bw="32" slack="1"/>
<pin id="1156" dir="0" index="1" bw="32" slack="1"/>
<pin id="1157" dir="1" index="2" bw="32" slack="0"/>
</pin_list>
<bind>
<opcode="add(8) " fcode="add"/>
<opset="add_ln36_10/5 "/>
</bind>
</comp>

<comp id="1158" class="1004" name="add_ln36_11_fu_1158">
<pin_list>
<pin id="1159" dir="0" index="0" bw="32" slack="1"/>
<pin id="1160" dir="0" index="1" bw="32" slack="1"/>
<pin id="1161" dir="1" index="2" bw="32" slack="0"/>
</pin_list>
<bind>
<opcode="add(8) " fcode="add"/>
<opset="add_ln36_11/5 "/>
</bind>
</comp>

<comp id="1162" class="1004" name="add_ln36_12_fu_1162">
<pin_list>
<pin id="1163" dir="0" index="0" bw="32" slack="0"/>
<pin id="1164" dir="0" index="1" bw="32" slack="0"/>
<pin id="1165" dir="1" index="2" bw="32" slack="1"/>
</pin_list>
<bind>
<opcode="add(8) " fcode="add"/>
<opset="add_ln36_12/5 "/>
</bind>
</comp>

<comp id="1168" class="1004" name="add_ln36_15_fu_1168">
<pin_list>
<pin id="1169" dir="0" index="0" bw="32" slack="1"/>
<pin id="1170" dir="0" index="1" bw="32" slack="1"/>
<pin id="1171" dir="1" index="2" bw="32" slack="0"/>
</pin_list>
<bind>
<opcode="add(8) " fcode="add"/>
<opset="add_ln36_15/5 "/>
</bind>
</comp>

<comp id="1172" class="1004" name="add_ln36_16_fu_1172">
<pin_list>
<pin id="1173" dir="0" index="0" bw="32" slack="1"/>
<pin id="1174" dir="0" index="1" bw="32" slack="1"/>
<pin id="1175" dir="1" index="2" bw="32" slack="0"/>
</pin_list>
<bind>
<opcode="add(8) " fcode="add"/>
<opset="add_ln36_16/5 "/>
</bind>
</comp>

<comp id="1176" class="1004" name="add_ln36_17_fu_1176">
<pin_list>
<pin id="1177" dir="0" index="0" bw="32" slack="0"/>
<pin id="1178" dir="0" index="1" bw="32" slack="0"/>
<pin id="1179" dir="1" index="2" bw="32" slack="1"/>
</pin_list>
<bind>
<opcode="add(8) " fcode="add"/>
<opset="add_ln36_17/5 "/>
</bind>
</comp>

<comp id="1182" class="1004" name="add_ln36_18_fu_1182">
<pin_list>
<pin id="1183" dir="0" index="0" bw="32" slack="1"/>
<pin id="1184" dir="0" index="1" bw="32" slack="1"/>
<pin id="1185" dir="1" index="2" bw="32" slack="0"/>
</pin_list>
<bind>
<opcode="add(8) " fcode="add"/>
<opset="add_ln36_18/5 "/>
</bind>
</comp>

<comp id="1186" class="1004" name="add_ln36_19_fu_1186">
<pin_list>
<pin id="1187" dir="0" index="0" bw="32" slack="1"/>
<pin id="1188" dir="0" index="1" bw="32" slack="1"/>
<pin id="1189" dir="1" index="2" bw="32" slack="0"/>
</pin_list>
<bind>
<opcode="add(8) " fcode="add"/>
<opset="add_ln36_19/5 "/>
</bind>
</comp>

<comp id="1190" class="1004" name="add_ln36_20_fu_1190">
<pin_list>
<pin id="1191" dir="0" index="0" bw="32" slack="0"/>
<pin id="1192" dir="0" index="1" bw="32" slack="0"/>
<pin id="1193" dir="1" index="2" bw="32" slack="1"/>
</pin_list>
<bind>
<opcode="add(8) " fcode="add"/>
<opset="add_ln36_20/5 "/>
</bind>
</comp>

<comp id="1196" class="1004" name="add_ln36_22_fu_1196">
<pin_list>
<pin id="1197" dir="0" index="0" bw="32" slack="1"/>
<pin id="1198" dir="0" index="1" bw="32" slack="1"/>
<pin id="1199" dir="1" index="2" bw="32" slack="0"/>
</pin_list>
<bind>
<opcode="add(8) " fcode="add"/>
<opset="add_ln36_22/5 "/>
</bind>
</comp>

<comp id="1200" class="1004" name="add_ln36_23_fu_1200">
<pin_list>
<pin id="1201" dir="0" index="0" bw="32" slack="1"/>
<pin id="1202" dir="0" index="1" bw="32" slack="1"/>
<pin id="1203" dir="1" index="2" bw="32" slack="0"/>
</pin_list>
<bind>
<opcode="add(8) " fcode="add"/>
<opset="add_ln36_23/5 "/>
</bind>
</comp>

<comp id="1204" class="1004" name="add_ln36_24_fu_1204">
<pin_list>
<pin id="1205" dir="0" index="0" bw="32" slack="0"/>
<pin id="1206" dir="0" index="1" bw="32" slack="0"/>
<pin id="1207" dir="1" index="2" bw="32" slack="0"/>
</pin_list>
<bind>
<opcode="add(8) " fcode="add"/>
<opset="add_ln36_24/5 "/>
</bind>
</comp>

<comp id="1210" class="1004" name="add_ln36_28_fu_1210">
<pin_list>
<pin id="1211" dir="0" index="0" bw="32" slack="1"/>
<pin id="1212" dir="0" index="1" bw="32" slack="0"/>
<pin id="1213" dir="1" index="2" bw="32" slack="1"/>
</pin_list>
<bind>
<opcode="add(8) " fcode="add"/>
<opset="add_ln36_28/5 "/>
</bind>
</comp>

<comp id="1215" class="1004" name="add_ln36_fu_1215">
<pin_list>
<pin id="1216" dir="0" index="0" bw="32" slack="1"/>
<pin id="1217" dir="0" index="1" bw="32" slack="1"/>
<pin id="1218" dir="1" index="2" bw="32" slack="0"/>
</pin_list>
<bind>
<opcode="add(8) " fcode="add"/>
<opset="add_ln36/6 "/>
</bind>
</comp>

<comp id="1219" class="1004" name="add_ln36_1_fu_1219">
<pin_list>
<pin id="1220" dir="0" index="0" bw="32" slack="1"/>
<pin id="1221" dir="0" index="1" bw="32" slack="1"/>
<pin id="1222" dir="1" index="2" bw="32" slack="0"/>
</pin_list>
<bind>
<opcode="add(8) " fcode="add"/>
<opset="add_ln36_1/6 "/>
</bind>
</comp>

<comp id="1223" class="1004" name="add_ln36_2_fu_1223">
<pin_list>
<pin id="1224" dir="0" index="0" bw="32" slack="0"/>
<pin id="1225" dir="0" index="1" bw="32" slack="0"/>
<pin id="1226" dir="1" index="2" bw="32" slack="0"/>
</pin_list>
<bind>
<opcode="add(8) " fcode="add"/>
<opset="add_ln36_2/6 "/>
</bind>
</comp>

<comp id="1229" class="1004" name="add_ln36_6_fu_1229">
<pin_list>
<pin id="1230" dir="0" index="0" bw="32" slack="1"/>
<pin id="1231" dir="0" index="1" bw="32" slack="0"/>
<pin id="1232" dir="1" index="2" bw="32" slack="1"/>
</pin_list>
<bind>
<opcode="add(8) " fcode="add"/>
<opset="add_ln36_6/6 "/>
</bind>
</comp>

<comp id="1234" class="1004" name="add_ln36_7_fu_1234">
<pin_list>
<pin id="1235" dir="0" index="0" bw="32" slack="1"/>
<pin id="1236" dir="0" index="1" bw="32" slack="1"/>
<pin id="1237" dir="1" index="2" bw="32" slack="0"/>
</pin_list>
<bind>
<opcode="add(8) " fcode="add"/>
<opset="add_ln36_7/6 "/>
</bind>
</comp>

<comp id="1238" class="1004" name="add_ln36_8_fu_1238">
<pin_list>
<pin id="1239" dir="0" index="0" bw="32" slack="1"/>
<pin id="1240" dir="0" index="1" bw="32" slack="1"/>
<pin id="1241" dir="1" index="2" bw="32" slack="0"/>
</pin_list>
<bind>
<opcode="add(8) " fcode="add"/>
<opset="add_ln36_8/6 "/>
</bind>
</comp>

<comp id="1242" class="1004" name="add_ln36_9_fu_1242">
<pin_list>
<pin id="1243" dir="0" index="0" bw="32" slack="0"/>
<pin id="1244" dir="0" index="1" bw="32" slack="0"/>
<pin id="1245" dir="1" index="2" bw="32" slack="0"/>
</pin_list>
<bind>
<opcode="add(8) " fcode="add"/>
<opset="add_ln36_9/6 "/>
</bind>
</comp>

<comp id="1248" class="1004" name="add_ln36_13_fu_1248">
<pin_list>
<pin id="1249" dir="0" index="0" bw="32" slack="1"/>
<pin id="1250" dir="0" index="1" bw="32" slack="0"/>
<pin id="1251" dir="1" index="2" bw="32" slack="1"/>
</pin_list>
<bind>
<opcode="add(8) " fcode="add"/>
<opset="add_ln36_13/6 "/>
</bind>
</comp>

<comp id="1253" class="1004" name="add_ln36_21_fu_1253">
<pin_list>
<pin id="1254" dir="0" index="0" bw="32" slack="1"/>
<pin id="1255" dir="0" index="1" bw="32" slack="1"/>
<pin id="1256" dir="1" index="2" bw="32" slack="0"/>
</pin_list>
<bind>
<opcode="add(8) " fcode="add"/>
<opset="add_ln36_21/6 "/>
</bind>
</comp>

<comp id="1257" class="1004" name="add_ln36_29_fu_1257">
<pin_list>
<pin id="1258" dir="0" index="0" bw="32" slack="1"/>
<pin id="1259" dir="0" index="1" bw="32" slack="0"/>
<pin id="1260" dir="1" index="2" bw="32" slack="1"/>
</pin_list>
<bind>
<opcode="add(8) " fcode="add"/>
<opset="add_ln36_29/6 "/>
</bind>
</comp>

<comp id="1262" class="1004" name="add_ln36_14_fu_1262">
<pin_list>
<pin id="1263" dir="0" index="0" bw="32" slack="1"/>
<pin id="1264" dir="0" index="1" bw="32" slack="1"/>
<pin id="1265" dir="1" index="2" bw="32" slack="0"/>
</pin_list>
<bind>
<opcode="add(8) " fcode="add"/>
<opset="add_ln36_14/7 "/>
</bind>
</comp>

<comp id="1266" class="1004" name="acc_fu_1266">
<pin_list>
<pin id="1267" dir="0" index="0" bw="32" slack="1"/>
<pin id="1268" dir="0" index="1" bw="32" slack="0"/>
<pin id="1269" dir="1" index="2" bw="32" slack="0"/>
</pin_list>
<bind>
<opcode="add(8) " fcode="add"/>
<opset="acc/7 "/>
</bind>
</comp>

<comp id="1272" class="1005" name="i_reg_1272">
<pin_list>
<pin id="1273" dir="0" index="0" bw="31" slack="0"/>
<pin id="1274" dir="1" index="1" bw="31" slack="0"/>
</pin_list>
<bind>
<opset="i "/>
</bind>
</comp>

<comp id="1279" class="1005" name="sext_ln36_1_cast_reg_1279">
<pin_list>
<pin id="1280" dir="0" index="0" bw="32" slack="3"/>
<pin id="1281" dir="1" index="1" bw="32" slack="3"/>
</pin_list>
<bind>
<opset="sext_ln36_1_cast "/>
</bind>
</comp>

<comp id="1284" class="1005" name="sext_ln36_cast_reg_1284">
<pin_list>
<pin id="1285" dir="0" index="0" bw="32" slack="3"/>
<pin id="1286" dir="1" index="1" bw="32" slack="3"/>
</pin_list>
<bind>
<opset="sext_ln36_cast "/>
</bind>
</comp>

<comp id="1289" class="1005" name="sext_ln36_2_cast_reg_1289">
<pin_list>
<pin id="1290" dir="0" index="0" bw="32" slack="3"/>
<pin id="1291" dir="1" index="1" bw="32" slack="3"/>
</pin_list>
<bind>
<opset="sext_ln36_2_cast "/>
</bind>
</comp>

<comp id="1294" class="1005" name="sext_ln36_3_cast_reg_1294">
<pin_list>
<pin id="1295" dir="0" index="0" bw="32" slack="3"/>
<pin id="1296" dir="1" index="1" bw="32" slack="3"/>
</pin_list>
<bind>
<opset="sext_ln36_3_cast "/>
</bind>
</comp>

<comp id="1299" class="1005" name="sext_ln36_4_cast_reg_1299">
<pin_list>
<pin id="1300" dir="0" index="0" bw="32" slack="2"/>
<pin id="1301" dir="1" index="1" bw="32" slack="2"/>
</pin_list>
<bind>
<opset="sext_ln36_4_cast "/>
</bind>
</comp>

<comp id="1304" class="1005" name="sext_ln36_5_cast_reg_1304">
<pin_list>
<pin id="1305" dir="0" index="0" bw="32" slack="2"/>
<pin id="1306" dir="1" index="1" bw="32" slack="2"/>
</pin_list>
<bind>
<opset="sext_ln36_5_cast "/>
</bind>
</comp>

<comp id="1309" class="1005" name="sext_ln36_6_cast_reg_1309">
<pin_list>
<pin id="1310" dir="0" index="0" bw="32" slack="2"/>
<pin id="1311" dir="1" index="1" bw="32" slack="2"/>
</pin_list>
<bind>
<opset="sext_ln36_6_cast "/>
</bind>
</comp>

<comp id="1314" class="1005" name="sext_ln36_7_cast_reg_1314">
<pin_list>
<pin id="1315" dir="0" index="0" bw="32" slack="2"/>
<pin id="1316" dir="1" index="1" bw="32" slack="2"/>
</pin_list>
<bind>
<opset="sext_ln36_7_cast "/>
</bind>
</comp>

<comp id="1319" class="1005" name="sext_ln36_8_cast_reg_1319">
<pin_list>
<pin id="1320" dir="0" index="0" bw="32" slack="3"/>
<pin id="1321" dir="1" index="1" bw="32" slack="3"/>
</pin_list>
<bind>
<opset="sext_ln36_8_cast "/>
</bind>
</comp>

<comp id="1324" class="1005" name="sext_ln36_9_cast_reg_1324">
<pin_list>
<pin id="1325" dir="0" index="0" bw="32" slack="3"/>
<pin id="1326" dir="1" index="1" bw="32" slack="3"/>
</pin_list>
<bind>
<opset="sext_ln36_9_cast "/>
</bind>
</comp>

<comp id="1329" class="1005" name="sext_ln36_10_cast_reg_1329">
<pin_list>
<pin id="1330" dir="0" index="0" bw="32" slack="3"/>
<pin id="1331" dir="1" index="1" bw="32" slack="3"/>
</pin_list>
<bind>
<opset="sext_ln36_10_cast "/>
</bind>
</comp>

<comp id="1334" class="1005" name="sext_ln36_11_cast_reg_1334">
<pin_list>
<pin id="1335" dir="0" index="0" bw="32" slack="3"/>
<pin id="1336" dir="1" index="1" bw="32" slack="3"/>
</pin_list>
<bind>
<opset="sext_ln36_11_cast "/>
</bind>
</comp>

<comp id="1339" class="1005" name="sext_ln36_12_cast_reg_1339">
<pin_list>
<pin id="1340" dir="0" index="0" bw="32" slack="2"/>
<pin id="1341" dir="1" index="1" bw="32" slack="2"/>
</pin_list>
<bind>
<opset="sext_ln36_12_cast "/>
</bind>
</comp>

<comp id="1344" class="1005" name="sext_ln36_13_cast_reg_1344">
<pin_list>
<pin id="1345" dir="0" index="0" bw="32" slack="2"/>
<pin id="1346" dir="1" index="1" bw="32" slack="2"/>
</pin_list>
<bind>
<opset="sext_ln36_13_cast "/>
</bind>
</comp>

<comp id="1349" class="1005" name="sext_ln36_14_cast_reg_1349">
<pin_list>
<pin id="1350" dir="0" index="0" bw="32" slack="2"/>
<pin id="1351" dir="1" index="1" bw="32" slack="2"/>
</pin_list>
<bind>
<opset="sext_ln36_14_cast "/>
</bind>
</comp>

<comp id="1354" class="1005" name="sext_ln36_15_cast_reg_1354">
<pin_list>
<pin id="1355" dir="0" index="0" bw="32" slack="2"/>
<pin id="1356" dir="1" index="1" bw="32" slack="2"/>
</pin_list>
<bind>
<opset="sext_ln36_15_cast "/>
</bind>
</comp>

<comp id="1359" class="1005" name="sext_ln36_16_cast_reg_1359">
<pin_list>
<pin id="1360" dir="0" index="0" bw="32" slack="2"/>
<pin id="1361" dir="1" index="1" bw="32" slack="2"/>
</pin_list>
<bind>
<opset="sext_ln36_16_cast "/>
</bind>
</comp>

<comp id="1364" class="1005" name="sext_ln36_17_cast_reg_1364">
<pin_list>
<pin id="1365" dir="0" index="0" bw="32" slack="2"/>
<pin id="1366" dir="1" index="1" bw="32" slack="2"/>
</pin_list>
<bind>
<opset="sext_ln36_17_cast "/>
</bind>
</comp>

<comp id="1369" class="1005" name="sext_ln36_18_cast_reg_1369">
<pin_list>
<pin id="1370" dir="0" index="0" bw="32" slack="2"/>
<pin id="1371" dir="1" index="1" bw="32" slack="2"/>
</pin_list>
<bind>
<opset="sext_ln36_18_cast "/>
</bind>
</comp>

<comp id="1374" class="1005" name="sext_ln36_19_cast_reg_1374">
<pin_list>
<pin id="1375" dir="0" index="0" bw="32" slack="2"/>
<pin id="1376" dir="1" index="1" bw="32" slack="2"/>
</pin_list>
<bind>
<opset="sext_ln36_19_cast "/>
</bind>
</comp>

<comp id="1379" class="1005" name="sext_ln36_20_cast_reg_1379">
<pin_list>
<pin id="1380" dir="0" index="0" bw="32" slack="2"/>
<pin id="1381" dir="1" index="1" bw="32" slack="2"/>
</pin_list>
<bind>
<opset="sext_ln36_20_cast "/>
</bind>
</comp>

<comp id="1384" class="1005" name="sext_ln36_21_cast_reg_1384">
<pin_list>
<pin id="1385" dir="0" index="0" bw="32" slack="2"/>
<pin id="1386" dir="1" index="1" bw="32" slack="2"/>
</pin_list>
<bind>
<opset="sext_ln36_21_cast "/>
</bind>
</comp>

<comp id="1389" class="1005" name="sext_ln36_22_cast_reg_1389">
<pin_list>
<pin id="1390" dir="0" index="0" bw="32" slack="2"/>
<pin id="1391" dir="1" index="1" bw="32" slack="2"/>
</pin_list>
<bind>
<opset="sext_ln36_22_cast "/>
</bind>
</comp>

<comp id="1394" class="1005" name="sext_ln36_23_cast_reg_1394">
<pin_list>
<pin id="1395" dir="0" index="0" bw="32" slack="2"/>
<pin id="1396" dir="1" index="1" bw="32" slack="2"/>
</pin_list>
<bind>
<opset="sext_ln36_23_cast "/>
</bind>
</comp>

<comp id="1399" class="1005" name="sext_ln36_24_cast_reg_1399">
<pin_list>
<pin id="1400" dir="0" index="0" bw="32" slack="2"/>
<pin id="1401" dir="1" index="1" bw="32" slack="2"/>
</pin_list>
<bind>
<opset="sext_ln36_24_cast "/>
</bind>
</comp>

<comp id="1404" class="1005" name="sext_ln36_25_cast_reg_1404">
<pin_list>
<pin id="1405" dir="0" index="0" bw="32" slack="2"/>
<pin id="1406" dir="1" index="1" bw="32" slack="2"/>
</pin_list>
<bind>
<opset="sext_ln36_25_cast "/>
</bind>
</comp>

<comp id="1409" class="1005" name="sext_ln36_26_cast_reg_1409">
<pin_list>
<pin id="1410" dir="0" index="0" bw="32" slack="2"/>
<pin id="1411" dir="1" index="1" bw="32" slack="2"/>
</pin_list>
<bind>
<opset="sext_ln36_26_cast "/>
</bind>
</comp>

<comp id="1414" class="1005" name="sext_ln36_27_cast_reg_1414">
<pin_list>
<pin id="1415" dir="0" index="0" bw="32" slack="2"/>
<pin id="1416" dir="1" index="1" bw="32" slack="2"/>
</pin_list>
<bind>
<opset="sext_ln36_27_cast "/>
</bind>
</comp>

<comp id="1419" class="1005" name="sext_ln36_28_cast_reg_1419">
<pin_list>
<pin id="1420" dir="0" index="0" bw="32" slack="1"/>
<pin id="1421" dir="1" index="1" bw="32" slack="1"/>
</pin_list>
<bind>
<opset="sext_ln36_28_cast "/>
</bind>
</comp>

<comp id="1424" class="1005" name="sext_ln36_29_cast_reg_1424">
<pin_list>
<pin id="1425" dir="0" index="0" bw="32" slack="1"/>
<pin id="1426" dir="1" index="1" bw="32" slack="1"/>
</pin_list>
<bind>
<opset="sext_ln36_29_cast "/>
</bind>
</comp>

<comp id="1429" class="1005" name="sext_ln36_30_cast_reg_1429">
<pin_list>
<pin id="1430" dir="0" index="0" bw="32" slack="1"/>
<pin id="1431" dir="1" index="1" bw="32" slack="1"/>
</pin_list>
<bind>
<opset="sext_ln36_30_cast "/>
</bind>
</comp>

<comp id="1434" class="1005" name="sext_ln36_31_cast_reg_1434">
<pin_list>
<pin id="1435" dir="0" index="0" bw="32" slack="1"/>
<pin id="1436" dir="1" index="1" bw="32" slack="1"/>
</pin_list>
<bind>
<opset="sext_ln36_31_cast "/>
</bind>
</comp>

<comp id="1439" class="1005" name="icmp_ln30_reg_1439">
<pin_list>
<pin id="1440" dir="0" index="0" bw="1" slack="5"/>
<pin id="1441" dir="1" index="1" bw="1" slack="2147483647"/>
</pin_list>
<bind>
<opset="icmp_ln30 "/>
</bind>
</comp>

<comp id="1443" class="1005" name="zext_ln30_reg_1443">
<pin_list>
<pin id="1444" dir="0" index="0" bw="64" slack="1"/>
<pin id="1445" dir="1" index="1" bw="64" slack="1"/>
</pin_list>
<bind>
<opset="zext_ln30 "/>
</bind>
</comp>

<comp id="1475" class="1005" name="weights_28_addr_reg_1475">
<pin_list>
<pin id="1476" dir="0" index="0" bw="5" slack="1"/>
<pin id="1477" dir="1" index="1" bw="5" slack="1"/>
</pin_list>
<bind>
<opset="weights_28_addr "/>
</bind>
</comp>

<comp id="1480" class="1005" name="weights_29_addr_reg_1480">
<pin_list>
<pin id="1481" dir="0" index="0" bw="5" slack="1"/>
<pin id="1482" dir="1" index="1" bw="5" slack="1"/>
</pin_list>
<bind>
<opset="weights_29_addr "/>
</bind>
</comp>

<comp id="1485" class="1005" name="weights_30_addr_reg_1485">
<pin_list>
<pin id="1486" dir="0" index="0" bw="5" slack="1"/>
<pin id="1487" dir="1" index="1" bw="5" slack="1"/>
</pin_list>
<bind>
<opset="weights_30_addr "/>
</bind>
</comp>

<comp id="1490" class="1005" name="weights_31_addr_reg_1490">
<pin_list>
<pin id="1491" dir="0" index="0" bw="5" slack="1"/>
<pin id="1492" dir="1" index="1" bw="5" slack="1"/>
</pin_list>
<bind>
<opset="weights_31_addr "/>
</bind>
</comp>

<comp id="1495" class="1005" name="weights_4_addr_reg_1495">
<pin_list>
<pin id="1496" dir="0" index="0" bw="5" slack="1"/>
<pin id="1497" dir="1" index="1" bw="5" slack="1"/>
</pin_list>
<bind>
<opset="weights_4_addr "/>
</bind>
</comp>

<comp id="1500" class="1005" name="weights_5_addr_reg_1500">
<pin_list>
<pin id="1501" dir="0" index="0" bw="5" slack="1"/>
<pin id="1502" dir="1" index="1" bw="5" slack="1"/>
</pin_list>
<bind>
<opset="weights_5_addr "/>
</bind>
</comp>

<comp id="1505" class="1005" name="weights_6_addr_reg_1505">
<pin_list>
<pin id="1506" dir="0" index="0" bw="5" slack="1"/>
<pin id="1507" dir="1" index="1" bw="5" slack="1"/>
</pin_list>
<bind>
<opset="weights_6_addr "/>
</bind>
</comp>

<comp id="1510" class="1005" name="weights_7_addr_reg_1510">
<pin_list>
<pin id="1511" dir="0" index="0" bw="5" slack="1"/>
<pin id="1512" dir="1" index="1" bw="5" slack="1"/>
</pin_list>
<bind>
<opset="weights_7_addr "/>
</bind>
</comp>

<comp id="1515" class="1005" name="weights_12_addr_reg_1515">
<pin_list>
<pin id="1516" dir="0" index="0" bw="5" slack="1"/>
<pin id="1517" dir="1" index="1" bw="5" slack="1"/>
</pin_list>
<bind>
<opset="weights_12_addr "/>
</bind>
</comp>

<comp id="1520" class="1005" name="weights_13_addr_reg_1520">
<pin_list>
<pin id="1521" dir="0" index="0" bw="5" slack="1"/>
<pin id="1522" dir="1" index="1" bw="5" slack="1"/>
</pin_list>
<bind>
<opset="weights_13_addr "/>
</bind>
</comp>

<comp id="1525" class="1005" name="weights_14_addr_reg_1525">
<pin_list>
<pin id="1526" dir="0" index="0" bw="5" slack="1"/>
<pin id="1527" dir="1" index="1" bw="5" slack="1"/>
</pin_list>
<bind>
<opset="weights_14_addr "/>
</bind>
</comp>

<comp id="1530" class="1005" name="weights_15_addr_reg_1530">
<pin_list>
<pin id="1531" dir="0" index="0" bw="5" slack="1"/>
<pin id="1532" dir="1" index="1" bw="5" slack="1"/>
</pin_list>
<bind>
<opset="weights_15_addr "/>
</bind>
</comp>

<comp id="1535" class="1005" name="weights_16_addr_reg_1535">
<pin_list>
<pin id="1536" dir="0" index="0" bw="5" slack="1"/>
<pin id="1537" dir="1" index="1" bw="5" slack="1"/>
</pin_list>
<bind>
<opset="weights_16_addr "/>
</bind>
</comp>

<comp id="1540" class="1005" name="weights_17_addr_reg_1540">
<pin_list>
<pin id="1541" dir="0" index="0" bw="5" slack="1"/>
<pin id="1542" dir="1" index="1" bw="5" slack="1"/>
</pin_list>
<bind>
<opset="weights_17_addr "/>
</bind>
</comp>

<comp id="1545" class="1005" name="weights_18_addr_reg_1545">
<pin_list>
<pin id="1546" dir="0" index="0" bw="5" slack="1"/>
<pin id="1547" dir="1" index="1" bw="5" slack="1"/>
</pin_list>
<bind>
<opset="weights_18_addr "/>
</bind>
</comp>

<comp id="1550" class="1005" name="weights_19_addr_reg_1550">
<pin_list>
<pin id="1551" dir="0" index="0" bw="5" slack="1"/>
<pin id="1552" dir="1" index="1" bw="5" slack="1"/>
</pin_list>
<bind>
<opset="weights_19_addr "/>
</bind>
</comp>

<comp id="1555" class="1005" name="weights_20_addr_reg_1555">
<pin_list>
<pin id="1556" dir="0" index="0" bw="5" slack="1"/>
<pin id="1557" dir="1" index="1" bw="5" slack="1"/>
</pin_list>
<bind>
<opset="weights_20_addr "/>
</bind>
</comp>

<comp id="1560" class="1005" name="weights_21_addr_reg_1560">
<pin_list>
<pin id="1561" dir="0" index="0" bw="5" slack="1"/>
<pin id="1562" dir="1" index="1" bw="5" slack="1"/>
</pin_list>
<bind>
<opset="weights_21_addr "/>
</bind>
</comp>

<comp id="1565" class="1005" name="weights_22_addr_reg_1565">
<pin_list>
<pin id="1566" dir="0" index="0" bw="5" slack="1"/>
<pin id="1567" dir="1" index="1" bw="5" slack="1"/>
</pin_list>
<bind>
<opset="weights_22_addr "/>
</bind>
</comp>

<comp id="1570" class="1005" name="weights_23_addr_reg_1570">
<pin_list>
<pin id="1571" dir="0" index="0" bw="5" slack="1"/>
<pin id="1572" dir="1" index="1" bw="5" slack="1"/>
</pin_list>
<bind>
<opset="weights_23_addr "/>
</bind>
</comp>

<comp id="1575" class="1005" name="weights_24_addr_reg_1575">
<pin_list>
<pin id="1576" dir="0" index="0" bw="5" slack="1"/>
<pin id="1577" dir="1" index="1" bw="5" slack="1"/>
</pin_list>
<bind>
<opset="weights_24_addr "/>
</bind>
</comp>

<comp id="1580" class="1005" name="weights_25_addr_reg_1580">
<pin_list>
<pin id="1581" dir="0" index="0" bw="5" slack="1"/>
<pin id="1582" dir="1" index="1" bw="5" slack="1"/>
</pin_list>
<bind>
<opset="weights_25_addr "/>
</bind>
</comp>

<comp id="1585" class="1005" name="weights_26_addr_reg_1585">
<pin_list>
<pin id="1586" dir="0" index="0" bw="5" slack="1"/>
<pin id="1587" dir="1" index="1" bw="5" slack="1"/>
</pin_list>
<bind>
<opset="weights_26_addr "/>
</bind>
</comp>

<comp id="1590" class="1005" name="weights_27_addr_reg_1590">
<pin_list>
<pin id="1591" dir="0" index="0" bw="5" slack="1"/>
<pin id="1592" dir="1" index="1" bw="5" slack="1"/>
</pin_list>
<bind>
<opset="weights_27_addr "/>
</bind>
</comp>

<comp id="1595" class="1005" name="weights_28_load_reg_1595">
<pin_list>
<pin id="1596" dir="0" index="0" bw="32" slack="1"/>
<pin id="1597" dir="1" index="1" bw="32" slack="1"/>
</pin_list>
<bind>
<opset="weights_28_load "/>
</bind>
</comp>

<comp id="1600" class="1005" name="weights_29_load_reg_1600">
<pin_list>
<pin id="1601" dir="0" index="0" bw="32" slack="1"/>
<pin id="1602" dir="1" index="1" bw="32" slack="1"/>
</pin_list>
<bind>
<opset="weights_29_load "/>
</bind>
</comp>

<comp id="1605" class="1005" name="weights_30_load_reg_1605">
<pin_list>
<pin id="1606" dir="0" index="0" bw="32" slack="1"/>
<pin id="1607" dir="1" index="1" bw="32" slack="1"/>
</pin_list>
<bind>
<opset="weights_30_load "/>
</bind>
</comp>

<comp id="1610" class="1005" name="weights_31_load_reg_1610">
<pin_list>
<pin id="1611" dir="0" index="0" bw="32" slack="1"/>
<pin id="1612" dir="1" index="1" bw="32" slack="1"/>
</pin_list>
<bind>
<opset="weights_31_load "/>
</bind>
</comp>

<comp id="1615" class="1005" name="weights_0_addr_reg_1615">
<pin_list>
<pin id="1616" dir="0" index="0" bw="5" slack="1"/>
<pin id="1617" dir="1" index="1" bw="5" slack="1"/>
</pin_list>
<bind>
<opset="weights_0_addr "/>
</bind>
</comp>

<comp id="1620" class="1005" name="weights_1_addr_reg_1620">
<pin_list>
<pin id="1621" dir="0" index="0" bw="5" slack="1"/>
<pin id="1622" dir="1" index="1" bw="5" slack="1"/>
</pin_list>
<bind>
<opset="weights_1_addr "/>
</bind>
</comp>

<comp id="1625" class="1005" name="weights_2_addr_reg_1625">
<pin_list>
<pin id="1626" dir="0" index="0" bw="5" slack="1"/>
<pin id="1627" dir="1" index="1" bw="5" slack="1"/>
</pin_list>
<bind>
<opset="weights_2_addr "/>
</bind>
</comp>

<comp id="1630" class="1005" name="weights_3_addr_reg_1630">
<pin_list>
<pin id="1631" dir="0" index="0" bw="5" slack="1"/>
<pin id="1632" dir="1" index="1" bw="5" slack="1"/>
</pin_list>
<bind>
<opset="weights_3_addr "/>
</bind>
</comp>

<comp id="1635" class="1005" name="weights_4_load_reg_1635">
<pin_list>
<pin id="1636" dir="0" index="0" bw="32" slack="1"/>
<pin id="1637" dir="1" index="1" bw="32" slack="1"/>
</pin_list>
<bind>
<opset="weights_4_load "/>
</bind>
</comp>

<comp id="1640" class="1005" name="weights_5_load_reg_1640">
<pin_list>
<pin id="1641" dir="0" index="0" bw="32" slack="1"/>
<pin id="1642" dir="1" index="1" bw="32" slack="1"/>
</pin_list>
<bind>
<opset="weights_5_load "/>
</bind>
</comp>

<comp id="1645" class="1005" name="weights_6_load_reg_1645">
<pin_list>
<pin id="1646" dir="0" index="0" bw="32" slack="1"/>
<pin id="1647" dir="1" index="1" bw="32" slack="1"/>
</pin_list>
<bind>
<opset="weights_6_load "/>
</bind>
</comp>

<comp id="1650" class="1005" name="weights_7_load_reg_1650">
<pin_list>
<pin id="1651" dir="0" index="0" bw="32" slack="1"/>
<pin id="1652" dir="1" index="1" bw="32" slack="1"/>
</pin_list>
<bind>
<opset="weights_7_load "/>
</bind>
</comp>

<comp id="1655" class="1005" name="weights_8_addr_reg_1655">
<pin_list>
<pin id="1656" dir="0" index="0" bw="5" slack="1"/>
<pin id="1657" dir="1" index="1" bw="5" slack="1"/>
</pin_list>
<bind>
<opset="weights_8_addr "/>
</bind>
</comp>

<comp id="1660" class="1005" name="weights_9_addr_reg_1660">
<pin_list>
<pin id="1661" dir="0" index="0" bw="5" slack="1"/>
<pin id="1662" dir="1" index="1" bw="5" slack="1"/>
</pin_list>
<bind>
<opset="weights_9_addr "/>
</bind>
</comp>

<comp id="1665" class="1005" name="weights_10_addr_reg_1665">
<pin_list>
<pin id="1666" dir="0" index="0" bw="5" slack="1"/>
<pin id="1667" dir="1" index="1" bw="5" slack="1"/>
</pin_list>
<bind>
<opset="weights_10_addr "/>
</bind>
</comp>

<comp id="1670" class="1005" name="weights_11_addr_reg_1670">
<pin_list>
<pin id="1671" dir="0" index="0" bw="5" slack="1"/>
<pin id="1672" dir="1" index="1" bw="5" slack="1"/>
</pin_list>
<bind>
<opset="weights_11_addr "/>
</bind>
</comp>

<comp id="1675" class="1005" name="weights_12_load_reg_1675">
<pin_list>
<pin id="1676" dir="0" index="0" bw="32" slack="1"/>
<pin id="1677" dir="1" index="1" bw="32" slack="1"/>
</pin_list>
<bind>
<opset="weights_12_load "/>
</bind>
</comp>

<comp id="1680" class="1005" name="weights_13_load_reg_1680">
<pin_list>
<pin id="1681" dir="0" index="0" bw="32" slack="1"/>
<pin id="1682" dir="1" index="1" bw="32" slack="1"/>
</pin_list>
<bind>
<opset="weights_13_load "/>
</bind>
</comp>

<comp id="1685" class="1005" name="weights_14_load_reg_1685">
<pin_list>
<pin id="1686" dir="0" index="0" bw="32" slack="1"/>
<pin id="1687" dir="1" index="1" bw="32" slack="1"/>
</pin_list>
<bind>
<opset="weights_14_load "/>
</bind>
</comp>

<comp id="1690" class="1005" name="weights_15_load_reg_1690">
<pin_list>
<pin id="1691" dir="0" index="0" bw="32" slack="1"/>
<pin id="1692" dir="1" index="1" bw="32" slack="1"/>
</pin_list>
<bind>
<opset="weights_15_load "/>
</bind>
</comp>

<comp id="1695" class="1005" name="weights_16_load_reg_1695">
<pin_list>
<pin id="1696" dir="0" index="0" bw="32" slack="1"/>
<pin id="1697" dir="1" index="1" bw="32" slack="1"/>
</pin_list>
<bind>
<opset="weights_16_load "/>
</bind>
</comp>

<comp id="1700" class="1005" name="weights_17_load_reg_1700">
<pin_list>
<pin id="1701" dir="0" index="0" bw="32" slack="1"/>
<pin id="1702" dir="1" index="1" bw="32" slack="1"/>
</pin_list>
<bind>
<opset="weights_17_load "/>
</bind>
</comp>

<comp id="1705" class="1005" name="weights_18_load_reg_1705">
<pin_list>
<pin id="1706" dir="0" index="0" bw="32" slack="1"/>
<pin id="1707" dir="1" index="1" bw="32" slack="1"/>
</pin_list>
<bind>
<opset="weights_18_load "/>
</bind>
</comp>

<comp id="1710" class="1005" name="weights_19_load_reg_1710">
<pin_list>
<pin id="1711" dir="0" index="0" bw="32" slack="1"/>
<pin id="1712" dir="1" index="1" bw="32" slack="1"/>
</pin_list>
<bind>
<opset="weights_19_load "/>
</bind>
</comp>

<comp id="1715" class="1005" name="weights_20_load_reg_1715">
<pin_list>
<pin id="1716" dir="0" index="0" bw="32" slack="1"/>
<pin id="1717" dir="1" index="1" bw="32" slack="1"/>
</pin_list>
<bind>
<opset="weights_20_load "/>
</bind>
</comp>

<comp id="1720" class="1005" name="weights_21_load_reg_1720">
<pin_list>
<pin id="1721" dir="0" index="0" bw="32" slack="1"/>
<pin id="1722" dir="1" index="1" bw="32" slack="1"/>
</pin_list>
<bind>
<opset="weights_21_load "/>
</bind>
</comp>

<comp id="1725" class="1005" name="weights_22_load_reg_1725">
<pin_list>
<pin id="1726" dir="0" index="0" bw="32" slack="1"/>
<pin id="1727" dir="1" index="1" bw="32" slack="1"/>
</pin_list>
<bind>
<opset="weights_22_load "/>
</bind>
</comp>

<comp id="1730" class="1005" name="weights_23_load_reg_1730">
<pin_list>
<pin id="1731" dir="0" index="0" bw="32" slack="1"/>
<pin id="1732" dir="1" index="1" bw="32" slack="1"/>
</pin_list>
<bind>
<opset="weights_23_load "/>
</bind>
</comp>

<comp id="1735" class="1005" name="weights_24_load_reg_1735">
<pin_list>
<pin id="1736" dir="0" index="0" bw="32" slack="1"/>
<pin id="1737" dir="1" index="1" bw="32" slack="1"/>
</pin_list>
<bind>
<opset="weights_24_load "/>
</bind>
</comp>

<comp id="1740" class="1005" name="weights_25_load_reg_1740">
<pin_list>
<pin id="1741" dir="0" index="0" bw="32" slack="1"/>
<pin id="1742" dir="1" index="1" bw="32" slack="1"/>
</pin_list>
<bind>
<opset="weights_25_load "/>
</bind>
</comp>

<comp id="1745" class="1005" name="weights_26_load_reg_1745">
<pin_list>
<pin id="1746" dir="0" index="0" bw="32" slack="1"/>
<pin id="1747" dir="1" index="1" bw="32" slack="1"/>
</pin_list>
<bind>
<opset="weights_26_load "/>
</bind>
</comp>

<comp id="1750" class="1005" name="weights_27_load_reg_1750">
<pin_list>
<pin id="1751" dir="0" index="0" bw="32" slack="1"/>
<pin id="1752" dir="1" index="1" bw="32" slack="1"/>
</pin_list>
<bind>
<opset="weights_27_load "/>
</bind>
</comp>

<comp id="1755" class="1005" name="mul_ln36_reg_1755">
<pin_list>
<pin id="1756" dir="0" index="0" bw="32" slack="1"/>
<pin id="1757" dir="1" index="1" bw="32" slack="1"/>
</pin_list>
<bind>
<opset="mul_ln36 "/>
</bind>
</comp>

<comp id="1760" class="1005" name="mul_ln36_1_reg_1760">
<pin_list>
<pin id="1761" dir="0" index="0" bw="32" slack="1"/>
<pin id="1762" dir="1" index="1" bw="32" slack="1"/>
</pin_list>
<bind>
<opset="mul_ln36_1 "/>
</bind>
</comp>

<comp id="1765" class="1005" name="mul_ln36_2_reg_1765">
<pin_list>
<pin id="1766" dir="0" index="0" bw="32" slack="1"/>
<pin id="1767" dir="1" index="1" bw="32" slack="1"/>
</pin_list>
<bind>
<opset="mul_ln36_2 "/>
</bind>
</comp>

<comp id="1770" class="1005" name="mul_ln36_3_reg_1770">
<pin_list>
<pin id="1771" dir="0" index="0" bw="32" slack="1"/>
<pin id="1772" dir="1" index="1" bw="32" slack="1"/>
</pin_list>
<bind>
<opset="mul_ln36_3 "/>
</bind>
</comp>

<comp id="1775" class="1005" name="weights_0_load_reg_1775">
<pin_list>
<pin id="1776" dir="0" index="0" bw="32" slack="1"/>
<pin id="1777" dir="1" index="1" bw="32" slack="1"/>
</pin_list>
<bind>
<opset="weights_0_load "/>
</bind>
</comp>

<comp id="1780" class="1005" name="weights_1_load_reg_1780">
<pin_list>
<pin id="1781" dir="0" index="0" bw="32" slack="1"/>
<pin id="1782" dir="1" index="1" bw="32" slack="1"/>
</pin_list>
<bind>
<opset="weights_1_load "/>
</bind>
</comp>

<comp id="1785" class="1005" name="weights_2_load_reg_1785">
<pin_list>
<pin id="1786" dir="0" index="0" bw="32" slack="1"/>
<pin id="1787" dir="1" index="1" bw="32" slack="1"/>
</pin_list>
<bind>
<opset="weights_2_load "/>
</bind>
</comp>

<comp id="1790" class="1005" name="weights_3_load_reg_1790">
<pin_list>
<pin id="1791" dir="0" index="0" bw="32" slack="1"/>
<pin id="1792" dir="1" index="1" bw="32" slack="1"/>
</pin_list>
<bind>
<opset="weights_3_load "/>
</bind>
</comp>

<comp id="1795" class="1005" name="weights_8_load_reg_1795">
<pin_list>
<pin id="1796" dir="0" index="0" bw="32" slack="1"/>
<pin id="1797" dir="1" index="1" bw="32" slack="1"/>
</pin_list>
<bind>
<opset="weights_8_load "/>
</bind>
</comp>

<comp id="1800" class="1005" name="weights_9_load_reg_1800">
<pin_list>
<pin id="1801" dir="0" index="0" bw="32" slack="1"/>
<pin id="1802" dir="1" index="1" bw="32" slack="1"/>
</pin_list>
<bind>
<opset="weights_9_load "/>
</bind>
</comp>

<comp id="1805" class="1005" name="weights_10_load_reg_1805">
<pin_list>
<pin id="1806" dir="0" index="0" bw="32" slack="1"/>
<pin id="1807" dir="1" index="1" bw="32" slack="1"/>
</pin_list>
<bind>
<opset="weights_10_load "/>
</bind>
</comp>

<comp id="1810" class="1005" name="weights_11_load_reg_1810">
<pin_list>
<pin id="1811" dir="0" index="0" bw="32" slack="1"/>
<pin id="1812" dir="1" index="1" bw="32" slack="1"/>
</pin_list>
<bind>
<opset="weights_11_load "/>
</bind>
</comp>

<comp id="1815" class="1005" name="mul_ln36_4_reg_1815">
<pin_list>
<pin id="1816" dir="0" index="0" bw="32" slack="1"/>
<pin id="1817" dir="1" index="1" bw="32" slack="1"/>
</pin_list>
<bind>
<opset="mul_ln36_4 "/>
</bind>
</comp>

<comp id="1820" class="1005" name="mul_ln36_5_reg_1820">
<pin_list>
<pin id="1821" dir="0" index="0" bw="32" slack="1"/>
<pin id="1822" dir="1" index="1" bw="32" slack="1"/>
</pin_list>
<bind>
<opset="mul_ln36_5 "/>
</bind>
</comp>

<comp id="1825" class="1005" name="mul_ln36_6_reg_1825">
<pin_list>
<pin id="1826" dir="0" index="0" bw="32" slack="1"/>
<pin id="1827" dir="1" index="1" bw="32" slack="1"/>
</pin_list>
<bind>
<opset="mul_ln36_6 "/>
</bind>
</comp>

<comp id="1830" class="1005" name="mul_ln36_7_reg_1830">
<pin_list>
<pin id="1831" dir="0" index="0" bw="32" slack="1"/>
<pin id="1832" dir="1" index="1" bw="32" slack="1"/>
</pin_list>
<bind>
<opset="mul_ln36_7 "/>
</bind>
</comp>

<comp id="1835" class="1005" name="mul_ln36_8_reg_1835">
<pin_list>
<pin id="1836" dir="0" index="0" bw="32" slack="1"/>
<pin id="1837" dir="1" index="1" bw="32" slack="1"/>
</pin_list>
<bind>
<opset="mul_ln36_8 "/>
</bind>
</comp>

<comp id="1840" class="1005" name="mul_ln36_9_reg_1840">
<pin_list>
<pin id="1841" dir="0" index="0" bw="32" slack="1"/>
<pin id="1842" dir="1" index="1" bw="32" slack="1"/>
</pin_list>
<bind>
<opset="mul_ln36_9 "/>
</bind>
</comp>

<comp id="1845" class="1005" name="mul_ln36_10_reg_1845">
<pin_list>
<pin id="1846" dir="0" index="0" bw="32" slack="1"/>
<pin id="1847" dir="1" index="1" bw="32" slack="1"/>
</pin_list>
<bind>
<opset="mul_ln36_10 "/>
</bind>
</comp>

<comp id="1850" class="1005" name="mul_ln36_11_reg_1850">
<pin_list>
<pin id="1851" dir="0" index="0" bw="32" slack="1"/>
<pin id="1852" dir="1" index="1" bw="32" slack="1"/>
</pin_list>
<bind>
<opset="mul_ln36_11 "/>
</bind>
</comp>

<comp id="1855" class="1005" name="mul_ln36_12_reg_1855">
<pin_list>
<pin id="1856" dir="0" index="0" bw="32" slack="1"/>
<pin id="1857" dir="1" index="1" bw="32" slack="1"/>
</pin_list>
<bind>
<opset="mul_ln36_12 "/>
</bind>
</comp>

<comp id="1860" class="1005" name="mul_ln36_13_reg_1860">
<pin_list>
<pin id="1861" dir="0" index="0" bw="32" slack="1"/>
<pin id="1862" dir="1" index="1" bw="32" slack="1"/>
</pin_list>
<bind>
<opset="mul_ln36_13 "/>
</bind>
</comp>

<comp id="1865" class="1005" name="mul_ln36_14_reg_1865">
<pin_list>
<pin id="1866" dir="0" index="0" bw="32" slack="1"/>
<pin id="1867" dir="1" index="1" bw="32" slack="1"/>
</pin_list>
<bind>
<opset="mul_ln36_14 "/>
</bind>
</comp>

<comp id="1870" class="1005" name="mul_ln36_15_reg_1870">
<pin_list>
<pin id="1871" dir="0" index="0" bw="32" slack="1"/>
<pin id="1872" dir="1" index="1" bw="32" slack="1"/>
</pin_list>
<bind>
<opset="mul_ln36_15 "/>
</bind>
</comp>

<comp id="1875" class="1005" name="mul_ln36_16_reg_1875">
<pin_list>
<pin id="1876" dir="0" index="0" bw="32" slack="1"/>
<pin id="1877" dir="1" index="1" bw="32" slack="1"/>
</pin_list>
<bind>
<opset="mul_ln36_16 "/>
</bind>
</comp>

<comp id="1880" class="1005" name="mul_ln36_17_reg_1880">
<pin_list>
<pin id="1881" dir="0" index="0" bw="32" slack="1"/>
<pin id="1882" dir="1" index="1" bw="32" slack="1"/>
</pin_list>
<bind>
<opset="mul_ln36_17 "/>
</bind>
</comp>

<comp id="1885" class="1005" name="mul_ln36_18_reg_1885">
<pin_list>
<pin id="1886" dir="0" index="0" bw="32" slack="1"/>
<pin id="1887" dir="1" index="1" bw="32" slack="1"/>
</pin_list>
<bind>
<opset="mul_ln36_18 "/>
</bind>
</comp>

<comp id="1890" class="1005" name="mul_ln36_19_reg_1890">
<pin_list>
<pin id="1891" dir="0" index="0" bw="32" slack="1"/>
<pin id="1892" dir="1" index="1" bw="32" slack="1"/>
</pin_list>
<bind>
<opset="mul_ln36_19 "/>
</bind>
</comp>

<comp id="1895" class="1005" name="mul_ln36_24_reg_1895">
<pin_list>
<pin id="1896" dir="0" index="0" bw="32" slack="1"/>
<pin id="1897" dir="1" index="1" bw="32" slack="1"/>
</pin_list>
<bind>
<opset="mul_ln36_24 "/>
</bind>
</comp>

<comp id="1900" class="1005" name="mul_ln36_25_reg_1900">
<pin_list>
<pin id="1901" dir="0" index="0" bw="32" slack="1"/>
<pin id="1902" dir="1" index="1" bw="32" slack="1"/>
</pin_list>
<bind>
<opset="mul_ln36_25 "/>
</bind>
</comp>

<comp id="1905" class="1005" name="mul_ln36_26_reg_1905">
<pin_list>
<pin id="1906" dir="0" index="0" bw="32" slack="1"/>
<pin id="1907" dir="1" index="1" bw="32" slack="1"/>
</pin_list>
<bind>
<opset="mul_ln36_26 "/>
</bind>
</comp>

<comp id="1910" class="1005" name="mul_ln36_27_reg_1910">
<pin_list>
<pin id="1911" dir="0" index="0" bw="32" slack="1"/>
<pin id="1912" dir="1" index="1" bw="32" slack="1"/>
</pin_list>
<bind>
<opset="mul_ln36_27 "/>
</bind>
</comp>

<comp id="1915" class="1005" name="add_ln36_27_reg_1915">
<pin_list>
<pin id="1916" dir="0" index="0" bw="32" slack="1"/>
<pin id="1917" dir="1" index="1" bw="32" slack="1"/>
</pin_list>
<bind>
<opset="add_ln36_27 "/>
</bind>
</comp>

<comp id="1920" class="1005" name="mul_ln36_20_reg_1920">
<pin_list>
<pin id="1921" dir="0" index="0" bw="32" slack="1"/>
<pin id="1922" dir="1" index="1" bw="32" slack="1"/>
</pin_list>
<bind>
<opset="mul_ln36_20 "/>
</bind>
</comp>

<comp id="1925" class="1005" name="mul_ln36_21_reg_1925">
<pin_list>
<pin id="1926" dir="0" index="0" bw="32" slack="1"/>
<pin id="1927" dir="1" index="1" bw="32" slack="1"/>
</pin_list>
<bind>
<opset="mul_ln36_21 "/>
</bind>
</comp>

<comp id="1930" class="1005" name="mul_ln36_22_reg_1930">
<pin_list>
<pin id="1931" dir="0" index="0" bw="32" slack="1"/>
<pin id="1932" dir="1" index="1" bw="32" slack="1"/>
</pin_list>
<bind>
<opset="mul_ln36_22 "/>
</bind>
</comp>

<comp id="1935" class="1005" name="mul_ln36_23_reg_1935">
<pin_list>
<pin id="1936" dir="0" index="0" bw="32" slack="1"/>
<pin id="1937" dir="1" index="1" bw="32" slack="1"/>
</pin_list>
<bind>
<opset="mul_ln36_23 "/>
</bind>
</comp>

<comp id="1940" class="1005" name="mul_ln36_28_reg_1940">
<pin_list>
<pin id="1941" dir="0" index="0" bw="32" slack="1"/>
<pin id="1942" dir="1" index="1" bw="32" slack="1"/>
</pin_list>
<bind>
<opset="mul_ln36_28 "/>
</bind>
</comp>

<comp id="1945" class="1005" name="mul_ln36_29_reg_1945">
<pin_list>
<pin id="1946" dir="0" index="0" bw="32" slack="1"/>
<pin id="1947" dir="1" index="1" bw="32" slack="1"/>
</pin_list>
<bind>
<opset="mul_ln36_29 "/>
</bind>
</comp>

<comp id="1950" class="1005" name="mul_ln36_30_reg_1950">
<pin_list>
<pin id="1951" dir="0" index="0" bw="32" slack="1"/>
<pin id="1952" dir="1" index="1" bw="32" slack="1"/>
</pin_list>
<bind>
<opset="mul_ln36_30 "/>
</bind>
</comp>

<comp id="1955" class="1005" name="mul_ln36_31_reg_1955">
<pin_list>
<pin id="1956" dir="0" index="0" bw="32" slack="1"/>
<pin id="1957" dir="1" index="1" bw="32" slack="1"/>
</pin_list>
<bind>
<opset="mul_ln36_31 "/>
</bind>
</comp>

<comp id="1960" class="1005" name="add_ln36_5_reg_1960">
<pin_list>
<pin id="1961" dir="0" index="0" bw="32" slack="1"/>
<pin id="1962" dir="1" index="1" bw="32" slack="1"/>
</pin_list>
<bind>
<opset="add_ln36_5 "/>
</bind>
</comp>

<comp id="1965" class="1005" name="add_ln36_12_reg_1965">
<pin_list>
<pin id="1966" dir="0" index="0" bw="32" slack="1"/>
<pin id="1967" dir="1" index="1" bw="32" slack="1"/>
</pin_list>
<bind>
<opset="add_ln36_12 "/>
</bind>
</comp>

<comp id="1970" class="1005" name="add_ln36_17_reg_1970">
<pin_list>
<pin id="1971" dir="0" index="0" bw="32" slack="1"/>
<pin id="1972" dir="1" index="1" bw="32" slack="1"/>
</pin_list>
<bind>
<opset="add_ln36_17 "/>
</bind>
</comp>

<comp id="1975" class="1005" name="add_ln36_20_reg_1975">
<pin_list>
<pin id="1976" dir="0" index="0" bw="32" slack="1"/>
<pin id="1977" dir="1" index="1" bw="32" slack="1"/>
</pin_list>
<bind>
<opset="add_ln36_20 "/>
</bind>
</comp>

<comp id="1980" class="1005" name="add_ln36_28_reg_1980">
<pin_list>
<pin id="1981" dir="0" index="0" bw="32" slack="1"/>
<pin id="1982" dir="1" index="1" bw="32" slack="1"/>
</pin_list>
<bind>
<opset="add_ln36_28 "/>
</bind>
</comp>

<comp id="1985" class="1005" name="add_ln36_6_reg_1985">
<pin_list>
<pin id="1986" dir="0" index="0" bw="32" slack="1"/>
<pin id="1987" dir="1" index="1" bw="32" slack="1"/>
</pin_list>
<bind>
<opset="add_ln36_6 "/>
</bind>
</comp>

<comp id="1990" class="1005" name="add_ln36_13_reg_1990">
<pin_list>
<pin id="1991" dir="0" index="0" bw="32" slack="1"/>
<pin id="1992" dir="1" index="1" bw="32" slack="1"/>
</pin_list>
<bind>
<opset="add_ln36_13 "/>
</bind>
</comp>

<comp id="1995" class="1005" name="add_ln36_29_reg_1995">
<pin_list>
<pin id="1996" dir="0" index="0" bw="32" slack="1"/>
<pin id="1997" dir="1" index="1" bw="32" slack="1"/>
</pin_list>
<bind>
<opset="add_ln36_29 "/>
</bind>
</comp>

</comp_list>

<net_list>
<net id="179"><net_src comp="132" pin="0"/><net_sink comp="176" pin=0"/></net>

<net id="184"><net_src comp="134" pin="0"/><net_sink comp="180" pin=0"/></net>

<net id="185"><net_src comp="128" pin="0"/><net_sink comp="180" pin=1"/></net>

<net id="190"><net_src comp="134" pin="0"/><net_sink comp="186" pin=0"/></net>

<net id="191"><net_src comp="126" pin="0"/><net_sink comp="186" pin=1"/></net>

<net id="196"><net_src comp="134" pin="0"/><net_sink comp="192" pin=0"/></net>

<net id="197"><net_src comp="124" pin="0"/><net_sink comp="192" pin=1"/></net>

<net id="202"><net_src comp="134" pin="0"/><net_sink comp="198" pin=0"/></net>

<net id="203"><net_src comp="122" pin="0"/><net_sink comp="198" pin=1"/></net>

<net id="208"><net_src comp="134" pin="0"/><net_sink comp="204" pin=0"/></net>

<net id="209"><net_src comp="120" pin="0"/><net_sink comp="204" pin=1"/></net>

<net id="214"><net_src comp="134" pin="0"/><net_sink comp="210" pin=0"/></net>

<net id="215"><net_src comp="118" pin="0"/><net_sink comp="210" pin=1"/></net>

<net id="220"><net_src comp="134" pin="0"/><net_sink comp="216" pin=0"/></net>

<net id="221"><net_src comp="116" pin="0"/><net_sink comp="216" pin=1"/></net>

<net id="226"><net_src comp="134" pin="0"/><net_sink comp="222" pin=0"/></net>

<net id="227"><net_src comp="114" pin="0"/><net_sink comp="222" pin=1"/></net>

<net id="232"><net_src comp="134" pin="0"/><net_sink comp="228" pin=0"/></net>

<net id="233"><net_src comp="112" pin="0"/><net_sink comp="228" pin=1"/></net>

<net id="238"><net_src comp="134" pin="0"/><net_sink comp="234" pin=0"/></net>

<net id="239"><net_src comp="110" pin="0"/><net_sink comp="234" pin=1"/></net>

<net id="244"><net_src comp="134" pin="0"/><net_sink comp="240" pin=0"/></net>

<net id="245"><net_src comp="108" pin="0"/><net_sink comp="240" pin=1"/></net>

<net id="250"><net_src comp="134" pin="0"/><net_sink comp="246" pin=0"/></net>

<net id="251"><net_src comp="106" pin="0"/><net_sink comp="246" pin=1"/></net>

<net id="256"><net_src comp="134" pin="0"/><net_sink comp="252" pin=0"/></net>

<net id="257"><net_src comp="104" pin="0"/><net_sink comp="252" pin=1"/></net>

<net id="262"><net_src comp="134" pin="0"/><net_sink comp="258" pin=0"/></net>

<net id="263"><net_src comp="102" pin="0"/><net_sink comp="258" pin=1"/></net>

<net id="268"><net_src comp="134" pin="0"/><net_sink comp="264" pin=0"/></net>

<net id="269"><net_src comp="100" pin="0"/><net_sink comp="264" pin=1"/></net>

<net id="274"><net_src comp="134" pin="0"/><net_sink comp="270" pin=0"/></net>

<net id="275"><net_src comp="98" pin="0"/><net_sink comp="270" pin=1"/></net>

<net id="280"><net_src comp="134" pin="0"/><net_sink comp="276" pin=0"/></net>

<net id="281"><net_src comp="96" pin="0"/><net_sink comp="276" pin=1"/></net>

<net id="286"><net_src comp="134" pin="0"/><net_sink comp="282" pin=0"/></net>

<net id="287"><net_src comp="94" pin="0"/><net_sink comp="282" pin=1"/></net>

<net id="292"><net_src comp="134" pin="0"/><net_sink comp="288" pin=0"/></net>

<net id="293"><net_src comp="92" pin="0"/><net_sink comp="288" pin=1"/></net>

<net id="298"><net_src comp="134" pin="0"/><net_sink comp="294" pin=0"/></net>

<net id="299"><net_src comp="90" pin="0"/><net_sink comp="294" pin=1"/></net>

<net id="304"><net_src comp="134" pin="0"/><net_sink comp="300" pin=0"/></net>

<net id="305"><net_src comp="88" pin="0"/><net_sink comp="300" pin=1"/></net>

<net id="310"><net_src comp="134" pin="0"/><net_sink comp="306" pin=0"/></net>

<net id="311"><net_src comp="86" pin="0"/><net_sink comp="306" pin=1"/></net>

<net id="316"><net_src comp="134" pin="0"/><net_sink comp="312" pin=0"/></net>

<net id="317"><net_src comp="84" pin="0"/><net_sink comp="312" pin=1"/></net>

<net id="322"><net_src comp="134" pin="0"/><net_sink comp="318" pin=0"/></net>

<net id="323"><net_src comp="82" pin="0"/><net_sink comp="318" pin=1"/></net>

<net id="328"><net_src comp="134" pin="0"/><net_sink comp="324" pin=0"/></net>

<net id="329"><net_src comp="80" pin="0"/><net_sink comp="324" pin=1"/></net>

<net id="334"><net_src comp="134" pin="0"/><net_sink comp="330" pin=0"/></net>

<net id="335"><net_src comp="78" pin="0"/><net_sink comp="330" pin=1"/></net>

<net id="340"><net_src comp="134" pin="0"/><net_sink comp="336" pin=0"/></net>

<net id="341"><net_src comp="76" pin="0"/><net_sink comp="336" pin=1"/></net>

<net id="346"><net_src comp="134" pin="0"/><net_sink comp="342" pin=0"/></net>

<net id="347"><net_src comp="74" pin="0"/><net_sink comp="342" pin=1"/></net>

<net id="352"><net_src comp="134" pin="0"/><net_sink comp="348" pin=0"/></net>

<net id="353"><net_src comp="72" pin="0"/><net_sink comp="348" pin=1"/></net>

<net id="358"><net_src comp="134" pin="0"/><net_sink comp="354" pin=0"/></net>

<net id="359"><net_src comp="70" pin="0"/><net_sink comp="354" pin=1"/></net>

<net id="364"><net_src comp="134" pin="0"/><net_sink comp="360" pin=0"/></net>

<net id="365"><net_src comp="68" pin="0"/><net_sink comp="360" pin=1"/></net>

<net id="370"><net_src comp="134" pin="0"/><net_sink comp="366" pin=0"/></net>

<net id="371"><net_src comp="66" pin="0"/><net_sink comp="366" pin=1"/></net>

<net id="376"><net_src comp="136" pin="0"/><net_sink comp="372" pin=0"/></net>

<net id="377"><net_src comp="0" pin="0"/><net_sink comp="372" pin=1"/></net>

<net id="383"><net_src comp="174" pin="0"/><net_sink comp="378" pin=0"/></net>

<net id="384"><net_src comp="130" pin="0"/><net_sink comp="378" pin=1"/></net>

<net id="390"><net_src comp="58" pin="0"/><net_sink comp="385" pin=0"/></net>

<net id="391"><net_src comp="166" pin="0"/><net_sink comp="385" pin=1"/></net>

<net id="397"><net_src comp="385" pin="3"/><net_sink comp="392" pin=0"/></net>

<net id="403"><net_src comp="60" pin="0"/><net_sink comp="398" pin=0"/></net>

<net id="404"><net_src comp="166" pin="0"/><net_sink comp="398" pin=1"/></net>

<net id="410"><net_src comp="398" pin="3"/><net_sink comp="405" pin=0"/></net>

<net id="416"><net_src comp="62" pin="0"/><net_sink comp="411" pin=0"/></net>

<net id="417"><net_src comp="166" pin="0"/><net_sink comp="411" pin=1"/></net>

<net id="423"><net_src comp="411" pin="3"/><net_sink comp="418" pin=0"/></net>

<net id="429"><net_src comp="64" pin="0"/><net_sink comp="424" pin=0"/></net>

<net id="430"><net_src comp="166" pin="0"/><net_sink comp="424" pin=1"/></net>

<net id="436"><net_src comp="424" pin="3"/><net_sink comp="431" pin=0"/></net>

<net id="442"><net_src comp="10" pin="0"/><net_sink comp="437" pin=0"/></net>

<net id="443"><net_src comp="166" pin="0"/><net_sink comp="437" pin=1"/></net>

<net id="449"><net_src comp="437" pin="3"/><net_sink comp="444" pin=0"/></net>

<net id="455"><net_src comp="12" pin="0"/><net_sink comp="450" pin=0"/></net>

<net id="456"><net_src comp="166" pin="0"/><net_sink comp="450" pin=1"/></net>

<net id="462"><net_src comp="450" pin="3"/><net_sink comp="457" pin=0"/></net>

<net id="468"><net_src comp="14" pin="0"/><net_sink comp="463" pin=0"/></net>

<net id="469"><net_src comp="166" pin="0"/><net_sink comp="463" pin=1"/></net>

<net id="475"><net_src comp="463" pin="3"/><net_sink comp="470" pin=0"/></net>

<net id="481"><net_src comp="16" pin="0"/><net_sink comp="476" pin=0"/></net>

<net id="482"><net_src comp="166" pin="0"/><net_sink comp="476" pin=1"/></net>

<net id="488"><net_src comp="476" pin="3"/><net_sink comp="483" pin=0"/></net>

<net id="494"><net_src comp="26" pin="0"/><net_sink comp="489" pin=0"/></net>

<net id="495"><net_src comp="166" pin="0"/><net_sink comp="489" pin=1"/></net>

<net id="501"><net_src comp="489" pin="3"/><net_sink comp="496" pin=0"/></net>

<net id="507"><net_src comp="28" pin="0"/><net_sink comp="502" pin=0"/></net>

<net id="508"><net_src comp="166" pin="0"/><net_sink comp="502" pin=1"/></net>

<net id="514"><net_src comp="502" pin="3"/><net_sink comp="509" pin=0"/></net>

<net id="520"><net_src comp="30" pin="0"/><net_sink comp="515" pin=0"/></net>

<net id="521"><net_src comp="166" pin="0"/><net_sink comp="515" pin=1"/></net>

<net id="527"><net_src comp="515" pin="3"/><net_sink comp="522" pin=0"/></net>

<net id="533"><net_src comp="32" pin="0"/><net_sink comp="528" pin=0"/></net>

<net id="534"><net_src comp="166" pin="0"/><net_sink comp="528" pin=1"/></net>

<net id="540"><net_src comp="528" pin="3"/><net_sink comp="535" pin=0"/></net>

<net id="546"><net_src comp="34" pin="0"/><net_sink comp="541" pin=0"/></net>

<net id="547"><net_src comp="166" pin="0"/><net_sink comp="541" pin=1"/></net>

<net id="553"><net_src comp="541" pin="3"/><net_sink comp="548" pin=0"/></net>

<net id="559"><net_src comp="36" pin="0"/><net_sink comp="554" pin=0"/></net>

<net id="560"><net_src comp="166" pin="0"/><net_sink comp="554" pin=1"/></net>

<net id="566"><net_src comp="554" pin="3"/><net_sink comp="561" pin=0"/></net>

<net id="572"><net_src comp="38" pin="0"/><net_sink comp="567" pin=0"/></net>

<net id="573"><net_src comp="166" pin="0"/><net_sink comp="567" pin=1"/></net>

<net id="579"><net_src comp="567" pin="3"/><net_sink comp="574" pin=0"/></net>

<net id="585"><net_src comp="40" pin="0"/><net_sink comp="580" pin=0"/></net>

<net id="586"><net_src comp="166" pin="0"/><net_sink comp="580" pin=1"/></net>

<net id="592"><net_src comp="580" pin="3"/><net_sink comp="587" pin=0"/></net>

<net id="598"><net_src comp="42" pin="0"/><net_sink comp="593" pin=0"/></net>

<net id="599"><net_src comp="166" pin="0"/><net_sink comp="593" pin=1"/></net>

<net id="605"><net_src comp="593" pin="3"/><net_sink comp="600" pin=0"/></net>

<net id="611"><net_src comp="44" pin="0"/><net_sink comp="606" pin=0"/></net>

<net id="612"><net_src comp="166" pin="0"/><net_sink comp="606" pin=1"/></net>

<net id="618"><net_src comp="606" pin="3"/><net_sink comp="613" pin=0"/></net>

<net id="624"><net_src comp="46" pin="0"/><net_sink comp="619" pin=0"/></net>

<net id="625"><net_src comp="166" pin="0"/><net_sink comp="619" pin=1"/></net>

<net id="631"><net_src comp="619" pin="3"/><net_sink comp="626" pin=0"/></net>

<net id="637"><net_src comp="48" pin="0"/><net_sink comp="632" pin=0"/></net>

<net id="638"><net_src comp="166" pin="0"/><net_sink comp="632" pin=1"/></net>

<net id="644"><net_src comp="632" pin="3"/><net_sink comp="639" pin=0"/></net>

<net id="650"><net_src comp="50" pin="0"/><net_sink comp="645" pin=0"/></net>

<net id="651"><net_src comp="166" pin="0"/><net_sink comp="645" pin=1"/></net>

<net id="657"><net_src comp="645" pin="3"/><net_sink comp="652" pin=0"/></net>

<net id="663"><net_src comp="52" pin="0"/><net_sink comp="658" pin=0"/></net>

<net id="664"><net_src comp="166" pin="0"/><net_sink comp="658" pin=1"/></net>

<net id="670"><net_src comp="658" pin="3"/><net_sink comp="665" pin=0"/></net>

<net id="676"><net_src comp="54" pin="0"/><net_sink comp="671" pin=0"/></net>

<net id="677"><net_src comp="166" pin="0"/><net_sink comp="671" pin=1"/></net>

<net id="683"><net_src comp="671" pin="3"/><net_sink comp="678" pin=0"/></net>

<net id="689"><net_src comp="56" pin="0"/><net_sink comp="684" pin=0"/></net>

<net id="690"><net_src comp="166" pin="0"/><net_sink comp="684" pin=1"/></net>

<net id="696"><net_src comp="684" pin="3"/><net_sink comp="691" pin=0"/></net>

<net id="702"><net_src comp="2" pin="0"/><net_sink comp="697" pin=0"/></net>

<net id="703"><net_src comp="166" pin="0"/><net_sink comp="697" pin=1"/></net>

<net id="709"><net_src comp="697" pin="3"/><net_sink comp="704" pin=0"/></net>

<net id="715"><net_src comp="4" pin="0"/><net_sink comp="710" pin=0"/></net>

<net id="716"><net_src comp="166" pin="0"/><net_sink comp="710" pin=1"/></net>

<net id="722"><net_src comp="710" pin="3"/><net_sink comp="717" pin=0"/></net>

<net id="728"><net_src comp="6" pin="0"/><net_sink comp="723" pin=0"/></net>

<net id="729"><net_src comp="166" pin="0"/><net_sink comp="723" pin=1"/></net>

<net id="735"><net_src comp="723" pin="3"/><net_sink comp="730" pin=0"/></net>

<net id="741"><net_src comp="8" pin="0"/><net_sink comp="736" pin=0"/></net>

<net id="742"><net_src comp="166" pin="0"/><net_sink comp="736" pin=1"/></net>

<net id="748"><net_src comp="736" pin="3"/><net_sink comp="743" pin=0"/></net>

<net id="754"><net_src comp="18" pin="0"/><net_sink comp="749" pin=0"/></net>

<net id="755"><net_src comp="166" pin="0"/><net_sink comp="749" pin=1"/></net>

<net id="761"><net_src comp="749" pin="3"/><net_sink comp="756" pin=0"/></net>

<net id="767"><net_src comp="20" pin="0"/><net_sink comp="762" pin=0"/></net>

<net id="768"><net_src comp="166" pin="0"/><net_sink comp="762" pin=1"/></net>

<net id="774"><net_src comp="762" pin="3"/><net_sink comp="769" pin=0"/></net>

<net id="780"><net_src comp="22" pin="0"/><net_sink comp="775" pin=0"/></net>

<net id="781"><net_src comp="166" pin="0"/><net_sink comp="775" pin=1"/></net>

<net id="787"><net_src comp="775" pin="3"/><net_sink comp="782" pin=0"/></net>

<net id="793"><net_src comp="24" pin="0"/><net_sink comp="788" pin=0"/></net>

<net id="794"><net_src comp="166" pin="0"/><net_sink comp="788" pin=1"/></net>

<net id="800"><net_src comp="788" pin="3"/><net_sink comp="795" pin=0"/></net>

<net id="805"><net_src comp="431" pin="3"/><net_sink comp="801" pin=0"/></net>

<net id="810"><net_src comp="418" pin="3"/><net_sink comp="806" pin=0"/></net>

<net id="815"><net_src comp="405" pin="3"/><net_sink comp="811" pin=0"/></net>

<net id="820"><net_src comp="392" pin="3"/><net_sink comp="816" pin=0"/></net>

<net id="825"><net_src comp="691" pin="3"/><net_sink comp="821" pin=0"/></net>

<net id="830"><net_src comp="678" pin="3"/><net_sink comp="826" pin=0"/></net>

<net id="835"><net_src comp="665" pin="3"/><net_sink comp="831" pin=0"/></net>

<net id="840"><net_src comp="652" pin="3"/><net_sink comp="836" pin=0"/></net>

<net id="845"><net_src comp="639" pin="3"/><net_sink comp="841" pin=0"/></net>

<net id="850"><net_src comp="626" pin="3"/><net_sink comp="846" pin=0"/></net>

<net id="855"><net_src comp="613" pin="3"/><net_sink comp="851" pin=0"/></net>

<net id="860"><net_src comp="600" pin="3"/><net_sink comp="856" pin=0"/></net>

<net id="865"><net_src comp="587" pin="3"/><net_sink comp="861" pin=0"/></net>

<net id="870"><net_src comp="574" pin="3"/><net_sink comp="866" pin=0"/></net>

<net id="875"><net_src comp="561" pin="3"/><net_sink comp="871" pin=0"/></net>

<net id="880"><net_src comp="548" pin="3"/><net_sink comp="876" pin=0"/></net>

<net id="885"><net_src comp="535" pin="3"/><net_sink comp="881" pin=0"/></net>

<net id="890"><net_src comp="522" pin="3"/><net_sink comp="886" pin=0"/></net>

<net id="895"><net_src comp="509" pin="3"/><net_sink comp="891" pin=0"/></net>

<net id="900"><net_src comp="496" pin="3"/><net_sink comp="896" pin=0"/></net>

<net id="905"><net_src comp="483" pin="3"/><net_sink comp="901" pin=0"/></net>

<net id="910"><net_src comp="470" pin="3"/><net_sink comp="906" pin=0"/></net>

<net id="915"><net_src comp="457" pin="3"/><net_sink comp="911" pin=0"/></net>

<net id="920"><net_src comp="444" pin="3"/><net_sink comp="916" pin=0"/></net>

<net id="925"><net_src comp="795" pin="3"/><net_sink comp="921" pin=0"/></net>

<net id="930"><net_src comp="782" pin="3"/><net_sink comp="926" pin=0"/></net>

<net id="935"><net_src comp="769" pin="3"/><net_sink comp="931" pin=0"/></net>

<net id="940"><net_src comp="756" pin="3"/><net_sink comp="936" pin=0"/></net>

<net id="945"><net_src comp="743" pin="3"/><net_sink comp="941" pin=0"/></net>

<net id="950"><net_src comp="730" pin="3"/><net_sink comp="946" pin=0"/></net>

<net id="955"><net_src comp="704" pin="3"/><net_sink comp="951" pin=0"/></net>

<net id="960"><net_src comp="717" pin="3"/><net_sink comp="956" pin=0"/></net>

<net id="964"><net_src comp="180" pin="2"/><net_sink comp="961" pin=0"/></net>

<net id="968"><net_src comp="186" pin="2"/><net_sink comp="965" pin=0"/></net>

<net id="972"><net_src comp="192" pin="2"/><net_sink comp="969" pin=0"/></net>

<net id="976"><net_src comp="198" pin="2"/><net_sink comp="973" pin=0"/></net>

<net id="980"><net_src comp="204" pin="2"/><net_sink comp="977" pin=0"/></net>

<net id="984"><net_src comp="210" pin="2"/><net_sink comp="981" pin=0"/></net>

<net id="988"><net_src comp="216" pin="2"/><net_sink comp="985" pin=0"/></net>

<net id="992"><net_src comp="222" pin="2"/><net_sink comp="989" pin=0"/></net>

<net id="996"><net_src comp="228" pin="2"/><net_sink comp="993" pin=0"/></net>

<net id="1000"><net_src comp="234" pin="2"/><net_sink comp="997" pin=0"/></net>

<net id="1004"><net_src comp="240" pin="2"/><net_sink comp="1001" pin=0"/></net>

<net id="1008"><net_src comp="246" pin="2"/><net_sink comp="1005" pin=0"/></net>

<net id="1012"><net_src comp="252" pin="2"/><net_sink comp="1009" pin=0"/></net>

<net id="1016"><net_src comp="258" pin="2"/><net_sink comp="1013" pin=0"/></net>

<net id="1020"><net_src comp="264" pin="2"/><net_sink comp="1017" pin=0"/></net>

<net id="1024"><net_src comp="270" pin="2"/><net_sink comp="1021" pin=0"/></net>

<net id="1028"><net_src comp="276" pin="2"/><net_sink comp="1025" pin=0"/></net>

<net id="1032"><net_src comp="282" pin="2"/><net_sink comp="1029" pin=0"/></net>

<net id="1036"><net_src comp="288" pin="2"/><net_sink comp="1033" pin=0"/></net>

<net id="1040"><net_src comp="294" pin="2"/><net_sink comp="1037" pin=0"/></net>

<net id="1044"><net_src comp="300" pin="2"/><net_sink comp="1041" pin=0"/></net>

<net id="1048"><net_src comp="306" pin="2"/><net_sink comp="1045" pin=0"/></net>

<net id="1052"><net_src comp="312" pin="2"/><net_sink comp="1049" pin=0"/></net>

<net id="1056"><net_src comp="318" pin="2"/><net_sink comp="1053" pin=0"/></net>

<net id="1060"><net_src comp="324" pin="2"/><net_sink comp="1057" pin=0"/></net>

<net id="1064"><net_src comp="330" pin="2"/><net_sink comp="1061" pin=0"/></net>

<net id="1068"><net_src comp="336" pin="2"/><net_sink comp="1065" pin=0"/></net>

<net id="1072"><net_src comp="342" pin="2"/><net_sink comp="1069" pin=0"/></net>

<net id="1076"><net_src comp="348" pin="2"/><net_sink comp="1073" pin=0"/></net>

<net id="1080"><net_src comp="354" pin="2"/><net_sink comp="1077" pin=0"/></net>

<net id="1084"><net_src comp="360" pin="2"/><net_sink comp="1081" pin=0"/></net>

<net id="1088"><net_src comp="366" pin="2"/><net_sink comp="1085" pin=0"/></net>

<net id="1093"><net_src comp="162" pin="0"/><net_sink comp="1089" pin=0"/></net>

<net id="1100"><net_src comp="1094" pin="1"/><net_sink comp="1097" pin=0"/></net>

<net id="1105"><net_src comp="1097" pin="1"/><net_sink comp="1101" pin=0"/></net>

<net id="1106"><net_src comp="372" pin="2"/><net_sink comp="1101" pin=1"/></net>

<net id="1111"><net_src comp="1094" pin="1"/><net_sink comp="1107" pin=0"/></net>

<net id="1112"><net_src comp="164" pin="0"/><net_sink comp="1107" pin=1"/></net>

<net id="1116"><net_src comp="1094" pin="1"/><net_sink comp="1113" pin=0"/></net>

<net id="1117"><net_src comp="1113" pin="1"/><net_sink comp="385" pin=2"/></net>

<net id="1118"><net_src comp="1113" pin="1"/><net_sink comp="398" pin=2"/></net>

<net id="1119"><net_src comp="1113" pin="1"/><net_sink comp="411" pin=2"/></net>

<net id="1120"><net_src comp="1113" pin="1"/><net_sink comp="424" pin=2"/></net>

<net id="1125"><net_src comp="1107" pin="2"/><net_sink comp="1121" pin=0"/></net>

<net id="1138"><net_src comp="1130" pin="2"/><net_sink comp="1134" pin=0"/></net>

<net id="1139"><net_src comp="1126" pin="2"/><net_sink comp="1134" pin=1"/></net>

<net id="1152"><net_src comp="1144" pin="2"/><net_sink comp="1148" pin=0"/></net>

<net id="1153"><net_src comp="1140" pin="2"/><net_sink comp="1148" pin=1"/></net>

<net id="1166"><net_src comp="1158" pin="2"/><net_sink comp="1162" pin=0"/></net>

<net id="1167"><net_src comp="1154" pin="2"/><net_sink comp="1162" pin=1"/></net>

<net id="1180"><net_src comp="1172" pin="2"/><net_sink comp="1176" pin=0"/></net>

<net id="1181"><net_src comp="1168" pin="2"/><net_sink comp="1176" pin=1"/></net>

<net id="1194"><net_src comp="1186" pin="2"/><net_sink comp="1190" pin=0"/></net>

<net id="1195"><net_src comp="1182" pin="2"/><net_sink comp="1190" pin=1"/></net>

<net id="1208"><net_src comp="1200" pin="2"/><net_sink comp="1204" pin=0"/></net>

<net id="1209"><net_src comp="1196" pin="2"/><net_sink comp="1204" pin=1"/></net>

<net id="1214"><net_src comp="1204" pin="2"/><net_sink comp="1210" pin=1"/></net>

<net id="1227"><net_src comp="1219" pin="2"/><net_sink comp="1223" pin=0"/></net>

<net id="1228"><net_src comp="1215" pin="2"/><net_sink comp="1223" pin=1"/></net>

<net id="1233"><net_src comp="1223" pin="2"/><net_sink comp="1229" pin=1"/></net>

<net id="1246"><net_src comp="1238" pin="2"/><net_sink comp="1242" pin=0"/></net>

<net id="1247"><net_src comp="1234" pin="2"/><net_sink comp="1242" pin=1"/></net>

<net id="1252"><net_src comp="1242" pin="2"/><net_sink comp="1248" pin=1"/></net>

<net id="1261"><net_src comp="1253" pin="2"/><net_sink comp="1257" pin=1"/></net>

<net id="1270"><net_src comp="1262" pin="2"/><net_sink comp="1266" pin=1"/></net>

<net id="1271"><net_src comp="1266" pin="2"/><net_sink comp="378" pin=2"/></net>

<net id="1275"><net_src comp="176" pin="1"/><net_sink comp="1272" pin=0"/></net>

<net id="1276"><net_src comp="1272" pin="1"/><net_sink comp="1089" pin=1"/></net>

<net id="1277"><net_src comp="1272" pin="1"/><net_sink comp="1094" pin=0"/></net>

<net id="1278"><net_src comp="1272" pin="1"/><net_sink comp="1121" pin=1"/></net>

<net id="1282"><net_src comp="961" pin="1"/><net_sink comp="1279" pin=0"/></net>

<net id="1283"><net_src comp="1279" pin="1"/><net_sink comp="956" pin=1"/></net>

<net id="1287"><net_src comp="965" pin="1"/><net_sink comp="1284" pin=0"/></net>

<net id="1288"><net_src comp="1284" pin="1"/><net_sink comp="951" pin=1"/></net>

<net id="1292"><net_src comp="969" pin="1"/><net_sink comp="1289" pin=0"/></net>

<net id="1293"><net_src comp="1289" pin="1"/><net_sink comp="946" pin=1"/></net>

<net id="1297"><net_src comp="973" pin="1"/><net_sink comp="1294" pin=0"/></net>

<net id="1298"><net_src comp="1294" pin="1"/><net_sink comp="941" pin=1"/></net>

<net id="1302"><net_src comp="977" pin="1"/><net_sink comp="1299" pin=0"/></net>

<net id="1303"><net_src comp="1299" pin="1"/><net_sink comp="916" pin=1"/></net>

<net id="1307"><net_src comp="981" pin="1"/><net_sink comp="1304" pin=0"/></net>

<net id="1308"><net_src comp="1304" pin="1"/><net_sink comp="911" pin=1"/></net>

<net id="1312"><net_src comp="985" pin="1"/><net_sink comp="1309" pin=0"/></net>

<net id="1313"><net_src comp="1309" pin="1"/><net_sink comp="906" pin=1"/></net>

<net id="1317"><net_src comp="989" pin="1"/><net_sink comp="1314" pin=0"/></net>

<net id="1318"><net_src comp="1314" pin="1"/><net_sink comp="901" pin=1"/></net>

<net id="1322"><net_src comp="993" pin="1"/><net_sink comp="1319" pin=0"/></net>

<net id="1323"><net_src comp="1319" pin="1"/><net_sink comp="936" pin=1"/></net>

<net id="1327"><net_src comp="997" pin="1"/><net_sink comp="1324" pin=0"/></net>

<net id="1328"><net_src comp="1324" pin="1"/><net_sink comp="931" pin=1"/></net>

<net id="1332"><net_src comp="1001" pin="1"/><net_sink comp="1329" pin=0"/></net>

<net id="1333"><net_src comp="1329" pin="1"/><net_sink comp="926" pin=1"/></net>

<net id="1337"><net_src comp="1005" pin="1"/><net_sink comp="1334" pin=0"/></net>

<net id="1338"><net_src comp="1334" pin="1"/><net_sink comp="921" pin=1"/></net>

<net id="1342"><net_src comp="1009" pin="1"/><net_sink comp="1339" pin=0"/></net>

<net id="1343"><net_src comp="1339" pin="1"/><net_sink comp="896" pin=1"/></net>

<net id="1347"><net_src comp="1013" pin="1"/><net_sink comp="1344" pin=0"/></net>

<net id="1348"><net_src comp="1344" pin="1"/><net_sink comp="891" pin=1"/></net>

<net id="1352"><net_src comp="1017" pin="1"/><net_sink comp="1349" pin=0"/></net>

<net id="1353"><net_src comp="1349" pin="1"/><net_sink comp="886" pin=1"/></net>

<net id="1357"><net_src comp="1021" pin="1"/><net_sink comp="1354" pin=0"/></net>

<net id="1358"><net_src comp="1354" pin="1"/><net_sink comp="881" pin=1"/></net>

<net id="1362"><net_src comp="1025" pin="1"/><net_sink comp="1359" pin=0"/></net>

<net id="1363"><net_src comp="1359" pin="1"/><net_sink comp="876" pin=1"/></net>

<net id="1367"><net_src comp="1029" pin="1"/><net_sink comp="1364" pin=0"/></net>

<net id="1368"><net_src comp="1364" pin="1"/><net_sink comp="871" pin=1"/></net>

<net id="1372"><net_src comp="1033" pin="1"/><net_sink comp="1369" pin=0"/></net>

<net id="1373"><net_src comp="1369" pin="1"/><net_sink comp="866" pin=1"/></net>

<net id="1377"><net_src comp="1037" pin="1"/><net_sink comp="1374" pin=0"/></net>

<net id="1378"><net_src comp="1374" pin="1"/><net_sink comp="861" pin=1"/></net>

<net id="1382"><net_src comp="1041" pin="1"/><net_sink comp="1379" pin=0"/></net>

<net id="1383"><net_src comp="1379" pin="1"/><net_sink comp="856" pin=1"/></net>

<net id="1387"><net_src comp="1045" pin="1"/><net_sink comp="1384" pin=0"/></net>

<net id="1388"><net_src comp="1384" pin="1"/><net_sink comp="851" pin=1"/></net>

<net id="1392"><net_src comp="1049" pin="1"/><net_sink comp="1389" pin=0"/></net>

<net id="1393"><net_src comp="1389" pin="1"/><net_sink comp="846" pin=1"/></net>

<net id="1397"><net_src comp="1053" pin="1"/><net_sink comp="1394" pin=0"/></net>

<net id="1398"><net_src comp="1394" pin="1"/><net_sink comp="841" pin=1"/></net>

<net id="1402"><net_src comp="1057" pin="1"/><net_sink comp="1399" pin=0"/></net>

<net id="1403"><net_src comp="1399" pin="1"/><net_sink comp="836" pin=1"/></net>

<net id="1407"><net_src comp="1061" pin="1"/><net_sink comp="1404" pin=0"/></net>

<net id="1408"><net_src comp="1404" pin="1"/><net_sink comp="831" pin=1"/></net>

<net id="1412"><net_src comp="1065" pin="1"/><net_sink comp="1409" pin=0"/></net>

<net id="1413"><net_src comp="1409" pin="1"/><net_sink comp="826" pin=1"/></net>

<net id="1417"><net_src comp="1069" pin="1"/><net_sink comp="1414" pin=0"/></net>

<net id="1418"><net_src comp="1414" pin="1"/><net_sink comp="821" pin=1"/></net>

<net id="1422"><net_src comp="1073" pin="1"/><net_sink comp="1419" pin=0"/></net>

<net id="1423"><net_src comp="1419" pin="1"/><net_sink comp="816" pin=1"/></net>

<net id="1427"><net_src comp="1077" pin="1"/><net_sink comp="1424" pin=0"/></net>

<net id="1428"><net_src comp="1424" pin="1"/><net_sink comp="811" pin=1"/></net>

<net id="1432"><net_src comp="1081" pin="1"/><net_sink comp="1429" pin=0"/></net>

<net id="1433"><net_src comp="1429" pin="1"/><net_sink comp="806" pin=1"/></net>

<net id="1437"><net_src comp="1085" pin="1"/><net_sink comp="1434" pin=0"/></net>

<net id="1438"><net_src comp="1434" pin="1"/><net_sink comp="801" pin=1"/></net>

<net id="1442"><net_src comp="1101" pin="2"/><net_sink comp="1439" pin=0"/></net>

<net id="1446"><net_src comp="1113" pin="1"/><net_sink comp="1443" pin=0"/></net>

<net id="1447"><net_src comp="1443" pin="1"/><net_sink comp="437" pin=2"/></net>

<net id="1448"><net_src comp="1443" pin="1"/><net_sink comp="450" pin=2"/></net>

<net id="1449"><net_src comp="1443" pin="1"/><net_sink comp="463" pin=2"/></net>

<net id="1450"><net_src comp="1443" pin="1"/><net_sink comp="476" pin=2"/></net>

<net id="1451"><net_src comp="1443" pin="1"/><net_sink comp="489" pin=2"/></net>

<net id="1452"><net_src comp="1443" pin="1"/><net_sink comp="502" pin=2"/></net>

<net id="1453"><net_src comp="1443" pin="1"/><net_sink comp="515" pin=2"/></net>

<net id="1454"><net_src comp="1443" pin="1"/><net_sink comp="528" pin=2"/></net>

<net id="1455"><net_src comp="1443" pin="1"/><net_sink comp="541" pin=2"/></net>

<net id="1456"><net_src comp="1443" pin="1"/><net_sink comp="554" pin=2"/></net>

<net id="1457"><net_src comp="1443" pin="1"/><net_sink comp="567" pin=2"/></net>

<net id="1458"><net_src comp="1443" pin="1"/><net_sink comp="580" pin=2"/></net>

<net id="1459"><net_src comp="1443" pin="1"/><net_sink comp="593" pin=2"/></net>

<net id="1460"><net_src comp="1443" pin="1"/><net_sink comp="606" pin=2"/></net>

<net id="1461"><net_src comp="1443" pin="1"/><net_sink comp="619" pin=2"/></net>

<net id="1462"><net_src comp="1443" pin="1"/><net_sink comp="632" pin=2"/></net>

<net id="1463"><net_src comp="1443" pin="1"/><net_sink comp="645" pin=2"/></net>

<net id="1464"><net_src comp="1443" pin="1"/><net_sink comp="658" pin=2"/></net>

<net id="1465"><net_src comp="1443" pin="1"/><net_sink comp="671" pin=2"/></net>

<net id="1466"><net_src comp="1443" pin="1"/><net_sink comp="684" pin=2"/></net>

<net id="1467"><net_src comp="1443" pin="1"/><net_sink comp="697" pin=2"/></net>

<net id="1468"><net_src comp="1443" pin="1"/><net_sink comp="710" pin=2"/></net>

<net id="1469"><net_src comp="1443" pin="1"/><net_sink comp="723" pin=2"/></net>

<net id="1470"><net_src comp="1443" pin="1"/><net_sink comp="736" pin=2"/></net>

<net id="1471"><net_src comp="1443" pin="1"/><net_sink comp="749" pin=2"/></net>

<net id="1472"><net_src comp="1443" pin="1"/><net_sink comp="762" pin=2"/></net>

<net id="1473"><net_src comp="1443" pin="1"/><net_sink comp="775" pin=2"/></net>

<net id="1474"><net_src comp="1443" pin="1"/><net_sink comp="788" pin=2"/></net>

<net id="1478"><net_src comp="385" pin="3"/><net_sink comp="1475" pin=0"/></net>

<net id="1479"><net_src comp="1475" pin="1"/><net_sink comp="392" pin=0"/></net>

<net id="1483"><net_src comp="398" pin="3"/><net_sink comp="1480" pin=0"/></net>

<net id="1484"><net_src comp="1480" pin="1"/><net_sink comp="405" pin=0"/></net>

<net id="1488"><net_src comp="411" pin="3"/><net_sink comp="1485" pin=0"/></net>

<net id="1489"><net_src comp="1485" pin="1"/><net_sink comp="418" pin=0"/></net>

<net id="1493"><net_src comp="424" pin="3"/><net_sink comp="1490" pin=0"/></net>

<net id="1494"><net_src comp="1490" pin="1"/><net_sink comp="431" pin=0"/></net>

<net id="1498"><net_src comp="437" pin="3"/><net_sink comp="1495" pin=0"/></net>

<net id="1499"><net_src comp="1495" pin="1"/><net_sink comp="444" pin=0"/></net>

<net id="1503"><net_src comp="450" pin="3"/><net_sink comp="1500" pin=0"/></net>

<net id="1504"><net_src comp="1500" pin="1"/><net_sink comp="457" pin=0"/></net>

<net id="1508"><net_src comp="463" pin="3"/><net_sink comp="1505" pin=0"/></net>

<net id="1509"><net_src comp="1505" pin="1"/><net_sink comp="470" pin=0"/></net>

<net id="1513"><net_src comp="476" pin="3"/><net_sink comp="1510" pin=0"/></net>

<net id="1514"><net_src comp="1510" pin="1"/><net_sink comp="483" pin=0"/></net>

<net id="1518"><net_src comp="489" pin="3"/><net_sink comp="1515" pin=0"/></net>

<net id="1519"><net_src comp="1515" pin="1"/><net_sink comp="496" pin=0"/></net>

<net id="1523"><net_src comp="502" pin="3"/><net_sink comp="1520" pin=0"/></net>

<net id="1524"><net_src comp="1520" pin="1"/><net_sink comp="509" pin=0"/></net>

<net id="1528"><net_src comp="515" pin="3"/><net_sink comp="1525" pin=0"/></net>

<net id="1529"><net_src comp="1525" pin="1"/><net_sink comp="522" pin=0"/></net>

<net id="1533"><net_src comp="528" pin="3"/><net_sink comp="1530" pin=0"/></net>

<net id="1534"><net_src comp="1530" pin="1"/><net_sink comp="535" pin=0"/></net>

<net id="1538"><net_src comp="541" pin="3"/><net_sink comp="1535" pin=0"/></net>

<net id="1539"><net_src comp="1535" pin="1"/><net_sink comp="548" pin=0"/></net>

<net id="1543"><net_src comp="554" pin="3"/><net_sink comp="1540" pin=0"/></net>

<net id="1544"><net_src comp="1540" pin="1"/><net_sink comp="561" pin=0"/></net>

<net id="1548"><net_src comp="567" pin="3"/><net_sink comp="1545" pin=0"/></net>

<net id="1549"><net_src comp="1545" pin="1"/><net_sink comp="574" pin=0"/></net>

<net id="1553"><net_src comp="580" pin="3"/><net_sink comp="1550" pin=0"/></net>

<net id="1554"><net_src comp="1550" pin="1"/><net_sink comp="587" pin=0"/></net>

<net id="1558"><net_src comp="593" pin="3"/><net_sink comp="1555" pin=0"/></net>

<net id="1559"><net_src comp="1555" pin="1"/><net_sink comp="600" pin=0"/></net>

<net id="1563"><net_src comp="606" pin="3"/><net_sink comp="1560" pin=0"/></net>

<net id="1564"><net_src comp="1560" pin="1"/><net_sink comp="613" pin=0"/></net>

<net id="1568"><net_src comp="619" pin="3"/><net_sink comp="1565" pin=0"/></net>

<net id="1569"><net_src comp="1565" pin="1"/><net_sink comp="626" pin=0"/></net>

<net id="1573"><net_src comp="632" pin="3"/><net_sink comp="1570" pin=0"/></net>

<net id="1574"><net_src comp="1570" pin="1"/><net_sink comp="639" pin=0"/></net>

<net id="1578"><net_src comp="645" pin="3"/><net_sink comp="1575" pin=0"/></net>

<net id="1579"><net_src comp="1575" pin="1"/><net_sink comp="652" pin=0"/></net>

<net id="1583"><net_src comp="658" pin="3"/><net_sink comp="1580" pin=0"/></net>

<net id="1584"><net_src comp="1580" pin="1"/><net_sink comp="665" pin=0"/></net>

<net id="1588"><net_src comp="671" pin="3"/><net_sink comp="1585" pin=0"/></net>

<net id="1589"><net_src comp="1585" pin="1"/><net_sink comp="678" pin=0"/></net>

<net id="1593"><net_src comp="684" pin="3"/><net_sink comp="1590" pin=0"/></net>

<net id="1594"><net_src comp="1590" pin="1"/><net_sink comp="691" pin=0"/></net>

<net id="1598"><net_src comp="392" pin="3"/><net_sink comp="1595" pin=0"/></net>

<net id="1599"><net_src comp="1595" pin="1"/><net_sink comp="816" pin=0"/></net>

<net id="1603"><net_src comp="405" pin="3"/><net_sink comp="1600" pin=0"/></net>

<net id="1604"><net_src comp="1600" pin="1"/><net_sink comp="811" pin=0"/></net>

<net id="1608"><net_src comp="418" pin="3"/><net_sink comp="1605" pin=0"/></net>

<net id="1609"><net_src comp="1605" pin="1"/><net_sink comp="806" pin=0"/></net>

<net id="1613"><net_src comp="431" pin="3"/><net_sink comp="1610" pin=0"/></net>

<net id="1614"><net_src comp="1610" pin="1"/><net_sink comp="801" pin=0"/></net>

<net id="1618"><net_src comp="697" pin="3"/><net_sink comp="1615" pin=0"/></net>

<net id="1619"><net_src comp="1615" pin="1"/><net_sink comp="704" pin=0"/></net>

<net id="1623"><net_src comp="710" pin="3"/><net_sink comp="1620" pin=0"/></net>

<net id="1624"><net_src comp="1620" pin="1"/><net_sink comp="717" pin=0"/></net>

<net id="1628"><net_src comp="723" pin="3"/><net_sink comp="1625" pin=0"/></net>

<net id="1629"><net_src comp="1625" pin="1"/><net_sink comp="730" pin=0"/></net>

<net id="1633"><net_src comp="736" pin="3"/><net_sink comp="1630" pin=0"/></net>

<net id="1634"><net_src comp="1630" pin="1"/><net_sink comp="743" pin=0"/></net>

<net id="1638"><net_src comp="444" pin="3"/><net_sink comp="1635" pin=0"/></net>

<net id="1639"><net_src comp="1635" pin="1"/><net_sink comp="916" pin=0"/></net>

<net id="1643"><net_src comp="457" pin="3"/><net_sink comp="1640" pin=0"/></net>

<net id="1644"><net_src comp="1640" pin="1"/><net_sink comp="911" pin=0"/></net>

<net id="1648"><net_src comp="470" pin="3"/><net_sink comp="1645" pin=0"/></net>

<net id="1649"><net_src comp="1645" pin="1"/><net_sink comp="906" pin=0"/></net>

<net id="1653"><net_src comp="483" pin="3"/><net_sink comp="1650" pin=0"/></net>

<net id="1654"><net_src comp="1650" pin="1"/><net_sink comp="901" pin=0"/></net>

<net id="1658"><net_src comp="749" pin="3"/><net_sink comp="1655" pin=0"/></net>

<net id="1659"><net_src comp="1655" pin="1"/><net_sink comp="756" pin=0"/></net>

<net id="1663"><net_src comp="762" pin="3"/><net_sink comp="1660" pin=0"/></net>

<net id="1664"><net_src comp="1660" pin="1"/><net_sink comp="769" pin=0"/></net>

<net id="1668"><net_src comp="775" pin="3"/><net_sink comp="1665" pin=0"/></net>

<net id="1669"><net_src comp="1665" pin="1"/><net_sink comp="782" pin=0"/></net>

<net id="1673"><net_src comp="788" pin="3"/><net_sink comp="1670" pin=0"/></net>

<net id="1674"><net_src comp="1670" pin="1"/><net_sink comp="795" pin=0"/></net>

<net id="1678"><net_src comp="496" pin="3"/><net_sink comp="1675" pin=0"/></net>

<net id="1679"><net_src comp="1675" pin="1"/><net_sink comp="896" pin=0"/></net>

<net id="1683"><net_src comp="509" pin="3"/><net_sink comp="1680" pin=0"/></net>

<net id="1684"><net_src comp="1680" pin="1"/><net_sink comp="891" pin=0"/></net>

<net id="1688"><net_src comp="522" pin="3"/><net_sink comp="1685" pin=0"/></net>

<net id="1689"><net_src comp="1685" pin="1"/><net_sink comp="886" pin=0"/></net>

<net id="1693"><net_src comp="535" pin="3"/><net_sink comp="1690" pin=0"/></net>

<net id="1694"><net_src comp="1690" pin="1"/><net_sink comp="881" pin=0"/></net>

<net id="1698"><net_src comp="548" pin="3"/><net_sink comp="1695" pin=0"/></net>

<net id="1699"><net_src comp="1695" pin="1"/><net_sink comp="876" pin=0"/></net>

<net id="1703"><net_src comp="561" pin="3"/><net_sink comp="1700" pin=0"/></net>

<net id="1704"><net_src comp="1700" pin="1"/><net_sink comp="871" pin=0"/></net>

<net id="1708"><net_src comp="574" pin="3"/><net_sink comp="1705" pin=0"/></net>

<net id="1709"><net_src comp="1705" pin="1"/><net_sink comp="866" pin=0"/></net>

<net id="1713"><net_src comp="587" pin="3"/><net_sink comp="1710" pin=0"/></net>

<net id="1714"><net_src comp="1710" pin="1"/><net_sink comp="861" pin=0"/></net>

<net id="1718"><net_src comp="600" pin="3"/><net_sink comp="1715" pin=0"/></net>

<net id="1719"><net_src comp="1715" pin="1"/><net_sink comp="856" pin=0"/></net>

<net id="1723"><net_src comp="613" pin="3"/><net_sink comp="1720" pin=0"/></net>

<net id="1724"><net_src comp="1720" pin="1"/><net_sink comp="851" pin=0"/></net>

<net id="1728"><net_src comp="626" pin="3"/><net_sink comp="1725" pin=0"/></net>

<net id="1729"><net_src comp="1725" pin="1"/><net_sink comp="846" pin=0"/></net>

<net id="1733"><net_src comp="639" pin="3"/><net_sink comp="1730" pin=0"/></net>

<net id="1734"><net_src comp="1730" pin="1"/><net_sink comp="841" pin=0"/></net>

<net id="1738"><net_src comp="652" pin="3"/><net_sink comp="1735" pin=0"/></net>

<net id="1739"><net_src comp="1735" pin="1"/><net_sink comp="836" pin=0"/></net>

<net id="1743"><net_src comp="665" pin="3"/><net_sink comp="1740" pin=0"/></net>

<net id="1744"><net_src comp="1740" pin="1"/><net_sink comp="831" pin=0"/></net>

<net id="1748"><net_src comp="678" pin="3"/><net_sink comp="1745" pin=0"/></net>

<net id="1749"><net_src comp="1745" pin="1"/><net_sink comp="826" pin=0"/></net>

<net id="1753"><net_src comp="691" pin="3"/><net_sink comp="1750" pin=0"/></net>

<net id="1754"><net_src comp="1750" pin="1"/><net_sink comp="821" pin=0"/></net>

<net id="1758"><net_src comp="801" pin="2"/><net_sink comp="1755" pin=0"/></net>

<net id="1759"><net_src comp="1755" pin="1"/><net_sink comp="1130" pin=1"/></net>

<net id="1763"><net_src comp="806" pin="2"/><net_sink comp="1760" pin=0"/></net>

<net id="1764"><net_src comp="1760" pin="1"/><net_sink comp="1130" pin=0"/></net>

<net id="1768"><net_src comp="811" pin="2"/><net_sink comp="1765" pin=0"/></net>

<net id="1769"><net_src comp="1765" pin="1"/><net_sink comp="1126" pin=1"/></net>

<net id="1773"><net_src comp="816" pin="2"/><net_sink comp="1770" pin=0"/></net>

<net id="1774"><net_src comp="1770" pin="1"/><net_sink comp="1126" pin=0"/></net>

<net id="1778"><net_src comp="704" pin="3"/><net_sink comp="1775" pin=0"/></net>

<net id="1779"><net_src comp="1775" pin="1"/><net_sink comp="951" pin=0"/></net>

<net id="1783"><net_src comp="717" pin="3"/><net_sink comp="1780" pin=0"/></net>

<net id="1784"><net_src comp="1780" pin="1"/><net_sink comp="956" pin=0"/></net>

<net id="1788"><net_src comp="730" pin="3"/><net_sink comp="1785" pin=0"/></net>

<net id="1789"><net_src comp="1785" pin="1"/><net_sink comp="946" pin=0"/></net>

<net id="1793"><net_src comp="743" pin="3"/><net_sink comp="1790" pin=0"/></net>

<net id="1794"><net_src comp="1790" pin="1"/><net_sink comp="941" pin=0"/></net>

<net id="1798"><net_src comp="756" pin="3"/><net_sink comp="1795" pin=0"/></net>

<net id="1799"><net_src comp="1795" pin="1"/><net_sink comp="936" pin=0"/></net>

<net id="1803"><net_src comp="769" pin="3"/><net_sink comp="1800" pin=0"/></net>

<net id="1804"><net_src comp="1800" pin="1"/><net_sink comp="931" pin=0"/></net>

<net id="1808"><net_src comp="782" pin="3"/><net_sink comp="1805" pin=0"/></net>

<net id="1809"><net_src comp="1805" pin="1"/><net_sink comp="926" pin=0"/></net>

<net id="1813"><net_src comp="795" pin="3"/><net_sink comp="1810" pin=0"/></net>

<net id="1814"><net_src comp="1810" pin="1"/><net_sink comp="921" pin=0"/></net>

<net id="1818"><net_src comp="821" pin="2"/><net_sink comp="1815" pin=0"/></net>

<net id="1819"><net_src comp="1815" pin="1"/><net_sink comp="1200" pin=1"/></net>

<net id="1823"><net_src comp="826" pin="2"/><net_sink comp="1820" pin=0"/></net>

<net id="1824"><net_src comp="1820" pin="1"/><net_sink comp="1200" pin=0"/></net>

<net id="1828"><net_src comp="831" pin="2"/><net_sink comp="1825" pin=0"/></net>

<net id="1829"><net_src comp="1825" pin="1"/><net_sink comp="1196" pin=1"/></net>

<net id="1833"><net_src comp="836" pin="2"/><net_sink comp="1830" pin=0"/></net>

<net id="1834"><net_src comp="1830" pin="1"/><net_sink comp="1196" pin=0"/></net>

<net id="1838"><net_src comp="841" pin="2"/><net_sink comp="1835" pin=0"/></net>

<net id="1839"><net_src comp="1835" pin="1"/><net_sink comp="1186" pin=1"/></net>

<net id="1843"><net_src comp="846" pin="2"/><net_sink comp="1840" pin=0"/></net>

<net id="1844"><net_src comp="1840" pin="1"/><net_sink comp="1186" pin=0"/></net>

<net id="1848"><net_src comp="851" pin="2"/><net_sink comp="1845" pin=0"/></net>

<net id="1849"><net_src comp="1845" pin="1"/><net_sink comp="1182" pin=1"/></net>

<net id="1853"><net_src comp="856" pin="2"/><net_sink comp="1850" pin=0"/></net>

<net id="1854"><net_src comp="1850" pin="1"/><net_sink comp="1182" pin=0"/></net>

<net id="1858"><net_src comp="861" pin="2"/><net_sink comp="1855" pin=0"/></net>

<net id="1859"><net_src comp="1855" pin="1"/><net_sink comp="1172" pin=1"/></net>

<net id="1863"><net_src comp="866" pin="2"/><net_sink comp="1860" pin=0"/></net>

<net id="1864"><net_src comp="1860" pin="1"/><net_sink comp="1172" pin=0"/></net>

<net id="1868"><net_src comp="871" pin="2"/><net_sink comp="1865" pin=0"/></net>

<net id="1869"><net_src comp="1865" pin="1"/><net_sink comp="1168" pin=1"/></net>

<net id="1873"><net_src comp="876" pin="2"/><net_sink comp="1870" pin=0"/></net>

<net id="1874"><net_src comp="1870" pin="1"/><net_sink comp="1168" pin=0"/></net>

<net id="1878"><net_src comp="881" pin="2"/><net_sink comp="1875" pin=0"/></net>

<net id="1879"><net_src comp="1875" pin="1"/><net_sink comp="1158" pin=1"/></net>

<net id="1883"><net_src comp="886" pin="2"/><net_sink comp="1880" pin=0"/></net>

<net id="1884"><net_src comp="1880" pin="1"/><net_sink comp="1158" pin=0"/></net>

<net id="1888"><net_src comp="891" pin="2"/><net_sink comp="1885" pin=0"/></net>

<net id="1889"><net_src comp="1885" pin="1"/><net_sink comp="1154" pin=1"/></net>

<net id="1893"><net_src comp="896" pin="2"/><net_sink comp="1890" pin=0"/></net>

<net id="1894"><net_src comp="1890" pin="1"/><net_sink comp="1154" pin=0"/></net>

<net id="1898"><net_src comp="901" pin="2"/><net_sink comp="1895" pin=0"/></net>

<net id="1899"><net_src comp="1895" pin="1"/><net_sink comp="1144" pin=1"/></net>

<net id="1903"><net_src comp="906" pin="2"/><net_sink comp="1900" pin=0"/></net>

<net id="1904"><net_src comp="1900" pin="1"/><net_sink comp="1144" pin=0"/></net>

<net id="1908"><net_src comp="911" pin="2"/><net_sink comp="1905" pin=0"/></net>

<net id="1909"><net_src comp="1905" pin="1"/><net_sink comp="1140" pin=1"/></net>

<net id="1913"><net_src comp="916" pin="2"/><net_sink comp="1910" pin=0"/></net>

<net id="1914"><net_src comp="1910" pin="1"/><net_sink comp="1140" pin=0"/></net>

<net id="1918"><net_src comp="1134" pin="2"/><net_sink comp="1915" pin=0"/></net>

<net id="1919"><net_src comp="1915" pin="1"/><net_sink comp="1210" pin=0"/></net>

<net id="1923"><net_src comp="921" pin="2"/><net_sink comp="1920" pin=0"/></net>

<net id="1924"><net_src comp="1920" pin="1"/><net_sink comp="1238" pin=1"/></net>

<net id="1928"><net_src comp="926" pin="2"/><net_sink comp="1925" pin=0"/></net>

<net id="1929"><net_src comp="1925" pin="1"/><net_sink comp="1238" pin=0"/></net>

<net id="1933"><net_src comp="931" pin="2"/><net_sink comp="1930" pin=0"/></net>

<net id="1934"><net_src comp="1930" pin="1"/><net_sink comp="1234" pin=1"/></net>

<net id="1938"><net_src comp="936" pin="2"/><net_sink comp="1935" pin=0"/></net>

<net id="1939"><net_src comp="1935" pin="1"/><net_sink comp="1234" pin=0"/></net>

<net id="1943"><net_src comp="941" pin="2"/><net_sink comp="1940" pin=0"/></net>

<net id="1944"><net_src comp="1940" pin="1"/><net_sink comp="1219" pin=1"/></net>

<net id="1948"><net_src comp="946" pin="2"/><net_sink comp="1945" pin=0"/></net>

<net id="1949"><net_src comp="1945" pin="1"/><net_sink comp="1219" pin=0"/></net>

<net id="1953"><net_src comp="951" pin="2"/><net_sink comp="1950" pin=0"/></net>

<net id="1954"><net_src comp="1950" pin="1"/><net_sink comp="1215" pin=1"/></net>

<net id="1958"><net_src comp="956" pin="2"/><net_sink comp="1955" pin=0"/></net>

<net id="1959"><net_src comp="1955" pin="1"/><net_sink comp="1215" pin=0"/></net>

<net id="1963"><net_src comp="1148" pin="2"/><net_sink comp="1960" pin=0"/></net>

<net id="1964"><net_src comp="1960" pin="1"/><net_sink comp="1229" pin=0"/></net>

<net id="1968"><net_src comp="1162" pin="2"/><net_sink comp="1965" pin=0"/></net>

<net id="1969"><net_src comp="1965" pin="1"/><net_sink comp="1248" pin=0"/></net>

<net id="1973"><net_src comp="1176" pin="2"/><net_sink comp="1970" pin=0"/></net>

<net id="1974"><net_src comp="1970" pin="1"/><net_sink comp="1253" pin=1"/></net>

<net id="1978"><net_src comp="1190" pin="2"/><net_sink comp="1975" pin=0"/></net>

<net id="1979"><net_src comp="1975" pin="1"/><net_sink comp="1253" pin=0"/></net>

<net id="1983"><net_src comp="1210" pin="2"/><net_sink comp="1980" pin=0"/></net>

<net id="1984"><net_src comp="1980" pin="1"/><net_sink comp="1257" pin=0"/></net>

<net id="1988"><net_src comp="1229" pin="2"/><net_sink comp="1985" pin=0"/></net>

<net id="1989"><net_src comp="1985" pin="1"/><net_sink comp="1262" pin=1"/></net>

<net id="1993"><net_src comp="1248" pin="2"/><net_sink comp="1990" pin=0"/></net>

<net id="1994"><net_src comp="1990" pin="1"/><net_sink comp="1262" pin=0"/></net>

<net id="1998"><net_src comp="1257" pin="2"/><net_sink comp="1995" pin=0"/></net>

<net id="1999"><net_src comp="1995" pin="1"/><net_sink comp="1266" pin=0"/></net>

</net_list>

</model> 
---------------- Datapath Model END ------------------

* FSMD analyzer results:
  - Output states:
	Port: out_stream | {7 }
 - Input state : 
	Port: dense_gemv_Pipeline_VITIS_LOOP_30_2 : num_rows | {1 }
	Port: dense_gemv_Pipeline_VITIS_LOOP_30_2 : weights_0 | {3 4 }
	Port: dense_gemv_Pipeline_VITIS_LOOP_30_2 : weights_1 | {3 4 }
	Port: dense_gemv_Pipeline_VITIS_LOOP_30_2 : weights_2 | {3 4 }
	Port: dense_gemv_Pipeline_VITIS_LOOP_30_2 : weights_3 | {3 4 }
	Port: dense_gemv_Pipeline_VITIS_LOOP_30_2 : weights_4 | {2 3 }
	Port: dense_gemv_Pipeline_VITIS_LOOP_30_2 : weights_5 | {2 3 }
	Port: dense_gemv_Pipeline_VITIS_LOOP_30_2 : weights_6 | {2 3 }
	Port: dense_gemv_Pipeline_VITIS_LOOP_30_2 : weights_7 | {2 3 }
	Port: dense_gemv_Pipeline_VITIS_LOOP_30_2 : weights_8 | {3 4 }
	Port: dense_gemv_Pipeline_VITIS_LOOP_30_2 : weights_9 | {3 4 }
	Port: dense_gemv_Pipeline_VITIS_LOOP_30_2 : weights_10 | {3 4 }
	Port: dense_gemv_Pipeline_VITIS_LOOP_30_2 : weights_11 | {3 4 }
	Port: dense_gemv_Pipeline_VITIS_LOOP_30_2 : weights_12 | {2 3 }
	Port: dense_gemv_Pipeline_VITIS_LOOP_30_2 : weights_13 | {2 3 }
	Port: dense_gemv_Pipeline_VITIS_LOOP_30_2 : weights_14 | {2 3 }
	Port: dense_gemv_Pipeline_VITIS_LOOP_30_2 : weights_15 | {2 3 }
	Port: dense_gemv_Pipeline_VITIS_LOOP_30_2 : weights_16 | {2 3 }
	Port: dense_gemv_Pipeline_VITIS_LOOP_30_2 : weights_17 | {2 3 }
	Port: dense_gemv_Pipeline_VITIS_LOOP_30_2 : weights_18 | {2 3 }
	Port: dense_gemv_Pipeline_VITIS_LOOP_30_2 : weights_19 | {2 3 }
	Port: dense_gemv_Pipeline_VITIS_LOOP_30_2 : weights_20 | {2 3 }
	Port: dense_gemv_Pipeline_VITIS_LOOP_30_2 : weights_21 | {2 3 }
	Port: dense_gemv_Pipeline_VITIS_LOOP_30_2 : weights_22 | {2 3 }
	Port: dense_gemv_Pipeline_VITIS_LOOP_30_2 : weights_23 | {2 3 }
	Port: dense_gemv_Pipeline_VITIS_LOOP_30_2 : weights_24 | {2 3 }
	Port: dense_gemv_Pipeline_VITIS_LOOP_30_2 : weights_25 | {2 3 }
	Port: dense_gemv_Pipeline_VITIS_LOOP_30_2 : weights_26 | {2 3 }
	Port: dense_gemv_Pipeline_VITIS_LOOP_30_2 : weights_27 | {2 3 }
	Port: dense_gemv_Pipeline_VITIS_LOOP_30_2 : weights_28 | {1 2 }
	Port: dense_gemv_Pipeline_VITIS_LOOP_30_2 : weights_29 | {1 2 }
	Port: dense_gemv_Pipeline_VITIS_LOOP_30_2 : weights_30 | {1 2 }
	Port: dense_gemv_Pipeline_VITIS_LOOP_30_2 : weights_31 | {1 2 }
	Port: dense_gemv_Pipeline_VITIS_LOOP_30_2 : sext_ln36_31 | {1 }
	Port: dense_gemv_Pipeline_VITIS_LOOP_30_2 : sext_ln36_30 | {1 }
	Port: dense_gemv_Pipeline_VITIS_LOOP_30_2 : sext_ln36_29 | {1 }
	Port: dense_gemv_Pipeline_VITIS_LOOP_30_2 : sext_ln36_28 | {1 }
	Port: dense_gemv_Pipeline_VITIS_LOOP_30_2 : sext_ln36_27 | {1 }
	Port: dense_gemv_Pipeline_VITIS_LOOP_30_2 : sext_ln36_26 | {1 }
	Port: dense_gemv_Pipeline_VITIS_LOOP_30_2 : sext_ln36_25 | {1 }
	Port: dense_gemv_Pipeline_VITIS_LOOP_30_2 : sext_ln36_24 | {1 }
	Port: dense_gemv_Pipeline_VITIS_LOOP_30_2 : sext_ln36_23 | {1 }
	Port: dense_gemv_Pipeline_VITIS_LOOP_30_2 : sext_ln36_22 | {1 }
	Port: dense_gemv_Pipeline_VITIS_LOOP_30_2 : sext_ln36_21 | {1 }
	Port: dense_gemv_Pipeline_VITIS_LOOP_30_2 : sext_ln36_20 | {1 }
	Port: dense_gemv_Pipeline_VITIS_LOOP_30_2 : sext_ln36_19 | {1 }
	Port: dense_gemv_Pipeline_VITIS_LOOP_30_2 : sext_ln36_18 | {1 }
	Port: dense_gemv_Pipeline_VITIS_LOOP_30_2 : sext_ln36_17 | {1 }
	Port: dense_gemv_Pipeline_VITIS_LOOP_30_2 : sext_ln36_16 | {1 }
	Port: dense_gemv_Pipeline_VITIS_LOOP_30_2 : sext_ln36_15 | {1 }
	Port: dense_gemv_Pipeline_VITIS_LOOP_30_2 : sext_ln36_14 | {1 }
	Port: dense_gemv_Pipeline_VITIS_LOOP_30_2 : sext_ln36_13 | {1 }
	Port: dense_gemv_Pipeline_VITIS_LOOP_30_2 : sext_ln36_12 | {1 }
	Port: dense_gemv_Pipeline_VITIS_LOOP_30_2 : sext_ln36_11 | {1 }
	Port: dense_gemv_Pipeline_VITIS_LOOP_30_2 : sext_ln36_10 | {1 }
	Port: dense_gemv_Pipeline_VITIS_LOOP_30_2 : sext_ln36_9 | {1 }
	Port: dense_gemv_Pipeline_VITIS_LOOP_30_2 : sext_ln36_8 | {1 }
	Port: dense_gemv_Pipeline_VITIS_LOOP_30_2 : sext_ln36_7 | {1 }
	Port: dense_gemv_Pipeline_VITIS_LOOP_30_2 : sext_ln36_6 | {1 }
	Port: dense_gemv_Pipeline_VITIS_LOOP_30_2 : sext_ln36_5 | {1 }
	Port: dense_gemv_Pipeline_VITIS_LOOP_30_2 : sext_ln36_4 | {1 }
	Port: dense_gemv_Pipeline_VITIS_LOOP_30_2 : sext_ln36_3 | {1 }
	Port: dense_gemv_Pipeline_VITIS_LOOP_30_2 : sext_ln36_2 | {1 }
	Port: dense_gemv_Pipeline_VITIS_LOOP_30_2 : sext_ln36 | {1 }
	Port: dense_gemv_Pipeline_VITIS_LOOP_30_2 : sext_ln36_1 | {1 }
  - Chain level:
	State 1
		store_ln30 : 1
		i_1 : 1
		zext_ln30_1 : 2
		icmp_ln30 : 3
		add_ln30 : 2
		br_ln30 : 4
		zext_ln30 : 2
		weights_28_addr : 3
		weights_28_load : 4
		weights_29_addr : 3
		weights_29_load : 4
		weights_30_addr : 3
		weights_30_load : 4
		weights_31_addr : 3
		weights_31_load : 4
		store_ln30 : 3
	State 2
		weights_4_load : 1
		weights_5_load : 1
		weights_6_load : 1
		weights_7_load : 1
		weights_12_load : 1
		weights_13_load : 1
		weights_14_load : 1
		weights_15_load : 1
		weights_16_load : 1
		weights_17_load : 1
		weights_18_load : 1
		weights_19_load : 1
		weights_20_load : 1
		weights_21_load : 1
		weights_22_load : 1
		weights_23_load : 1
		weights_24_load : 1
		weights_25_load : 1
		weights_26_load : 1
		weights_27_load : 1
		mul_ln36 : 1
		mul_ln36_1 : 1
		mul_ln36_2 : 1
		mul_ln36_3 : 1
	State 3
		weights_0_load : 1
		weights_1_load : 1
		weights_2_load : 1
		weights_3_load : 1
		weights_8_load : 1
		weights_9_load : 1
		weights_10_load : 1
		weights_11_load : 1
		mul_ln36_4 : 1
		mul_ln36_5 : 1
		mul_ln36_6 : 1
		mul_ln36_7 : 1
		mul_ln36_8 : 1
		mul_ln36_9 : 1
		mul_ln36_10 : 1
		mul_ln36_11 : 1
		mul_ln36_12 : 1
		mul_ln36_13 : 1
		mul_ln36_14 : 1
		mul_ln36_15 : 1
		mul_ln36_16 : 1
		mul_ln36_17 : 1
		mul_ln36_18 : 1
		mul_ln36_19 : 1
		mul_ln36_24 : 1
		mul_ln36_25 : 1
		mul_ln36_26 : 1
		mul_ln36_27 : 1
	State 4
		mul_ln36_20 : 1
		mul_ln36_21 : 1
		mul_ln36_22 : 1
		mul_ln36_23 : 1
		mul_ln36_28 : 1
		mul_ln36_29 : 1
		mul_ln36_30 : 1
		mul_ln36_31 : 1
		add_ln36_27 : 1
	State 5
		add_ln36_5 : 1
		add_ln36_12 : 1
		add_ln36_17 : 1
		add_ln36_20 : 1
		add_ln36_24 : 1
		add_ln36_28 : 2
	State 6
		add_ln36_2 : 1
		add_ln36_6 : 2
		add_ln36_9 : 1
		add_ln36_13 : 2
		add_ln36_29 : 1
	State 7
		acc : 1
		write_ln39 : 2


============================================================
+ Verbose Summary: Datapath Resource usage 
============================================================

* Functional unit list:
|----------|-------------------------------|---------|---------|---------|
| Operation|        Functional Unit        |   DSP   |    FF   |   LUT   |
|----------|-------------------------------|---------|---------|---------|
|          |           grp_fu_801          |    2    |   165   |    50   |
|          |           grp_fu_806          |    2    |   165   |    50   |
|          |           grp_fu_811          |    2    |   165   |    50   |
|          |           grp_fu_816          |    2    |   165   |    50   |
|          |           grp_fu_821          |    2    |   165   |    50   |
|          |           grp_fu_826          |    2    |   165   |    50   |
|          |           grp_fu_831          |    2    |   165   |    50   |
|          |           grp_fu_836          |    2    |   165   |    50   |
|          |           grp_fu_841          |    2    |   165   |    50   |
|          |           grp_fu_846          |    2    |   165   |    50   |
|          |           grp_fu_851          |    2    |   165   |    50   |
|          |           grp_fu_856          |    2    |   165   |    50   |
|          |           grp_fu_861          |    2    |   165   |    50   |
|          |           grp_fu_866          |    2    |   165   |    50   |
|          |           grp_fu_871          |    2    |   165   |    50   |
|    mul   |           grp_fu_876          |    2    |   165   |    50   |
|          |           grp_fu_881          |    2    |   165   |    50   |
|          |           grp_fu_886          |    2    |   165   |    50   |
|          |           grp_fu_891          |    2    |   165   |    50   |
|          |           grp_fu_896          |    2    |   165   |    50   |
|          |           grp_fu_901          |    2    |   165   |    50   |
|          |           grp_fu_906          |    2    |   165   |    50   |
|          |           grp_fu_911          |    2    |   165   |    50   |
|          |           grp_fu_916          |    2    |   165   |    50   |
|          |           grp_fu_921          |    2    |   165   |    50   |
|          |           grp_fu_926          |    2    |   165   |    50   |
|          |           grp_fu_931          |    2    |   165   |    50   |
|          |           grp_fu_936          |    2    |   165   |    50   |
|          |           grp_fu_941          |    2    |   165   |    50   |
|          |           grp_fu_946          |    2    |   165   |    50   |
|          |           grp_fu_951          |    2    |   165   |    50   |
|          |           grp_fu_956          |    2    |   165   |    50   |
|----------|-------------------------------|---------|---------|---------|
|          |        add_ln30_fu_1107       |    0    |    0    |    38   |
|          |      add_ln36_25_fu_1126      |    0    |    0    |    32   |
|          |      add_ln36_26_fu_1130      |    0    |    0    |    39   |
|          |      add_ln36_27_fu_1134      |    0    |    0    |    32   |
|          |       add_ln36_3_fu_1140      |    0    |    0    |    32   |
|          |       add_ln36_4_fu_1144      |    0    |    0    |    39   |
|          |       add_ln36_5_fu_1148      |    0    |    0    |    32   |
|          |      add_ln36_10_fu_1154      |    0    |    0    |    32   |
|          |      add_ln36_11_fu_1158      |    0    |    0    |    39   |
|          |      add_ln36_12_fu_1162      |    0    |    0    |    32   |
|          |      add_ln36_15_fu_1168      |    0    |    0    |    32   |
|          |      add_ln36_16_fu_1172      |    0    |    0    |    39   |
|          |      add_ln36_17_fu_1176      |    0    |    0    |    32   |
|          |      add_ln36_18_fu_1182      |    0    |    0    |    32   |
|          |      add_ln36_19_fu_1186      |    0    |    0    |    39   |
|    add   |      add_ln36_20_fu_1190      |    0    |    0    |    32   |
|          |      add_ln36_22_fu_1196      |    0    |    0    |    39   |
|          |      add_ln36_23_fu_1200      |    0    |    0    |    39   |
|          |      add_ln36_24_fu_1204      |    0    |    0    |    32   |
|          |      add_ln36_28_fu_1210      |    0    |    0    |    32   |
|          |        add_ln36_fu_1215       |    0    |    0    |    39   |
|          |       add_ln36_1_fu_1219      |    0    |    0    |    39   |
|          |       add_ln36_2_fu_1223      |    0    |    0    |    32   |
|          |       add_ln36_6_fu_1229      |    0    |    0    |    32   |
|          |       add_ln36_7_fu_1234      |    0    |    0    |    39   |
|          |       add_ln36_8_fu_1238      |    0    |    0    |    39   |
|          |       add_ln36_9_fu_1242      |    0    |    0    |    32   |
|          |      add_ln36_13_fu_1248      |    0    |    0    |    32   |
|          |      add_ln36_21_fu_1253      |    0    |    0    |    32   |
|          |      add_ln36_29_fu_1257      |    0    |    0    |    32   |
|          |      add_ln36_14_fu_1262      |    0    |    0    |    32   |
|          |          acc_fu_1266          |    0    |    0    |    32   |
|----------|-------------------------------|---------|---------|---------|
|   icmp   |       icmp_ln30_fu_1101       |    0    |    0    |    39   |
|----------|-------------------------------|---------|---------|---------|
|          |  sext_ln36_1_read_read_fu_180 |    0    |    0    |    0    |
|          |   sext_ln36_read_read_fu_186  |    0    |    0    |    0    |
|          |  sext_ln36_2_read_read_fu_192 |    0    |    0    |    0    |
|          |  sext_ln36_3_read_read_fu_198 |    0    |    0    |    0    |
|          |  sext_ln36_4_read_read_fu_204 |    0    |    0    |    0    |
|          |  sext_ln36_5_read_read_fu_210 |    0    |    0    |    0    |
|          |  sext_ln36_6_read_read_fu_216 |    0    |    0    |    0    |
|          |  sext_ln36_7_read_read_fu_222 |    0    |    0    |    0    |
|          |  sext_ln36_8_read_read_fu_228 |    0    |    0    |    0    |
|          |  sext_ln36_9_read_read_fu_234 |    0    |    0    |    0    |
|          | sext_ln36_10_read_read_fu_240 |    0    |    0    |    0    |
|          | sext_ln36_11_read_read_fu_246 |    0    |    0    |    0    |
|          | sext_ln36_12_read_read_fu_252 |    0    |    0    |    0    |
|          | sext_ln36_13_read_read_fu_258 |    0    |    0    |    0    |
|          | sext_ln36_14_read_read_fu_264 |    0    |    0    |    0    |
|          | sext_ln36_15_read_read_fu_270 |    0    |    0    |    0    |
|   read   | sext_ln36_16_read_read_fu_276 |    0    |    0    |    0    |
|          | sext_ln36_17_read_read_fu_282 |    0    |    0    |    0    |
|          | sext_ln36_18_read_read_fu_288 |    0    |    0    |    0    |
|          | sext_ln36_19_read_read_fu_294 |    0    |    0    |    0    |
|          | sext_ln36_20_read_read_fu_300 |    0    |    0    |    0    |
|          | sext_ln36_21_read_read_fu_306 |    0    |    0    |    0    |
|          | sext_ln36_22_read_read_fu_312 |    0    |    0    |    0    |
|          | sext_ln36_23_read_read_fu_318 |    0    |    0    |    0    |
|          | sext_ln36_24_read_read_fu_324 |    0    |    0    |    0    |
|          | sext_ln36_25_read_read_fu_330 |    0    |    0    |    0    |
|          | sext_ln36_26_read_read_fu_336 |    0    |    0    |    0    |
|          | sext_ln36_27_read_read_fu_342 |    0    |    0    |    0    |
|          | sext_ln36_28_read_read_fu_348 |    0    |    0    |    0    |
|          | sext_ln36_29_read_read_fu_354 |    0    |    0    |    0    |
|          | sext_ln36_30_read_read_fu_360 |    0    |    0    |    0    |
|          | sext_ln36_31_read_read_fu_366 |    0    |    0    |    0    |
|          |   num_rows_read_read_fu_372   |    0    |    0    |    0    |
|----------|-------------------------------|---------|---------|---------|
|   write  |    write_ln39_write_fu_378    |    0    |    0    |    0    |
|----------|-------------------------------|---------|---------|---------|
|          |    sext_ln36_1_cast_fu_961    |    0    |    0    |    0    |
|          |     sext_ln36_cast_fu_965     |    0    |    0    |    0    |
|          |    sext_ln36_2_cast_fu_969    |    0    |    0    |    0    |
|          |    sext_ln36_3_cast_fu_973    |    0    |    0    |    0    |
|          |    sext_ln36_4_cast_fu_977    |    0    |    0    |    0    |
|          |    sext_ln36_5_cast_fu_981    |    0    |    0    |    0    |
|          |    sext_ln36_6_cast_fu_985    |    0    |    0    |    0    |
|          |    sext_ln36_7_cast_fu_989    |    0    |    0    |    0    |
|          |    sext_ln36_8_cast_fu_993    |    0    |    0    |    0    |
|          |    sext_ln36_9_cast_fu_997    |    0    |    0    |    0    |
|          |   sext_ln36_10_cast_fu_1001   |    0    |    0    |    0    |
|          |   sext_ln36_11_cast_fu_1005   |    0    |    0    |    0    |
|          |   sext_ln36_12_cast_fu_1009   |    0    |    0    |    0    |
|          |   sext_ln36_13_cast_fu_1013   |    0    |    0    |    0    |
|          |   sext_ln36_14_cast_fu_1017   |    0    |    0    |    0    |
|   sext   |   sext_ln36_15_cast_fu_1021   |    0    |    0    |    0    |
|          |   sext_ln36_16_cast_fu_1025   |    0    |    0    |    0    |
|          |   sext_ln36_17_cast_fu_1029   |    0    |    0    |    0    |
|          |   sext_ln36_18_cast_fu_1033   |    0    |    0    |    0    |
|          |   sext_ln36_19_cast_fu_1037   |    0    |    0    |    0    |
|          |   sext_ln36_20_cast_fu_1041   |    0    |    0    |    0    |
|          |   sext_ln36_21_cast_fu_1045   |    0    |    0    |    0    |
|          |   sext_ln36_22_cast_fu_1049   |    0    |    0    |    0    |
|          |   sext_ln36_23_cast_fu_1053   |    0    |    0    |    0    |
|          |   sext_ln36_24_cast_fu_1057   |    0    |    0    |    0    |
|          |   sext_ln36_25_cast_fu_1061   |    0    |    0    |    0    |
|          |   sext_ln36_26_cast_fu_1065   |    0    |    0    |    0    |
|          |   sext_ln36_27_cast_fu_1069   |    0    |    0    |    0    |
|          |   sext_ln36_28_cast_fu_1073   |    0    |    0    |    0    |
|          |   sext_ln36_29_cast_fu_1077   |    0    |    0    |    0    |
|          |   sext_ln36_30_cast_fu_1081   |    0    |    0    |    0    |
|          |   sext_ln36_31_cast_fu_1085   |    0    |    0    |    0    |
|----------|-------------------------------|---------|---------|---------|
|   zext   |      zext_ln30_1_fu_1097      |    0    |    0    |    0    |
|          |       zext_ln30_fu_1113       |    0    |    0    |    0    |
|----------|-------------------------------|---------|---------|---------|
|   Total  |                               |    64   |   5280  |   2746  |
|----------|-------------------------------|---------|---------|---------|

Memories:
N/A

* Register list:
+--------------------------+--------+
|                          |   FF   |
+--------------------------+--------+
|   add_ln36_12_reg_1965   |   32   |
|   add_ln36_13_reg_1990   |   32   |
|   add_ln36_17_reg_1970   |   32   |
|   add_ln36_20_reg_1975   |   32   |
|   add_ln36_27_reg_1915   |   32   |
|   add_ln36_28_reg_1980   |   32   |
|   add_ln36_29_reg_1995   |   32   |
|    add_ln36_5_reg_1960   |   32   |
|    add_ln36_6_reg_1985   |   32   |
|        i_reg_1272        |   31   |
|    icmp_ln30_reg_1439    |    1   |
|   mul_ln36_10_reg_1845   |   32   |
|   mul_ln36_11_reg_1850   |   32   |
|   mul_ln36_12_reg_1855   |   32   |
|   mul_ln36_13_reg_1860   |   32   |
|   mul_ln36_14_reg_1865   |   32   |
|   mul_ln36_15_reg_1870   |   32   |
|   mul_ln36_16_reg_1875   |   32   |
|   mul_ln36_17_reg_1880   |   32   |
|   mul_ln36_18_reg_1885   |   32   |
|   mul_ln36_19_reg_1890   |   32   |
|    mul_ln36_1_reg_1760   |   32   |
|   mul_ln36_20_reg_1920   |   32   |
|   mul_ln36_21_reg_1925   |   32   |
|   mul_ln36_22_reg_1930   |   32   |
|   mul_ln36_23_reg_1935   |   32   |
|   mul_ln36_24_reg_1895   |   32   |
|   mul_ln36_25_reg_1900   |   32   |
|   mul_ln36_26_reg_1905   |   32   |
|   mul_ln36_27_reg_1910   |   32   |
|   mul_ln36_28_reg_1940   |   32   |
|   mul_ln36_29_reg_1945   |   32   |
|    mul_ln36_2_reg_1765   |   32   |
|   mul_ln36_30_reg_1950   |   32   |
|   mul_ln36_31_reg_1955   |   32   |
|    mul_ln36_3_reg_1770   |   32   |
|    mul_ln36_4_reg_1815   |   32   |
|    mul_ln36_5_reg_1820   |   32   |
|    mul_ln36_6_reg_1825   |   32   |
|    mul_ln36_7_reg_1830   |   32   |
|    mul_ln36_8_reg_1835   |   32   |
|    mul_ln36_9_reg_1840   |   32   |
|     mul_ln36_reg_1755    |   32   |
|sext_ln36_10_cast_reg_1329|   32   |
|sext_ln36_11_cast_reg_1334|   32   |
|sext_ln36_12_cast_reg_1339|   32   |
|sext_ln36_13_cast_reg_1344|   32   |
|sext_ln36_14_cast_reg_1349|   32   |
|sext_ln36_15_cast_reg_1354|   32   |
|sext_ln36_16_cast_reg_1359|   32   |
|sext_ln36_17_cast_reg_1364|   32   |
|sext_ln36_18_cast_reg_1369|   32   |
|sext_ln36_19_cast_reg_1374|   32   |
| sext_ln36_1_cast_reg_1279|   32   |
|sext_ln36_20_cast_reg_1379|   32   |
|sext_ln36_21_cast_reg_1384|   32   |
|sext_ln36_22_cast_reg_1389|   32   |
|sext_ln36_23_cast_reg_1394|   32   |
|sext_ln36_24_cast_reg_1399|   32   |
|sext_ln36_25_cast_reg_1404|   32   |
|sext_ln36_26_cast_reg_1409|   32   |
|sext_ln36_27_cast_reg_1414|   32   |
|sext_ln36_28_cast_reg_1419|   32   |
|sext_ln36_29_cast_reg_1424|   32   |
| sext_ln36_2_cast_reg_1289|   32   |
|sext_ln36_30_cast_reg_1429|   32   |
|sext_ln36_31_cast_reg_1434|   32   |
| sext_ln36_3_cast_reg_1294|   32   |
| sext_ln36_4_cast_reg_1299|   32   |
| sext_ln36_5_cast_reg_1304|   32   |
| sext_ln36_6_cast_reg_1309|   32   |
| sext_ln36_7_cast_reg_1314|   32   |
| sext_ln36_8_cast_reg_1319|   32   |
| sext_ln36_9_cast_reg_1324|   32   |
|  sext_ln36_cast_reg_1284 |   32   |
|  weights_0_addr_reg_1615 |    5   |
|  weights_0_load_reg_1775 |   32   |
| weights_10_addr_reg_1665 |    5   |
| weights_10_load_reg_1805 |   32   |
| weights_11_addr_reg_1670 |    5   |
| weights_11_load_reg_1810 |   32   |
| weights_12_addr_reg_1515 |    5   |
| weights_12_load_reg_1675 |   32   |
| weights_13_addr_reg_1520 |    5   |
| weights_13_load_reg_1680 |   32   |
| weights_14_addr_reg_1525 |    5   |
| weights_14_load_reg_1685 |   32   |
| weights_15_addr_reg_1530 |    5   |
| weights_15_load_reg_1690 |   32   |
| weights_16_addr_reg_1535 |    5   |
| weights_16_load_reg_1695 |   32   |
| weights_17_addr_reg_1540 |    5   |
| weights_17_load_reg_1700 |   32   |
| weights_18_addr_reg_1545 |    5   |
| weights_18_load_reg_1705 |   32   |
| weights_19_addr_reg_1550 |    5   |
| weights_19_load_reg_1710 |   32   |
|  weights_1_addr_reg_1620 |    5   |
|  weights_1_load_reg_1780 |   32   |
| weights_20_addr_reg_1555 |    5   |
| weights_20_load_reg_1715 |   32   |
| weights_21_addr_reg_1560 |    5   |
| weights_21_load_reg_1720 |   32   |
| weights_22_addr_reg_1565 |    5   |
| weights_22_load_reg_1725 |   32   |
| weights_23_addr_reg_1570 |    5   |
| weights_23_load_reg_1730 |   32   |
| weights_24_addr_reg_1575 |    5   |
| weights_24_load_reg_1735 |   32   |
| weights_25_addr_reg_1580 |    5   |
| weights_25_load_reg_1740 |   32   |
| weights_26_addr_reg_1585 |    5   |
| weights_26_load_reg_1745 |   32   |
| weights_27_addr_reg_1590 |    5   |
| weights_27_load_reg_1750 |   32   |
| weights_28_addr_reg_1475 |    5   |
| weights_28_load_reg_1595 |   32   |
| weights_29_addr_reg_1480 |    5   |
| weights_29_load_reg_1600 |   32   |
|  weights_2_addr_reg_1625 |    5   |
|  weights_2_load_reg_1785 |   32   |
| weights_30_addr_reg_1485 |    5   |
| weights_30_load_reg_1605 |   32   |
| weights_31_addr_reg_1490 |    5   |
| weights_31_load_reg_1610 |   32   |
|  weights_3_addr_reg_1630 |    5   |
|  weights_3_load_reg_1790 |   32   |
|  weights_4_addr_reg_1495 |    5   |
|  weights_4_load_reg_1635 |   32   |
|  weights_5_addr_reg_1500 |    5   |
|  weights_5_load_reg_1640 |   32   |
|  weights_6_addr_reg_1505 |    5   |
|  weights_6_load_reg_1645 |   32   |
|  weights_7_addr_reg_1510 |    5   |
|  weights_7_load_reg_1650 |   32   |
|  weights_8_addr_reg_1655 |    5   |
|  weights_8_load_reg_1795 |   32   |
|  weights_9_addr_reg_1660 |    5   |
|  weights_9_load_reg_1800 |   32   |
|    zext_ln30_reg_1443    |   64   |
+--------------------------+--------+
|           Total          |  3616  |
+--------------------------+--------+

* Multiplexer (MUX) list: 
|-------------------|------|------|------|--------||---------||---------||---------|
|        Comp       |  Pin | Size |  BW  | S x BW ||  Delay  ||    FF   ||   LUT   |
|-------------------|------|------|------|--------||---------||---------||---------|
| grp_access_fu_392 |  p0  |   2  |   5  |   10   ||    0    ||    9    |
| grp_access_fu_405 |  p0  |   2  |   5  |   10   ||    0    ||    9    |
| grp_access_fu_418 |  p0  |   2  |   5  |   10   ||    0    ||    9    |
| grp_access_fu_431 |  p0  |   2  |   5  |   10   ||    0    ||    9    |
| grp_access_fu_444 |  p0  |   2  |   5  |   10   ||    0    ||    9    |
| grp_access_fu_457 |  p0  |   2  |   5  |   10   ||    0    ||    9    |
| grp_access_fu_470 |  p0  |   2  |   5  |   10   ||    0    ||    9    |
| grp_access_fu_483 |  p0  |   2  |   5  |   10   ||    0    ||    9    |
| grp_access_fu_496 |  p0  |   2  |   5  |   10   ||    0    ||    9    |
| grp_access_fu_509 |  p0  |   2  |   5  |   10   ||    0    ||    9    |
| grp_access_fu_522 |  p0  |   2  |   5  |   10   ||    0    ||    9    |
| grp_access_fu_535 |  p0  |   2  |   5  |   10   ||    0    ||    9    |
| grp_access_fu_548 |  p0  |   2  |   5  |   10   ||    0    ||    9    |
| grp_access_fu_561 |  p0  |   2  |   5  |   10   ||    0    ||    9    |
| grp_access_fu_574 |  p0  |   2  |   5  |   10   ||    0    ||    9    |
| grp_access_fu_587 |  p0  |   2  |   5  |   10   ||    0    ||    9    |
| grp_access_fu_600 |  p0  |   2  |   5  |   10   ||    0    ||    9    |
| grp_access_fu_613 |  p0  |   2  |   5  |   10   ||    0    ||    9    |
| grp_access_fu_626 |  p0  |   2  |   5  |   10   ||    0    ||    9    |
| grp_access_fu_639 |  p0  |   2  |   5  |   10   ||    0    ||    9    |
| grp_access_fu_652 |  p0  |   2  |   5  |   10   ||    0    ||    9    |
| grp_access_fu_665 |  p0  |   2  |   5  |   10   ||    0    ||    9    |
| grp_access_fu_678 |  p0  |   2  |   5  |   10   ||    0    ||    9    |
| grp_access_fu_691 |  p0  |   2  |   5  |   10   ||    0    ||    9    |
| grp_access_fu_704 |  p0  |   2  |   5  |   10   ||    0    ||    9    |
| grp_access_fu_717 |  p0  |   2  |   5  |   10   ||    0    ||    9    |
| grp_access_fu_730 |  p0  |   2  |   5  |   10   ||    0    ||    9    |
| grp_access_fu_743 |  p0  |   2  |   5  |   10   ||    0    ||    9    |
| grp_access_fu_756 |  p0  |   2  |   5  |   10   ||    0    ||    9    |
| grp_access_fu_769 |  p0  |   2  |   5  |   10   ||    0    ||    9    |
| grp_access_fu_782 |  p0  |   2  |   5  |   10   ||    0    ||    9    |
| grp_access_fu_795 |  p0  |   2  |   5  |   10   ||    0    ||    9    |
|     grp_fu_801    |  p0  |   2  |  32  |   64   ||    0    ||    9    |
|     grp_fu_806    |  p0  |   2  |  32  |   64   ||    0    ||    9    |
|     grp_fu_811    |  p0  |   2  |  32  |   64   ||    0    ||    9    |
|     grp_fu_816    |  p0  |   2  |  32  |   64   ||    0    ||    9    |
|     grp_fu_821    |  p0  |   2  |  32  |   64   ||    0    ||    9    |
|     grp_fu_826    |  p0  |   2  |  32  |   64   ||    0    ||    9    |
|     grp_fu_831    |  p0  |   2  |  32  |   64   ||    0    ||    9    |
|     grp_fu_836    |  p0  |   2  |  32  |   64   ||    0    ||    9    |
|     grp_fu_841    |  p0  |   2  |  32  |   64   ||    0    ||    9    |
|     grp_fu_846    |  p0  |   2  |  32  |   64   ||    0    ||    9    |
|     grp_fu_851    |  p0  |   2  |  32  |   64   ||    0    ||    9    |
|     grp_fu_856    |  p0  |   2  |  32  |   64   ||    0    ||    9    |
|     grp_fu_861    |  p0  |   2  |  32  |   64   ||    0    ||    9    |
|     grp_fu_866    |  p0  |   2  |  32  |   64   ||    0    ||    9    |
|     grp_fu_871    |  p0  |   2  |  32  |   64   ||    0    ||    9    |
|     grp_fu_876    |  p0  |   2  |  32  |   64   ||    0    ||    9    |
|     grp_fu_881    |  p0  |   2  |  32  |   64   ||    0    ||    9    |
|     grp_fu_886    |  p0  |   2  |  32  |   64   ||    0    ||    9    |
|     grp_fu_891    |  p0  |   2  |  32  |   64   ||    0    ||    9    |
|     grp_fu_896    |  p0  |   2  |  32  |   64   ||    0    ||    9    |
|     grp_fu_901    |  p0  |   2  |  32  |   64   ||    0    ||    9    |
|     grp_fu_906    |  p0  |   2  |  32  |   64   ||    0    ||    9    |
|     grp_fu_911    |  p0  |   2  |  32  |   64   ||    0    ||    9    |
|     grp_fu_916    |  p0  |   2  |  32  |   64   ||    0    ||    9    |
|     grp_fu_921    |  p0  |   2  |  32  |   64   ||    0    ||    9    |
|     grp_fu_926    |  p0  |   2  |  32  |   64   ||    0    ||    9    |
|     grp_fu_931    |  p0  |   2  |  32  |   64   ||    0    ||    9    |
|     grp_fu_936    |  p0  |   2  |  32  |   64   ||    0    ||    9    |
|     grp_fu_941    |  p0  |   2  |  32  |   64   ||    0    ||    9    |
|     grp_fu_946    |  p0  |   2  |  32  |   64   ||    0    ||    9    |
|     grp_fu_951    |  p0  |   2  |  32  |   64   ||    0    ||    9    |
|     grp_fu_956    |  p0  |   2  |  32  |   64   ||    0    ||    9    |
|-------------------|------|------|------|--------||---------||---------||---------|
|       Total       |      |      |      |  2368  ||  103.04 ||    0    ||   576   |
|-------------------|------|------|------|--------||---------||---------||---------|



* Summary:
+-----------+--------+--------+--------+--------+
|           |   DSP  |  Delay |   FF   |   LUT  |
+-----------+--------+--------+--------+--------+
|  Function |   64   |    -   |  5280  |  2746  |
|   Memory  |    -   |    -   |    -   |    -   |
|Multiplexer|    -   |   103  |    0   |   576  |
|  Register |    -   |    -   |  3616  |    -   |
+-----------+--------+--------+--------+--------+
|   Total   |   64   |   103  |  8896  |  3322  |
+-----------+--------+--------+--------+--------+
