

================================================================
== Vitis HLS Report for 'dense_gemv'
================================================================
* Date:           Mon Aug  3 20:40:56 2026

* Version:        2025.2 (Build 6295257 on Nov 12 2025)
* Project:        dense_gemv
* Solution:       hls (Vivado IP Flow Target)
* Product family: artix7
* Target device:  xc7a12t-cpg238-1


================================================================
== Performance Estimates
================================================================
+ Timing: 
    * Summary: 
    +--------+----------+----------+------------+
    |  Clock |  Target  | Estimated| Uncertainty|
    +--------+----------+----------+------------+
    |ap_clk  |  10.00 ns|  7.207 ns|     2.70 ns|
    +--------+----------+----------+------------+

+ Latency: 
    * Summary: 
    +---------+---------+----------+----------+-----+-----+---------+
    |  Latency (cycles) |  Latency (absolute) |  Interval | Pipeline|
    |   min   |   max   |    min   |    max   | min | max |   Type  |
    +---------+---------+----------+----------+-----+-----+---------+
    |        ?|        ?|         ?|         ?|    ?|    ?|       no|
    +---------+---------+----------+----------+-----+-----+---------+

    + Detail: 
        * Instance: 
        +------------------------------------------------+-------------------------------------+---------+---------+----------+----------+-----+-----+-------------------+
        |                                                |                                     |  Latency (cycles) |  Latency (absolute) |  Interval |      Pipeline     |
        |                    Instance                    |                Module               |   min   |   max   |    min   |    max   | min | max |        Type       |
        +------------------------------------------------+-------------------------------------+---------+---------+----------+----------+-----+-----+-------------------+
        |grp_dense_gemv_Pipeline_VITIS_LOOP_25_1_fu_314  |dense_gemv_Pipeline_VITIS_LOOP_25_1  |       34|       34|  0.340 us|  0.340 us|    0|    0|  loop pipeline stp|
        |grp_dense_gemv_Pipeline_VITIS_LOOP_30_2_fu_352  |dense_gemv_Pipeline_VITIS_LOOP_30_2  |        ?|        ?|         ?|         ?|    0|    0|  loop pipeline stp|
        +------------------------------------------------+-------------------------------------+---------+---------+----------+----------+-----+-----+-------------------+

        * Loop: 
        N/A

============================================================
+ Verbose Summary: Synthesis Manager
============================================================
InlineROM: 1
ExposeGlobal: 0
============================================================
+ Verbose Summary: CDFG Model
============================================================
IsTopModel: 1
ResetActiveHigh: 1
IsCombinational: 0
IsDatapathOnly: 0
HasWiredReturn: 1
HasMFsm: 0
HasVarLatency: 1
IsPipeline: 0
IsRtlPipelined: 0
IsInstanceOverlapped: 0
IsDontTouch: 0
HasImplIP: 0
IsGatedGlobalClock: 0


============================================================
+ Verbose Summary: Schedule
============================================================
* Number of FSM states : 6
* Pipeline : 0
* Dataflow Pipeline: 0

* FSM state transitions: 
1 --> 2 
2 --> 3 
3 --> 4 
4 --> 5 
5 --> 6 
6 --> 

* FSM state operations: 

State 1 <SV = 0> <Delay = 0.00>
ST_1 : Operation 7 [1/1] (0.00ns)   --->   "%p_loc62 = alloca i64 1"   --->   Operation 7 'alloca' 'p_loc62' <Predicate = true> <Delay = 0.00>
ST_1 : Operation 8 [1/1] (0.00ns)   --->   "%p_loc61 = alloca i64 1"   --->   Operation 8 'alloca' 'p_loc61' <Predicate = true> <Delay = 0.00>
ST_1 : Operation 9 [1/1] (0.00ns)   --->   "%p_loc60 = alloca i64 1"   --->   Operation 9 'alloca' 'p_loc60' <Predicate = true> <Delay = 0.00>
ST_1 : Operation 10 [1/1] (0.00ns)   --->   "%p_loc59 = alloca i64 1"   --->   Operation 10 'alloca' 'p_loc59' <Predicate = true> <Delay = 0.00>
ST_1 : Operation 11 [1/1] (0.00ns)   --->   "%p_loc58 = alloca i64 1"   --->   Operation 11 'alloca' 'p_loc58' <Predicate = true> <Delay = 0.00>
ST_1 : Operation 12 [1/1] (0.00ns)   --->   "%p_loc57 = alloca i64 1"   --->   Operation 12 'alloca' 'p_loc57' <Predicate = true> <Delay = 0.00>
ST_1 : Operation 13 [1/1] (0.00ns)   --->   "%p_loc56 = alloca i64 1"   --->   Operation 13 'alloca' 'p_loc56' <Predicate = true> <Delay = 0.00>
ST_1 : Operation 14 [1/1] (0.00ns)   --->   "%p_loc55 = alloca i64 1"   --->   Operation 14 'alloca' 'p_loc55' <Predicate = true> <Delay = 0.00>
ST_1 : Operation 15 [1/1] (0.00ns)   --->   "%p_loc54 = alloca i64 1"   --->   Operation 15 'alloca' 'p_loc54' <Predicate = true> <Delay = 0.00>
ST_1 : Operation 16 [1/1] (0.00ns)   --->   "%p_loc53 = alloca i64 1"   --->   Operation 16 'alloca' 'p_loc53' <Predicate = true> <Delay = 0.00>
ST_1 : Operation 17 [1/1] (0.00ns)   --->   "%p_loc52 = alloca i64 1"   --->   Operation 17 'alloca' 'p_loc52' <Predicate = true> <Delay = 0.00>
ST_1 : Operation 18 [1/1] (0.00ns)   --->   "%p_loc51 = alloca i64 1"   --->   Operation 18 'alloca' 'p_loc51' <Predicate = true> <Delay = 0.00>
ST_1 : Operation 19 [1/1] (0.00ns)   --->   "%p_loc50 = alloca i64 1"   --->   Operation 19 'alloca' 'p_loc50' <Predicate = true> <Delay = 0.00>
ST_1 : Operation 20 [1/1] (0.00ns)   --->   "%p_loc49 = alloca i64 1"   --->   Operation 20 'alloca' 'p_loc49' <Predicate = true> <Delay = 0.00>
ST_1 : Operation 21 [1/1] (0.00ns)   --->   "%p_loc48 = alloca i64 1"   --->   Operation 21 'alloca' 'p_loc48' <Predicate = true> <Delay = 0.00>
ST_1 : Operation 22 [1/1] (0.00ns)   --->   "%p_loc47 = alloca i64 1"   --->   Operation 22 'alloca' 'p_loc47' <Predicate = true> <Delay = 0.00>
ST_1 : Operation 23 [1/1] (0.00ns)   --->   "%p_loc46 = alloca i64 1"   --->   Operation 23 'alloca' 'p_loc46' <Predicate = true> <Delay = 0.00>
ST_1 : Operation 24 [1/1] (0.00ns)   --->   "%p_loc45 = alloca i64 1"   --->   Operation 24 'alloca' 'p_loc45' <Predicate = true> <Delay = 0.00>
ST_1 : Operation 25 [1/1] (0.00ns)   --->   "%p_loc44 = alloca i64 1"   --->   Operation 25 'alloca' 'p_loc44' <Predicate = true> <Delay = 0.00>
ST_1 : Operation 26 [1/1] (0.00ns)   --->   "%p_loc43 = alloca i64 1"   --->   Operation 26 'alloca' 'p_loc43' <Predicate = true> <Delay = 0.00>
ST_1 : Operation 27 [1/1] (0.00ns)   --->   "%p_loc42 = alloca i64 1"   --->   Operation 27 'alloca' 'p_loc42' <Predicate = true> <Delay = 0.00>
ST_1 : Operation 28 [1/1] (0.00ns)   --->   "%p_loc41 = alloca i64 1"   --->   Operation 28 'alloca' 'p_loc41' <Predicate = true> <Delay = 0.00>
ST_1 : Operation 29 [1/1] (0.00ns)   --->   "%p_loc40 = alloca i64 1"   --->   Operation 29 'alloca' 'p_loc40' <Predicate = true> <Delay = 0.00>
ST_1 : Operation 30 [1/1] (0.00ns)   --->   "%p_loc39 = alloca i64 1"   --->   Operation 30 'alloca' 'p_loc39' <Predicate = true> <Delay = 0.00>
ST_1 : Operation 31 [1/1] (0.00ns)   --->   "%p_loc38 = alloca i64 1"   --->   Operation 31 'alloca' 'p_loc38' <Predicate = true> <Delay = 0.00>
ST_1 : Operation 32 [1/1] (0.00ns)   --->   "%p_loc37 = alloca i64 1"   --->   Operation 32 'alloca' 'p_loc37' <Predicate = true> <Delay = 0.00>
ST_1 : Operation 33 [1/1] (0.00ns)   --->   "%p_loc36 = alloca i64 1"   --->   Operation 33 'alloca' 'p_loc36' <Predicate = true> <Delay = 0.00>
ST_1 : Operation 34 [1/1] (0.00ns)   --->   "%p_loc35 = alloca i64 1"   --->   Operation 34 'alloca' 'p_loc35' <Predicate = true> <Delay = 0.00>
ST_1 : Operation 35 [1/1] (0.00ns)   --->   "%p_loc34 = alloca i64 1"   --->   Operation 35 'alloca' 'p_loc34' <Predicate = true> <Delay = 0.00>
ST_1 : Operation 36 [1/1] (0.00ns)   --->   "%p_loc33 = alloca i64 1"   --->   Operation 36 'alloca' 'p_loc33' <Predicate = true> <Delay = 0.00>
ST_1 : Operation 37 [1/1] (0.00ns)   --->   "%p_loc32 = alloca i64 1"   --->   Operation 37 'alloca' 'p_loc32' <Predicate = true> <Delay = 0.00>
ST_1 : Operation 38 [1/1] (0.00ns)   --->   "%p_loc = alloca i64 1"   --->   Operation 38 'alloca' 'p_loc' <Predicate = true> <Delay = 0.00>

State 2 <SV = 1> <Delay = 0.51>
ST_2 : Operation 39 [2/2] (0.51ns)   --->   "%call_ln0 = call void @dense_gemv_Pipeline_VITIS_LOOP_25_1, i8 %in_stream, i8 %p_loc, i8 %p_loc32, i8 %p_loc33, i8 %p_loc34, i8 %p_loc35, i8 %p_loc36, i8 %p_loc37, i8 %p_loc38, i8 %p_loc39, i8 %p_loc40, i8 %p_loc41, i8 %p_loc42, i8 %p_loc43, i8 %p_loc44, i8 %p_loc45, i8 %p_loc46, i8 %p_loc47, i8 %p_loc48, i8 %p_loc49, i8 %p_loc50, i8 %p_loc51, i8 %p_loc52, i8 %p_loc53, i8 %p_loc54, i8 %p_loc55, i8 %p_loc56, i8 %p_loc57, i8 %p_loc58, i8 %p_loc59, i8 %p_loc60, i8 %p_loc61, i8 %p_loc62"   --->   Operation 39 'call' 'call_ln0' <Predicate = true> <Delay = 0.51> <CoreType = "Generic">   --->   Generic Core

State 3 <SV = 2> <Delay = 5.16>
ST_3 : Operation 40 [1/2] (5.16ns)   --->   "%call_ln0 = call void @dense_gemv_Pipeline_VITIS_LOOP_25_1, i8 %in_stream, i8 %p_loc, i8 %p_loc32, i8 %p_loc33, i8 %p_loc34, i8 %p_loc35, i8 %p_loc36, i8 %p_loc37, i8 %p_loc38, i8 %p_loc39, i8 %p_loc40, i8 %p_loc41, i8 %p_loc42, i8 %p_loc43, i8 %p_loc44, i8 %p_loc45, i8 %p_loc46, i8 %p_loc47, i8 %p_loc48, i8 %p_loc49, i8 %p_loc50, i8 %p_loc51, i8 %p_loc52, i8 %p_loc53, i8 %p_loc54, i8 %p_loc55, i8 %p_loc56, i8 %p_loc57, i8 %p_loc58, i8 %p_loc59, i8 %p_loc60, i8 %p_loc61, i8 %p_loc62"   --->   Operation 40 'call' 'call_ln0' <Predicate = true> <Delay = 5.16> <CoreType = "Generic">   --->   Generic Core

State 4 <SV = 3> <Delay = 5.31>
ST_4 : Operation 41 [1/1] (1.00ns)   --->   "%num_rows_read = read i32 @_ssdm_op_Read.s_axilite.i32, i32 %num_rows"   --->   Operation 41 'read' 'num_rows_read' <Predicate = true> <Delay = 1.00> <CoreInst = "s_axilite">   --->   Core 112 's_axilite' <Latency = 0> <II = 1> <Delay = 1.00> <Adapter> <Opcode : 'read' 'write'>
ST_4 : Operation 42 [1/1] (0.00ns)   --->   "%p_loc_load = load i8 %p_loc"   --->   Operation 42 'load' 'p_loc_load' <Predicate = true> <Delay = 0.00>
ST_4 : Operation 43 [1/1] (0.00ns)   --->   "%p_loc32_load = load i8 %p_loc32"   --->   Operation 43 'load' 'p_loc32_load' <Predicate = true> <Delay = 0.00>
ST_4 : Operation 44 [1/1] (0.00ns)   --->   "%p_loc33_load = load i8 %p_loc33"   --->   Operation 44 'load' 'p_loc33_load' <Predicate = true> <Delay = 0.00>
ST_4 : Operation 45 [1/1] (0.00ns)   --->   "%p_loc34_load = load i8 %p_loc34"   --->   Operation 45 'load' 'p_loc34_load' <Predicate = true> <Delay = 0.00>
ST_4 : Operation 46 [1/1] (0.00ns)   --->   "%p_loc35_load = load i8 %p_loc35"   --->   Operation 46 'load' 'p_loc35_load' <Predicate = true> <Delay = 0.00>
ST_4 : Operation 47 [1/1] (0.00ns)   --->   "%p_loc36_load = load i8 %p_loc36"   --->   Operation 47 'load' 'p_loc36_load' <Predicate = true> <Delay = 0.00>
ST_4 : Operation 48 [1/1] (0.00ns)   --->   "%p_loc37_load = load i8 %p_loc37"   --->   Operation 48 'load' 'p_loc37_load' <Predicate = true> <Delay = 0.00>
ST_4 : Operation 49 [1/1] (0.00ns)   --->   "%p_loc38_load = load i8 %p_loc38"   --->   Operation 49 'load' 'p_loc38_load' <Predicate = true> <Delay = 0.00>
ST_4 : Operation 50 [1/1] (0.00ns)   --->   "%p_loc39_load = load i8 %p_loc39"   --->   Operation 50 'load' 'p_loc39_load' <Predicate = true> <Delay = 0.00>
ST_4 : Operation 51 [1/1] (0.00ns)   --->   "%p_loc40_load = load i8 %p_loc40"   --->   Operation 51 'load' 'p_loc40_load' <Predicate = true> <Delay = 0.00>
ST_4 : Operation 52 [1/1] (0.00ns)   --->   "%p_loc41_load = load i8 %p_loc41"   --->   Operation 52 'load' 'p_loc41_load' <Predicate = true> <Delay = 0.00>
ST_4 : Operation 53 [1/1] (0.00ns)   --->   "%p_loc42_load = load i8 %p_loc42"   --->   Operation 53 'load' 'p_loc42_load' <Predicate = true> <Delay = 0.00>
ST_4 : Operation 54 [1/1] (0.00ns)   --->   "%p_loc43_load = load i8 %p_loc43"   --->   Operation 54 'load' 'p_loc43_load' <Predicate = true> <Delay = 0.00>
ST_4 : Operation 55 [1/1] (0.00ns)   --->   "%p_loc44_load = load i8 %p_loc44"   --->   Operation 55 'load' 'p_loc44_load' <Predicate = true> <Delay = 0.00>
ST_4 : Operation 56 [1/1] (0.00ns)   --->   "%p_loc45_load = load i8 %p_loc45"   --->   Operation 56 'load' 'p_loc45_load' <Predicate = true> <Delay = 0.00>
ST_4 : Operation 57 [1/1] (0.00ns)   --->   "%p_loc46_load = load i8 %p_loc46"   --->   Operation 57 'load' 'p_loc46_load' <Predicate = true> <Delay = 0.00>
ST_4 : Operation 58 [1/1] (0.00ns)   --->   "%p_loc47_load = load i8 %p_loc47"   --->   Operation 58 'load' 'p_loc47_load' <Predicate = true> <Delay = 0.00>
ST_4 : Operation 59 [1/1] (0.00ns)   --->   "%p_loc48_load = load i8 %p_loc48"   --->   Operation 59 'load' 'p_loc48_load' <Predicate = true> <Delay = 0.00>
ST_4 : Operation 60 [1/1] (0.00ns)   --->   "%p_loc49_load = load i8 %p_loc49"   --->   Operation 60 'load' 'p_loc49_load' <Predicate = true> <Delay = 0.00>
ST_4 : Operation 61 [1/1] (0.00ns)   --->   "%p_loc50_load = load i8 %p_loc50"   --->   Operation 61 'load' 'p_loc50_load' <Predicate = true> <Delay = 0.00>
ST_4 : Operation 62 [1/1] (0.00ns)   --->   "%p_loc51_load = load i8 %p_loc51"   --->   Operation 62 'load' 'p_loc51_load' <Predicate = true> <Delay = 0.00>
ST_4 : Operation 63 [1/1] (0.00ns)   --->   "%p_loc52_load = load i8 %p_loc52"   --->   Operation 63 'load' 'p_loc52_load' <Predicate = true> <Delay = 0.00>
ST_4 : Operation 64 [1/1] (0.00ns)   --->   "%p_loc53_load = load i8 %p_loc53"   --->   Operation 64 'load' 'p_loc53_load' <Predicate = true> <Delay = 0.00>
ST_4 : Operation 65 [1/1] (0.00ns)   --->   "%p_loc54_load = load i8 %p_loc54"   --->   Operation 65 'load' 'p_loc54_load' <Predicate = true> <Delay = 0.00>
ST_4 : Operation 66 [1/1] (0.00ns)   --->   "%p_loc55_load = load i8 %p_loc55"   --->   Operation 66 'load' 'p_loc55_load' <Predicate = true> <Delay = 0.00>
ST_4 : Operation 67 [1/1] (0.00ns)   --->   "%p_loc56_load = load i8 %p_loc56"   --->   Operation 67 'load' 'p_loc56_load' <Predicate = true> <Delay = 0.00>
ST_4 : Operation 68 [1/1] (0.00ns)   --->   "%p_loc57_load = load i8 %p_loc57"   --->   Operation 68 'load' 'p_loc57_load' <Predicate = true> <Delay = 0.00>
ST_4 : Operation 69 [1/1] (0.00ns)   --->   "%p_loc58_load = load i8 %p_loc58"   --->   Operation 69 'load' 'p_loc58_load' <Predicate = true> <Delay = 0.00>
ST_4 : Operation 70 [1/1] (0.00ns)   --->   "%p_loc59_load = load i8 %p_loc59"   --->   Operation 70 'load' 'p_loc59_load' <Predicate = true> <Delay = 0.00>
ST_4 : Operation 71 [1/1] (0.00ns)   --->   "%p_loc60_load = load i8 %p_loc60"   --->   Operation 71 'load' 'p_loc60_load' <Predicate = true> <Delay = 0.00>
ST_4 : Operation 72 [1/1] (0.00ns)   --->   "%p_loc61_load = load i8 %p_loc61"   --->   Operation 72 'load' 'p_loc61_load' <Predicate = true> <Delay = 0.00>
ST_4 : Operation 73 [1/1] (0.00ns)   --->   "%p_loc62_load = load i8 %p_loc62"   --->   Operation 73 'load' 'p_loc62_load' <Predicate = true> <Delay = 0.00>
ST_4 : Operation 74 [2/2] (4.31ns)   --->   "%call_ln0 = call void @dense_gemv_Pipeline_VITIS_LOOP_30_2, i32 %num_rows_read, i32 %weights_0, i32 %weights_1, i32 %weights_2, i32 %weights_3, i32 %weights_4, i32 %weights_5, i32 %weights_6, i32 %weights_7, i32 %weights_8, i32 %weights_9, i32 %weights_10, i32 %weights_11, i32 %weights_12, i32 %weights_13, i32 %weights_14, i32 %weights_15, i32 %weights_16, i32 %weights_17, i32 %weights_18, i32 %weights_19, i32 %weights_20, i32 %weights_21, i32 %weights_22, i32 %weights_23, i32 %weights_24, i32 %weights_25, i32 %weights_26, i32 %weights_27, i32 %weights_28, i32 %weights_29, i32 %weights_30, i32 %weights_31, i8 %p_loc_load, i8 %p_loc32_load, i8 %p_loc33_load, i8 %p_loc34_load, i8 %p_loc35_load, i8 %p_loc36_load, i8 %p_loc37_load, i8 %p_loc38_load, i8 %p_loc39_load, i8 %p_loc40_load, i8 %p_loc41_load, i8 %p_loc42_load, i8 %p_loc43_load, i8 %p_loc44_load, i8 %p_loc45_load, i8 %p_loc46_load, i8 %p_loc47_load, i8 %p_loc48_load, i8 %p_loc49_load, i8 %p_loc50_load, i8 %p_loc51_load, i8 %p_loc52_load, i8 %p_loc53_load, i8 %p_loc54_load, i8 %p_loc55_load, i8 %p_loc56_load, i8 %p_loc57_load, i8 %p_loc58_load, i8 %p_loc59_load, i8 %p_loc60_load, i8 %p_loc62_load, i8 %p_loc61_load, i32 %out_stream"   --->   Operation 74 'call' 'call_ln0' <Predicate = true> <Delay = 4.31> <CoreType = "Generic">   --->   Generic Core

State 5 <SV = 4> <Delay = 5.82>
ST_5 : Operation 75 [1/2] (5.82ns)   --->   "%call_ln0 = call void @dense_gemv_Pipeline_VITIS_LOOP_30_2, i32 %num_rows_read, i32 %weights_0, i32 %weights_1, i32 %weights_2, i32 %weights_3, i32 %weights_4, i32 %weights_5, i32 %weights_6, i32 %weights_7, i32 %weights_8, i32 %weights_9, i32 %weights_10, i32 %weights_11, i32 %weights_12, i32 %weights_13, i32 %weights_14, i32 %weights_15, i32 %weights_16, i32 %weights_17, i32 %weights_18, i32 %weights_19, i32 %weights_20, i32 %weights_21, i32 %weights_22, i32 %weights_23, i32 %weights_24, i32 %weights_25, i32 %weights_26, i32 %weights_27, i32 %weights_28, i32 %weights_29, i32 %weights_30, i32 %weights_31, i8 %p_loc_load, i8 %p_loc32_load, i8 %p_loc33_load, i8 %p_loc34_load, i8 %p_loc35_load, i8 %p_loc36_load, i8 %p_loc37_load, i8 %p_loc38_load, i8 %p_loc39_load, i8 %p_loc40_load, i8 %p_loc41_load, i8 %p_loc42_load, i8 %p_loc43_load, i8 %p_loc44_load, i8 %p_loc45_load, i8 %p_loc46_load, i8 %p_loc47_load, i8 %p_loc48_load, i8 %p_loc49_load, i8 %p_loc50_load, i8 %p_loc51_load, i8 %p_loc52_load, i8 %p_loc53_load, i8 %p_loc54_load, i8 %p_loc55_load, i8 %p_loc56_load, i8 %p_loc57_load, i8 %p_loc58_load, i8 %p_loc59_load, i8 %p_loc60_load, i8 %p_loc62_load, i8 %p_loc61_load, i32 %out_stream"   --->   Operation 75 'call' 'call_ln0' <Predicate = true> <Delay = 5.82> <CoreType = "Generic">   --->   Generic Core

State 6 <SV = 5> <Delay = 0.00>
ST_6 : Operation 76 [1/1] (0.00ns)   --->   "%spectopmodule_ln6 = spectopmodule void @_ssdm_op_SpecTopModule, void @empty_37" [../hls/dense_gemv.cpp:6]   --->   Operation 76 'spectopmodule' 'spectopmodule_ln6' <Predicate = true> <Delay = 0.00>
ST_6 : Operation 77 [1/1] (0.00ns)   --->   "%specinterface_ln0 = specinterface void @_ssdm_op_SpecInterface, i8 %in_stream, void @empty_31, i32 1, i32 1, void @empty_40, i32 0, i32 0, void @empty, void @empty, void @empty, i32 0, i32 0, i32 0, i32 0, void @empty, void @empty, i32 4294967295, i32 0, i32 0, i32 0"   --->   Operation 77 'specinterface' 'specinterface_ln0' <Predicate = true> <Delay = 0.00>
ST_6 : Operation 78 [1/1] (0.00ns)   --->   "%specbitsmap_ln0 = specbitsmap void @_ssdm_op_SpecBitsMap, i8 %in_stream"   --->   Operation 78 'specbitsmap' 'specbitsmap_ln0' <Predicate = true> <Delay = 0.00>
ST_6 : Operation 79 [1/1] (0.00ns)   --->   "%specinterface_ln0 = specinterface void @_ssdm_op_SpecInterface, i32 %weights_0, void @empty_0, i32 0, i32 0, void @empty, i32 0, i32 0, void @empty_1, void @empty_2, void @empty, i32 0, i32 0, i32 0, i32 0, void @empty, void @empty, i32 4294967295, i32 0, i32 0, i32 0"   --->   Operation 79 'specinterface' 'specinterface_ln0' <Predicate = true> <Delay = 0.00>
ST_6 : Operation 80 [1/1] (0.00ns)   --->   "%specinterface_ln0 = specinterface void @_ssdm_op_SpecInterface, i32 %weights_0, void @empty_3, i32 0, i32 0, void @empty, i32 1, i32 0, void @empty, void @empty, void @empty, i32 0, i32 0, i32 0, i32 0, void @empty, void @empty, i32 4294967295, i32 0, i32 0, i32 0"   --->   Operation 80 'specinterface' 'specinterface_ln0' <Predicate = true> <Delay = 0.00>
ST_6 : Operation 81 [1/1] (0.00ns)   --->   "%specmemcore_ln0 = specmemcore void @_ssdm_op_SpecMemCore, i32 %weights_0, i64 666, i64 207, i64 1, i1 0"   --->   Operation 81 'specmemcore' 'specmemcore_ln0' <Predicate = true> <Delay = 0.00>
ST_6 : Operation 82 [1/1] (0.00ns)   --->   "%specbitsmap_ln0 = specbitsmap void @_ssdm_op_SpecBitsMap, i32 %weights_0"   --->   Operation 82 'specbitsmap' 'specbitsmap_ln0' <Predicate = true> <Delay = 0.00>
ST_6 : Operation 83 [1/1] (0.00ns)   --->   "%specinterface_ln0 = specinterface void @_ssdm_op_SpecInterface, i32 %weights_1, void @empty_0, i32 0, i32 0, void @empty, i32 0, i32 0, void @empty_1, void @empty_4, void @empty, i32 0, i32 0, i32 0, i32 0, void @empty, void @empty, i32 4294967295, i32 0, i32 0, i32 0"   --->   Operation 83 'specinterface' 'specinterface_ln0' <Predicate = true> <Delay = 0.00>
ST_6 : Operation 84 [1/1] (0.00ns)   --->   "%specinterface_ln0 = specinterface void @_ssdm_op_SpecInterface, i32 %weights_1, void @empty_3, i32 0, i32 0, void @empty, i32 1, i32 0, void @empty, void @empty, void @empty, i32 0, i32 0, i32 0, i32 0, void @empty, void @empty, i32 4294967295, i32 0, i32 0, i32 0"   --->   Operation 84 'specinterface' 'specinterface_ln0' <Predicate = true> <Delay = 0.00>
ST_6 : Operation 85 [1/1] (0.00ns)   --->   "%specmemcore_ln0 = specmemcore void @_ssdm_op_SpecMemCore, i32 %weights_1, i64 666, i64 207, i64 1, i1 0"   --->   Operation 85 'specmemcore' 'specmemcore_ln0' <Predicate = true> <Delay = 0.00>
ST_6 : Operation 86 [1/1] (0.00ns)   --->   "%specbitsmap_ln0 = specbitsmap void @_ssdm_op_SpecBitsMap, i32 %weights_1"   --->   Operation 86 'specbitsmap' 'specbitsmap_ln0' <Predicate = true> <Delay = 0.00>
ST_6 : Operation 87 [1/1] (0.00ns)   --->   "%specinterface_ln0 = specinterface void @_ssdm_op_SpecInterface, i32 %weights_2, void @empty_0, i32 0, i32 0, void @empty, i32 0, i32 0, void @empty_1, void @empty_5, void @empty, i32 0, i32 0, i32 0, i32 0, void @empty, void @empty, i32 4294967295, i32 0, i32 0, i32 0"   --->   Operation 87 'specinterface' 'specinterface_ln0' <Predicate = true> <Delay = 0.00>
ST_6 : Operation 88 [1/1] (0.00ns)   --->   "%specinterface_ln0 = specinterface void @_ssdm_op_SpecInterface, i32 %weights_2, void @empty_3, i32 0, i32 0, void @empty, i32 1, i32 0, void @empty, void @empty, void @empty, i32 0, i32 0, i32 0, i32 0, void @empty, void @empty, i32 4294967295, i32 0, i32 0, i32 0"   --->   Operation 88 'specinterface' 'specinterface_ln0' <Predicate = true> <Delay = 0.00>
ST_6 : Operation 89 [1/1] (0.00ns)   --->   "%specmemcore_ln0 = specmemcore void @_ssdm_op_SpecMemCore, i32 %weights_2, i64 666, i64 207, i64 1, i1 0"   --->   Operation 89 'specmemcore' 'specmemcore_ln0' <Predicate = true> <Delay = 0.00>
ST_6 : Operation 90 [1/1] (0.00ns)   --->   "%specbitsmap_ln0 = specbitsmap void @_ssdm_op_SpecBitsMap, i32 %weights_2"   --->   Operation 90 'specbitsmap' 'specbitsmap_ln0' <Predicate = true> <Delay = 0.00>
ST_6 : Operation 91 [1/1] (0.00ns)   --->   "%specinterface_ln0 = specinterface void @_ssdm_op_SpecInterface, i32 %weights_3, void @empty_0, i32 0, i32 0, void @empty, i32 0, i32 0, void @empty_1, void @empty_6, void @empty, i32 0, i32 0, i32 0, i32 0, void @empty, void @empty, i32 4294967295, i32 0, i32 0, i32 0"   --->   Operation 91 'specinterface' 'specinterface_ln0' <Predicate = true> <Delay = 0.00>
ST_6 : Operation 92 [1/1] (0.00ns)   --->   "%specinterface_ln0 = specinterface void @_ssdm_op_SpecInterface, i32 %weights_3, void @empty_3, i32 0, i32 0, void @empty, i32 1, i32 0, void @empty, void @empty, void @empty, i32 0, i32 0, i32 0, i32 0, void @empty, void @empty, i32 4294967295, i32 0, i32 0, i32 0"   --->   Operation 92 'specinterface' 'specinterface_ln0' <Predicate = true> <Delay = 0.00>
ST_6 : Operation 93 [1/1] (0.00ns)   --->   "%specmemcore_ln0 = specmemcore void @_ssdm_op_SpecMemCore, i32 %weights_3, i64 666, i64 207, i64 1, i1 0"   --->   Operation 93 'specmemcore' 'specmemcore_ln0' <Predicate = true> <Delay = 0.00>
ST_6 : Operation 94 [1/1] (0.00ns)   --->   "%specbitsmap_ln0 = specbitsmap void @_ssdm_op_SpecBitsMap, i32 %weights_3"   --->   Operation 94 'specbitsmap' 'specbitsmap_ln0' <Predicate = true> <Delay = 0.00>
ST_6 : Operation 95 [1/1] (0.00ns)   --->   "%specinterface_ln0 = specinterface void @_ssdm_op_SpecInterface, i32 %weights_4, void @empty_0, i32 0, i32 0, void @empty, i32 0, i32 0, void @empty_1, void @empty_7, void @empty, i32 0, i32 0, i32 0, i32 0, void @empty, void @empty, i32 4294967295, i32 0, i32 0, i32 0"   --->   Operation 95 'specinterface' 'specinterface_ln0' <Predicate = true> <Delay = 0.00>
ST_6 : Operation 96 [1/1] (0.00ns)   --->   "%specinterface_ln0 = specinterface void @_ssdm_op_SpecInterface, i32 %weights_4, void @empty_3, i32 0, i32 0, void @empty, i32 1, i32 0, void @empty, void @empty, void @empty, i32 0, i32 0, i32 0, i32 0, void @empty, void @empty, i32 4294967295, i32 0, i32 0, i32 0"   --->   Operation 96 'specinterface' 'specinterface_ln0' <Predicate = true> <Delay = 0.00>
ST_6 : Operation 97 [1/1] (0.00ns)   --->   "%specmemcore_ln0 = specmemcore void @_ssdm_op_SpecMemCore, i32 %weights_4, i64 666, i64 207, i64 1, i1 0"   --->   Operation 97 'specmemcore' 'specmemcore_ln0' <Predicate = true> <Delay = 0.00>
ST_6 : Operation 98 [1/1] (0.00ns)   --->   "%specbitsmap_ln0 = specbitsmap void @_ssdm_op_SpecBitsMap, i32 %weights_4"   --->   Operation 98 'specbitsmap' 'specbitsmap_ln0' <Predicate = true> <Delay = 0.00>
ST_6 : Operation 99 [1/1] (0.00ns)   --->   "%specinterface_ln0 = specinterface void @_ssdm_op_SpecInterface, i32 %weights_5, void @empty_0, i32 0, i32 0, void @empty, i32 0, i32 0, void @empty_1, void @empty_8, void @empty, i32 0, i32 0, i32 0, i32 0, void @empty, void @empty, i32 4294967295, i32 0, i32 0, i32 0"   --->   Operation 99 'specinterface' 'specinterface_ln0' <Predicate = true> <Delay = 0.00>
ST_6 : Operation 100 [1/1] (0.00ns)   --->   "%specinterface_ln0 = specinterface void @_ssdm_op_SpecInterface, i32 %weights_5, void @empty_3, i32 0, i32 0, void @empty, i32 1, i32 0, void @empty, void @empty, void @empty, i32 0, i32 0, i32 0, i32 0, void @empty, void @empty, i32 4294967295, i32 0, i32 0, i32 0"   --->   Operation 100 'specinterface' 'specinterface_ln0' <Predicate = true> <Delay = 0.00>
ST_6 : Operation 101 [1/1] (0.00ns)   --->   "%specmemcore_ln0 = specmemcore void @_ssdm_op_SpecMemCore, i32 %weights_5, i64 666, i64 207, i64 1, i1 0"   --->   Operation 101 'specmemcore' 'specmemcore_ln0' <Predicate = true> <Delay = 0.00>
ST_6 : Operation 102 [1/1] (0.00ns)   --->   "%specbitsmap_ln0 = specbitsmap void @_ssdm_op_SpecBitsMap, i32 %weights_5"   --->   Operation 102 'specbitsmap' 'specbitsmap_ln0' <Predicate = true> <Delay = 0.00>
ST_6 : Operation 103 [1/1] (0.00ns)   --->   "%specinterface_ln0 = specinterface void @_ssdm_op_SpecInterface, i32 %weights_6, void @empty_0, i32 0, i32 0, void @empty, i32 0, i32 0, void @empty_1, void @empty_9, void @empty, i32 0, i32 0, i32 0, i32 0, void @empty, void @empty, i32 4294967295, i32 0, i32 0, i32 0"   --->   Operation 103 'specinterface' 'specinterface_ln0' <Predicate = true> <Delay = 0.00>
ST_6 : Operation 104 [1/1] (0.00ns)   --->   "%specinterface_ln0 = specinterface void @_ssdm_op_SpecInterface, i32 %weights_6, void @empty_3, i32 0, i32 0, void @empty, i32 1, i32 0, void @empty, void @empty, void @empty, i32 0, i32 0, i32 0, i32 0, void @empty, void @empty, i32 4294967295, i32 0, i32 0, i32 0"   --->   Operation 104 'specinterface' 'specinterface_ln0' <Predicate = true> <Delay = 0.00>
ST_6 : Operation 105 [1/1] (0.00ns)   --->   "%specmemcore_ln0 = specmemcore void @_ssdm_op_SpecMemCore, i32 %weights_6, i64 666, i64 207, i64 1, i1 0"   --->   Operation 105 'specmemcore' 'specmemcore_ln0' <Predicate = true> <Delay = 0.00>
ST_6 : Operation 106 [1/1] (0.00ns)   --->   "%specbitsmap_ln0 = specbitsmap void @_ssdm_op_SpecBitsMap, i32 %weights_6"   --->   Operation 106 'specbitsmap' 'specbitsmap_ln0' <Predicate = true> <Delay = 0.00>
ST_6 : Operation 107 [1/1] (0.00ns)   --->   "%specinterface_ln0 = specinterface void @_ssdm_op_SpecInterface, i32 %weights_7, void @empty_0, i32 0, i32 0, void @empty, i32 0, i32 0, void @empty_1, void @empty_10, void @empty, i32 0, i32 0, i32 0, i32 0, void @empty, void @empty, i32 4294967295, i32 0, i32 0, i32 0"   --->   Operation 107 'specinterface' 'specinterface_ln0' <Predicate = true> <Delay = 0.00>
ST_6 : Operation 108 [1/1] (0.00ns)   --->   "%specinterface_ln0 = specinterface void @_ssdm_op_SpecInterface, i32 %weights_7, void @empty_3, i32 0, i32 0, void @empty, i32 1, i32 0, void @empty, void @empty, void @empty, i32 0, i32 0, i32 0, i32 0, void @empty, void @empty, i32 4294967295, i32 0, i32 0, i32 0"   --->   Operation 108 'specinterface' 'specinterface_ln0' <Predicate = true> <Delay = 0.00>
ST_6 : Operation 109 [1/1] (0.00ns)   --->   "%specmemcore_ln0 = specmemcore void @_ssdm_op_SpecMemCore, i32 %weights_7, i64 666, i64 207, i64 1, i1 0"   --->   Operation 109 'specmemcore' 'specmemcore_ln0' <Predicate = true> <Delay = 0.00>
ST_6 : Operation 110 [1/1] (0.00ns)   --->   "%specbitsmap_ln0 = specbitsmap void @_ssdm_op_SpecBitsMap, i32 %weights_7"   --->   Operation 110 'specbitsmap' 'specbitsmap_ln0' <Predicate = true> <Delay = 0.00>
ST_6 : Operation 111 [1/1] (0.00ns)   --->   "%specinterface_ln0 = specinterface void @_ssdm_op_SpecInterface, i32 %weights_8, void @empty_0, i32 0, i32 0, void @empty, i32 0, i32 0, void @empty_1, void @empty_11, void @empty, i32 0, i32 0, i32 0, i32 0, void @empty, void @empty, i32 4294967295, i32 0, i32 0, i32 0"   --->   Operation 111 'specinterface' 'specinterface_ln0' <Predicate = true> <Delay = 0.00>
ST_6 : Operation 112 [1/1] (0.00ns)   --->   "%specinterface_ln0 = specinterface void @_ssdm_op_SpecInterface, i32 %weights_8, void @empty_3, i32 0, i32 0, void @empty, i32 1, i32 0, void @empty, void @empty, void @empty, i32 0, i32 0, i32 0, i32 0, void @empty, void @empty, i32 4294967295, i32 0, i32 0, i32 0"   --->   Operation 112 'specinterface' 'specinterface_ln0' <Predicate = true> <Delay = 0.00>
ST_6 : Operation 113 [1/1] (0.00ns)   --->   "%specmemcore_ln0 = specmemcore void @_ssdm_op_SpecMemCore, i32 %weights_8, i64 666, i64 207, i64 1, i1 0"   --->   Operation 113 'specmemcore' 'specmemcore_ln0' <Predicate = true> <Delay = 0.00>
ST_6 : Operation 114 [1/1] (0.00ns)   --->   "%specbitsmap_ln0 = specbitsmap void @_ssdm_op_SpecBitsMap, i32 %weights_8"   --->   Operation 114 'specbitsmap' 'specbitsmap_ln0' <Predicate = true> <Delay = 0.00>
ST_6 : Operation 115 [1/1] (0.00ns)   --->   "%specinterface_ln0 = specinterface void @_ssdm_op_SpecInterface, i32 %weights_9, void @empty_0, i32 0, i32 0, void @empty, i32 0, i32 0, void @empty_1, void @empty_12, void @empty, i32 0, i32 0, i32 0, i32 0, void @empty, void @empty, i32 4294967295, i32 0, i32 0, i32 0"   --->   Operation 115 'specinterface' 'specinterface_ln0' <Predicate = true> <Delay = 0.00>
ST_6 : Operation 116 [1/1] (0.00ns)   --->   "%specinterface_ln0 = specinterface void @_ssdm_op_SpecInterface, i32 %weights_9, void @empty_3, i32 0, i32 0, void @empty, i32 1, i32 0, void @empty, void @empty, void @empty, i32 0, i32 0, i32 0, i32 0, void @empty, void @empty, i32 4294967295, i32 0, i32 0, i32 0"   --->   Operation 116 'specinterface' 'specinterface_ln0' <Predicate = true> <Delay = 0.00>
ST_6 : Operation 117 [1/1] (0.00ns)   --->   "%specmemcore_ln0 = specmemcore void @_ssdm_op_SpecMemCore, i32 %weights_9, i64 666, i64 207, i64 1, i1 0"   --->   Operation 117 'specmemcore' 'specmemcore_ln0' <Predicate = true> <Delay = 0.00>
ST_6 : Operation 118 [1/1] (0.00ns)   --->   "%specbitsmap_ln0 = specbitsmap void @_ssdm_op_SpecBitsMap, i32 %weights_9"   --->   Operation 118 'specbitsmap' 'specbitsmap_ln0' <Predicate = true> <Delay = 0.00>
ST_6 : Operation 119 [1/1] (0.00ns)   --->   "%specinterface_ln0 = specinterface void @_ssdm_op_SpecInterface, i32 %weights_10, void @empty_0, i32 0, i32 0, void @empty, i32 0, i32 0, void @empty_1, void @empty_13, void @empty, i32 0, i32 0, i32 0, i32 0, void @empty, void @empty, i32 4294967295, i32 0, i32 0, i32 0"   --->   Operation 119 'specinterface' 'specinterface_ln0' <Predicate = true> <Delay = 0.00>
ST_6 : Operation 120 [1/1] (0.00ns)   --->   "%specinterface_ln0 = specinterface void @_ssdm_op_SpecInterface, i32 %weights_10, void @empty_3, i32 0, i32 0, void @empty, i32 1, i32 0, void @empty, void @empty, void @empty, i32 0, i32 0, i32 0, i32 0, void @empty, void @empty, i32 4294967295, i32 0, i32 0, i32 0"   --->   Operation 120 'specinterface' 'specinterface_ln0' <Predicate = true> <Delay = 0.00>
ST_6 : Operation 121 [1/1] (0.00ns)   --->   "%specmemcore_ln0 = specmemcore void @_ssdm_op_SpecMemCore, i32 %weights_10, i64 666, i64 207, i64 1, i1 0"   --->   Operation 121 'specmemcore' 'specmemcore_ln0' <Predicate = true> <Delay = 0.00>
ST_6 : Operation 122 [1/1] (0.00ns)   --->   "%specbitsmap_ln0 = specbitsmap void @_ssdm_op_SpecBitsMap, i32 %weights_10"   --->   Operation 122 'specbitsmap' 'specbitsmap_ln0' <Predicate = true> <Delay = 0.00>
ST_6 : Operation 123 [1/1] (0.00ns)   --->   "%specinterface_ln0 = specinterface void @_ssdm_op_SpecInterface, i32 %weights_11, void @empty_0, i32 0, i32 0, void @empty, i32 0, i32 0, void @empty_1, void @empty_14, void @empty, i32 0, i32 0, i32 0, i32 0, void @empty, void @empty, i32 4294967295, i32 0, i32 0, i32 0"   --->   Operation 123 'specinterface' 'specinterface_ln0' <Predicate = true> <Delay = 0.00>
ST_6 : Operation 124 [1/1] (0.00ns)   --->   "%specinterface_ln0 = specinterface void @_ssdm_op_SpecInterface, i32 %weights_11, void @empty_3, i32 0, i32 0, void @empty, i32 1, i32 0, void @empty, void @empty, void @empty, i32 0, i32 0, i32 0, i32 0, void @empty, void @empty, i32 4294967295, i32 0, i32 0, i32 0"   --->   Operation 124 'specinterface' 'specinterface_ln0' <Predicate = true> <Delay = 0.00>
ST_6 : Operation 125 [1/1] (0.00ns)   --->   "%specmemcore_ln0 = specmemcore void @_ssdm_op_SpecMemCore, i32 %weights_11, i64 666, i64 207, i64 1, i1 0"   --->   Operation 125 'specmemcore' 'specmemcore_ln0' <Predicate = true> <Delay = 0.00>
ST_6 : Operation 126 [1/1] (0.00ns)   --->   "%specbitsmap_ln0 = specbitsmap void @_ssdm_op_SpecBitsMap, i32 %weights_11"   --->   Operation 126 'specbitsmap' 'specbitsmap_ln0' <Predicate = true> <Delay = 0.00>
ST_6 : Operation 127 [1/1] (0.00ns)   --->   "%specinterface_ln0 = specinterface void @_ssdm_op_SpecInterface, i32 %weights_12, void @empty_0, i32 0, i32 0, void @empty, i32 0, i32 0, void @empty_1, void @empty_15, void @empty, i32 0, i32 0, i32 0, i32 0, void @empty, void @empty, i32 4294967295, i32 0, i32 0, i32 0"   --->   Operation 127 'specinterface' 'specinterface_ln0' <Predicate = true> <Delay = 0.00>
ST_6 : Operation 128 [1/1] (0.00ns)   --->   "%specinterface_ln0 = specinterface void @_ssdm_op_SpecInterface, i32 %weights_12, void @empty_3, i32 0, i32 0, void @empty, i32 1, i32 0, void @empty, void @empty, void @empty, i32 0, i32 0, i32 0, i32 0, void @empty, void @empty, i32 4294967295, i32 0, i32 0, i32 0"   --->   Operation 128 'specinterface' 'specinterface_ln0' <Predicate = true> <Delay = 0.00>
ST_6 : Operation 129 [1/1] (0.00ns)   --->   "%specmemcore_ln0 = specmemcore void @_ssdm_op_SpecMemCore, i32 %weights_12, i64 666, i64 207, i64 1, i1 0"   --->   Operation 129 'specmemcore' 'specmemcore_ln0' <Predicate = true> <Delay = 0.00>
ST_6 : Operation 130 [1/1] (0.00ns)   --->   "%specbitsmap_ln0 = specbitsmap void @_ssdm_op_SpecBitsMap, i32 %weights_12"   --->   Operation 130 'specbitsmap' 'specbitsmap_ln0' <Predicate = true> <Delay = 0.00>
ST_6 : Operation 131 [1/1] (0.00ns)   --->   "%specinterface_ln0 = specinterface void @_ssdm_op_SpecInterface, i32 %weights_13, void @empty_0, i32 0, i32 0, void @empty, i32 0, i32 0, void @empty_1, void @empty_16, void @empty, i32 0, i32 0, i32 0, i32 0, void @empty, void @empty, i32 4294967295, i32 0, i32 0, i32 0"   --->   Operation 131 'specinterface' 'specinterface_ln0' <Predicate = true> <Delay = 0.00>
ST_6 : Operation 132 [1/1] (0.00ns)   --->   "%specinterface_ln0 = specinterface void @_ssdm_op_SpecInterface, i32 %weights_13, void @empty_3, i32 0, i32 0, void @empty, i32 1, i32 0, void @empty, void @empty, void @empty, i32 0, i32 0, i32 0, i32 0, void @empty, void @empty, i32 4294967295, i32 0, i32 0, i32 0"   --->   Operation 132 'specinterface' 'specinterface_ln0' <Predicate = true> <Delay = 0.00>
ST_6 : Operation 133 [1/1] (0.00ns)   --->   "%specmemcore_ln0 = specmemcore void @_ssdm_op_SpecMemCore, i32 %weights_13, i64 666, i64 207, i64 1, i1 0"   --->   Operation 133 'specmemcore' 'specmemcore_ln0' <Predicate = true> <Delay = 0.00>
ST_6 : Operation 134 [1/1] (0.00ns)   --->   "%specbitsmap_ln0 = specbitsmap void @_ssdm_op_SpecBitsMap, i32 %weights_13"   --->   Operation 134 'specbitsmap' 'specbitsmap_ln0' <Predicate = true> <Delay = 0.00>
ST_6 : Operation 135 [1/1] (0.00ns)   --->   "%specinterface_ln0 = specinterface void @_ssdm_op_SpecInterface, i32 %weights_14, void @empty_0, i32 0, i32 0, void @empty, i32 0, i32 0, void @empty_1, void @empty_17, void @empty, i32 0, i32 0, i32 0, i32 0, void @empty, void @empty, i32 4294967295, i32 0, i32 0, i32 0"   --->   Operation 135 'specinterface' 'specinterface_ln0' <Predicate = true> <Delay = 0.00>
ST_6 : Operation 136 [1/1] (0.00ns)   --->   "%specinterface_ln0 = specinterface void @_ssdm_op_SpecInterface, i32 %weights_14, void @empty_3, i32 0, i32 0, void @empty, i32 1, i32 0, void @empty, void @empty, void @empty, i32 0, i32 0, i32 0, i32 0, void @empty, void @empty, i32 4294967295, i32 0, i32 0, i32 0"   --->   Operation 136 'specinterface' 'specinterface_ln0' <Predicate = true> <Delay = 0.00>
ST_6 : Operation 137 [1/1] (0.00ns)   --->   "%specmemcore_ln0 = specmemcore void @_ssdm_op_SpecMemCore, i32 %weights_14, i64 666, i64 207, i64 1, i1 0"   --->   Operation 137 'specmemcore' 'specmemcore_ln0' <Predicate = true> <Delay = 0.00>
ST_6 : Operation 138 [1/1] (0.00ns)   --->   "%specbitsmap_ln0 = specbitsmap void @_ssdm_op_SpecBitsMap, i32 %weights_14"   --->   Operation 138 'specbitsmap' 'specbitsmap_ln0' <Predicate = true> <Delay = 0.00>
ST_6 : Operation 139 [1/1] (0.00ns)   --->   "%specinterface_ln0 = specinterface void @_ssdm_op_SpecInterface, i32 %weights_15, void @empty_0, i32 0, i32 0, void @empty, i32 0, i32 0, void @empty_1, void @empty_18, void @empty, i32 0, i32 0, i32 0, i32 0, void @empty, void @empty, i32 4294967295, i32 0, i32 0, i32 0"   --->   Operation 139 'specinterface' 'specinterface_ln0' <Predicate = true> <Delay = 0.00>
ST_6 : Operation 140 [1/1] (0.00ns)   --->   "%specinterface_ln0 = specinterface void @_ssdm_op_SpecInterface, i32 %weights_15, void @empty_3, i32 0, i32 0, void @empty, i32 1, i32 0, void @empty, void @empty, void @empty, i32 0, i32 0, i32 0, i32 0, void @empty, void @empty, i32 4294967295, i32 0, i32 0, i32 0"   --->   Operation 140 'specinterface' 'specinterface_ln0' <Predicate = true> <Delay = 0.00>
ST_6 : Operation 141 [1/1] (0.00ns)   --->   "%specmemcore_ln0 = specmemcore void @_ssdm_op_SpecMemCore, i32 %weights_15, i64 666, i64 207, i64 1, i1 0"   --->   Operation 141 'specmemcore' 'specmemcore_ln0' <Predicate = true> <Delay = 0.00>
ST_6 : Operation 142 [1/1] (0.00ns)   --->   "%specbitsmap_ln0 = specbitsmap void @_ssdm_op_SpecBitsMap, i32 %weights_15"   --->   Operation 142 'specbitsmap' 'specbitsmap_ln0' <Predicate = true> <Delay = 0.00>
ST_6 : Operation 143 [1/1] (0.00ns)   --->   "%specinterface_ln0 = specinterface void @_ssdm_op_SpecInterface, i32 %weights_16, void @empty_0, i32 0, i32 0, void @empty, i32 0, i32 0, void @empty_1, void @empty_19, void @empty, i32 0, i32 0, i32 0, i32 0, void @empty, void @empty, i32 4294967295, i32 0, i32 0, i32 0"   --->   Operation 143 'specinterface' 'specinterface_ln0' <Predicate = true> <Delay = 0.00>
ST_6 : Operation 144 [1/1] (0.00ns)   --->   "%specinterface_ln0 = specinterface void @_ssdm_op_SpecInterface, i32 %weights_16, void @empty_3, i32 0, i32 0, void @empty, i32 1, i32 0, void @empty, void @empty, void @empty, i32 0, i32 0, i32 0, i32 0, void @empty, void @empty, i32 4294967295, i32 0, i32 0, i32 0"   --->   Operation 144 'specinterface' 'specinterface_ln0' <Predicate = true> <Delay = 0.00>
ST_6 : Operation 145 [1/1] (0.00ns)   --->   "%specmemcore_ln0 = specmemcore void @_ssdm_op_SpecMemCore, i32 %weights_16, i64 666, i64 207, i64 1, i1 0"   --->   Operation 145 'specmemcore' 'specmemcore_ln0' <Predicate = true> <Delay = 0.00>
ST_6 : Operation 146 [1/1] (0.00ns)   --->   "%specbitsmap_ln0 = specbitsmap void @_ssdm_op_SpecBitsMap, i32 %weights_16"   --->   Operation 146 'specbitsmap' 'specbitsmap_ln0' <Predicate = true> <Delay = 0.00>
ST_6 : Operation 147 [1/1] (0.00ns)   --->   "%specinterface_ln0 = specinterface void @_ssdm_op_SpecInterface, i32 %weights_17, void @empty_0, i32 0, i32 0, void @empty, i32 0, i32 0, void @empty_1, void @empty_20, void @empty, i32 0, i32 0, i32 0, i32 0, void @empty, void @empty, i32 4294967295, i32 0, i32 0, i32 0"   --->   Operation 147 'specinterface' 'specinterface_ln0' <Predicate = true> <Delay = 0.00>
ST_6 : Operation 148 [1/1] (0.00ns)   --->   "%specinterface_ln0 = specinterface void @_ssdm_op_SpecInterface, i32 %weights_17, void @empty_3, i32 0, i32 0, void @empty, i32 1, i32 0, void @empty, void @empty, void @empty, i32 0, i32 0, i32 0, i32 0, void @empty, void @empty, i32 4294967295, i32 0, i32 0, i32 0"   --->   Operation 148 'specinterface' 'specinterface_ln0' <Predicate = true> <Delay = 0.00>
ST_6 : Operation 149 [1/1] (0.00ns)   --->   "%specmemcore_ln0 = specmemcore void @_ssdm_op_SpecMemCore, i32 %weights_17, i64 666, i64 207, i64 1, i1 0"   --->   Operation 149 'specmemcore' 'specmemcore_ln0' <Predicate = true> <Delay = 0.00>
ST_6 : Operation 150 [1/1] (0.00ns)   --->   "%specbitsmap_ln0 = specbitsmap void @_ssdm_op_SpecBitsMap, i32 %weights_17"   --->   Operation 150 'specbitsmap' 'specbitsmap_ln0' <Predicate = true> <Delay = 0.00>
ST_6 : Operation 151 [1/1] (0.00ns)   --->   "%specinterface_ln0 = specinterface void @_ssdm_op_SpecInterface, i32 %weights_18, void @empty_0, i32 0, i32 0, void @empty, i32 0, i32 0, void @empty_1, void @empty_21, void @empty, i32 0, i32 0, i32 0, i32 0, void @empty, void @empty, i32 4294967295, i32 0, i32 0, i32 0"   --->   Operation 151 'specinterface' 'specinterface_ln0' <Predicate = true> <Delay = 0.00>
ST_6 : Operation 152 [1/1] (0.00ns)   --->   "%specinterface_ln0 = specinterface void @_ssdm_op_SpecInterface, i32 %weights_18, void @empty_3, i32 0, i32 0, void @empty, i32 1, i32 0, void @empty, void @empty, void @empty, i32 0, i32 0, i32 0, i32 0, void @empty, void @empty, i32 4294967295, i32 0, i32 0, i32 0"   --->   Operation 152 'specinterface' 'specinterface_ln0' <Predicate = true> <Delay = 0.00>
ST_6 : Operation 153 [1/1] (0.00ns)   --->   "%specmemcore_ln0 = specmemcore void @_ssdm_op_SpecMemCore, i32 %weights_18, i64 666, i64 207, i64 1, i1 0"   --->   Operation 153 'specmemcore' 'specmemcore_ln0' <Predicate = true> <Delay = 0.00>
ST_6 : Operation 154 [1/1] (0.00ns)   --->   "%specbitsmap_ln0 = specbitsmap void @_ssdm_op_SpecBitsMap, i32 %weights_18"   --->   Operation 154 'specbitsmap' 'specbitsmap_ln0' <Predicate = true> <Delay = 0.00>
ST_6 : Operation 155 [1/1] (0.00ns)   --->   "%specinterface_ln0 = specinterface void @_ssdm_op_SpecInterface, i32 %weights_19, void @empty_0, i32 0, i32 0, void @empty, i32 0, i32 0, void @empty_1, void @empty_22, void @empty, i32 0, i32 0, i32 0, i32 0, void @empty, void @empty, i32 4294967295, i32 0, i32 0, i32 0"   --->   Operation 155 'specinterface' 'specinterface_ln0' <Predicate = true> <Delay = 0.00>
ST_6 : Operation 156 [1/1] (0.00ns)   --->   "%specinterface_ln0 = specinterface void @_ssdm_op_SpecInterface, i32 %weights_19, void @empty_3, i32 0, i32 0, void @empty, i32 1, i32 0, void @empty, void @empty, void @empty, i32 0, i32 0, i32 0, i32 0, void @empty, void @empty, i32 4294967295, i32 0, i32 0, i32 0"   --->   Operation 156 'specinterface' 'specinterface_ln0' <Predicate = true> <Delay = 0.00>
ST_6 : Operation 157 [1/1] (0.00ns)   --->   "%specmemcore_ln0 = specmemcore void @_ssdm_op_SpecMemCore, i32 %weights_19, i64 666, i64 207, i64 1, i1 0"   --->   Operation 157 'specmemcore' 'specmemcore_ln0' <Predicate = true> <Delay = 0.00>
ST_6 : Operation 158 [1/1] (0.00ns)   --->   "%specbitsmap_ln0 = specbitsmap void @_ssdm_op_SpecBitsMap, i32 %weights_19"   --->   Operation 158 'specbitsmap' 'specbitsmap_ln0' <Predicate = true> <Delay = 0.00>
ST_6 : Operation 159 [1/1] (0.00ns)   --->   "%specinterface_ln0 = specinterface void @_ssdm_op_SpecInterface, i32 %weights_20, void @empty_0, i32 0, i32 0, void @empty, i32 0, i32 0, void @empty_1, void @empty_23, void @empty, i32 0, i32 0, i32 0, i32 0, void @empty, void @empty, i32 4294967295, i32 0, i32 0, i32 0"   --->   Operation 159 'specinterface' 'specinterface_ln0' <Predicate = true> <Delay = 0.00>
ST_6 : Operation 160 [1/1] (0.00ns)   --->   "%specinterface_ln0 = specinterface void @_ssdm_op_SpecInterface, i32 %weights_20, void @empty_3, i32 0, i32 0, void @empty, i32 1, i32 0, void @empty, void @empty, void @empty, i32 0, i32 0, i32 0, i32 0, void @empty, void @empty, i32 4294967295, i32 0, i32 0, i32 0"   --->   Operation 160 'specinterface' 'specinterface_ln0' <Predicate = true> <Delay = 0.00>
ST_6 : Operation 161 [1/1] (0.00ns)   --->   "%specmemcore_ln0 = specmemcore void @_ssdm_op_SpecMemCore, i32 %weights_20, i64 666, i64 207, i64 1, i1 0"   --->   Operation 161 'specmemcore' 'specmemcore_ln0' <Predicate = true> <Delay = 0.00>
ST_6 : Operation 162 [1/1] (0.00ns)   --->   "%specbitsmap_ln0 = specbitsmap void @_ssdm_op_SpecBitsMap, i32 %weights_20"   --->   Operation 162 'specbitsmap' 'specbitsmap_ln0' <Predicate = true> <Delay = 0.00>
ST_6 : Operation 163 [1/1] (0.00ns)   --->   "%specinterface_ln0 = specinterface void @_ssdm_op_SpecInterface, i32 %weights_21, void @empty_0, i32 0, i32 0, void @empty, i32 0, i32 0, void @empty_1, void @empty_24, void @empty, i32 0, i32 0, i32 0, i32 0, void @empty, void @empty, i32 4294967295, i32 0, i32 0, i32 0"   --->   Operation 163 'specinterface' 'specinterface_ln0' <Predicate = true> <Delay = 0.00>
ST_6 : Operation 164 [1/1] (0.00ns)   --->   "%specinterface_ln0 = specinterface void @_ssdm_op_SpecInterface, i32 %weights_21, void @empty_3, i32 0, i32 0, void @empty, i32 1, i32 0, void @empty, void @empty, void @empty, i32 0, i32 0, i32 0, i32 0, void @empty, void @empty, i32 4294967295, i32 0, i32 0, i32 0"   --->   Operation 164 'specinterface' 'specinterface_ln0' <Predicate = true> <Delay = 0.00>
ST_6 : Operation 165 [1/1] (0.00ns)   --->   "%specmemcore_ln0 = specmemcore void @_ssdm_op_SpecMemCore, i32 %weights_21, i64 666, i64 207, i64 1, i1 0"   --->   Operation 165 'specmemcore' 'specmemcore_ln0' <Predicate = true> <Delay = 0.00>
ST_6 : Operation 166 [1/1] (0.00ns)   --->   "%specbitsmap_ln0 = specbitsmap void @_ssdm_op_SpecBitsMap, i32 %weights_21"   --->   Operation 166 'specbitsmap' 'specbitsmap_ln0' <Predicate = true> <Delay = 0.00>
ST_6 : Operation 167 [1/1] (0.00ns)   --->   "%specinterface_ln0 = specinterface void @_ssdm_op_SpecInterface, i32 %weights_22, void @empty_0, i32 0, i32 0, void @empty, i32 0, i32 0, void @empty_1, void @empty_25, void @empty, i32 0, i32 0, i32 0, i32 0, void @empty, void @empty, i32 4294967295, i32 0, i32 0, i32 0"   --->   Operation 167 'specinterface' 'specinterface_ln0' <Predicate = true> <Delay = 0.00>
ST_6 : Operation 168 [1/1] (0.00ns)   --->   "%specinterface_ln0 = specinterface void @_ssdm_op_SpecInterface, i32 %weights_22, void @empty_3, i32 0, i32 0, void @empty, i32 1, i32 0, void @empty, void @empty, void @empty, i32 0, i32 0, i32 0, i32 0, void @empty, void @empty, i32 4294967295, i32 0, i32 0, i32 0"   --->   Operation 168 'specinterface' 'specinterface_ln0' <Predicate = true> <Delay = 0.00>
ST_6 : Operation 169 [1/1] (0.00ns)   --->   "%specmemcore_ln0 = specmemcore void @_ssdm_op_SpecMemCore, i32 %weights_22, i64 666, i64 207, i64 1, i1 0"   --->   Operation 169 'specmemcore' 'specmemcore_ln0' <Predicate = true> <Delay = 0.00>
ST_6 : Operation 170 [1/1] (0.00ns)   --->   "%specbitsmap_ln0 = specbitsmap void @_ssdm_op_SpecBitsMap, i32 %weights_22"   --->   Operation 170 'specbitsmap' 'specbitsmap_ln0' <Predicate = true> <Delay = 0.00>
ST_6 : Operation 171 [1/1] (0.00ns)   --->   "%specinterface_ln0 = specinterface void @_ssdm_op_SpecInterface, i32 %weights_23, void @empty_0, i32 0, i32 0, void @empty, i32 0, i32 0, void @empty_1, void @empty_26, void @empty, i32 0, i32 0, i32 0, i32 0, void @empty, void @empty, i32 4294967295, i32 0, i32 0, i32 0"   --->   Operation 171 'specinterface' 'specinterface_ln0' <Predicate = true> <Delay = 0.00>
ST_6 : Operation 172 [1/1] (0.00ns)   --->   "%specinterface_ln0 = specinterface void @_ssdm_op_SpecInterface, i32 %weights_23, void @empty_3, i32 0, i32 0, void @empty, i32 1, i32 0, void @empty, void @empty, void @empty, i32 0, i32 0, i32 0, i32 0, void @empty, void @empty, i32 4294967295, i32 0, i32 0, i32 0"   --->   Operation 172 'specinterface' 'specinterface_ln0' <Predicate = true> <Delay = 0.00>
ST_6 : Operation 173 [1/1] (0.00ns)   --->   "%specmemcore_ln0 = specmemcore void @_ssdm_op_SpecMemCore, i32 %weights_23, i64 666, i64 207, i64 1, i1 0"   --->   Operation 173 'specmemcore' 'specmemcore_ln0' <Predicate = true> <Delay = 0.00>
ST_6 : Operation 174 [1/1] (0.00ns)   --->   "%specbitsmap_ln0 = specbitsmap void @_ssdm_op_SpecBitsMap, i32 %weights_23"   --->   Operation 174 'specbitsmap' 'specbitsmap_ln0' <Predicate = true> <Delay = 0.00>
ST_6 : Operation 175 [1/1] (0.00ns)   --->   "%specinterface_ln0 = specinterface void @_ssdm_op_SpecInterface, i32 %weights_24, void @empty_0, i32 0, i32 0, void @empty, i32 0, i32 0, void @empty_1, void @empty_27, void @empty, i32 0, i32 0, i32 0, i32 0, void @empty, void @empty, i32 4294967295, i32 0, i32 0, i32 0"   --->   Operation 175 'specinterface' 'specinterface_ln0' <Predicate = true> <Delay = 0.00>
ST_6 : Operation 176 [1/1] (0.00ns)   --->   "%specinterface_ln0 = specinterface void @_ssdm_op_SpecInterface, i32 %weights_24, void @empty_3, i32 0, i32 0, void @empty, i32 1, i32 0, void @empty, void @empty, void @empty, i32 0, i32 0, i32 0, i32 0, void @empty, void @empty, i32 4294967295, i32 0, i32 0, i32 0"   --->   Operation 176 'specinterface' 'specinterface_ln0' <Predicate = true> <Delay = 0.00>
ST_6 : Operation 177 [1/1] (0.00ns)   --->   "%specmemcore_ln0 = specmemcore void @_ssdm_op_SpecMemCore, i32 %weights_24, i64 666, i64 207, i64 1, i1 0"   --->   Operation 177 'specmemcore' 'specmemcore_ln0' <Predicate = true> <Delay = 0.00>
ST_6 : Operation 178 [1/1] (0.00ns)   --->   "%specbitsmap_ln0 = specbitsmap void @_ssdm_op_SpecBitsMap, i32 %weights_24"   --->   Operation 178 'specbitsmap' 'specbitsmap_ln0' <Predicate = true> <Delay = 0.00>
ST_6 : Operation 179 [1/1] (0.00ns)   --->   "%specinterface_ln0 = specinterface void @_ssdm_op_SpecInterface, i32 %weights_25, void @empty_0, i32 0, i32 0, void @empty, i32 0, i32 0, void @empty_1, void @empty_28, void @empty, i32 0, i32 0, i32 0, i32 0, void @empty, void @empty, i32 4294967295, i32 0, i32 0, i32 0"   --->   Operation 179 'specinterface' 'specinterface_ln0' <Predicate = true> <Delay = 0.00>
ST_6 : Operation 180 [1/1] (0.00ns)   --->   "%specinterface_ln0 = specinterface void @_ssdm_op_SpecInterface, i32 %weights_25, void @empty_3, i32 0, i32 0, void @empty, i32 1, i32 0, void @empty, void @empty, void @empty, i32 0, i32 0, i32 0, i32 0, void @empty, void @empty, i32 4294967295, i32 0, i32 0, i32 0"   --->   Operation 180 'specinterface' 'specinterface_ln0' <Predicate = true> <Delay = 0.00>
ST_6 : Operation 181 [1/1] (0.00ns)   --->   "%specmemcore_ln0 = specmemcore void @_ssdm_op_SpecMemCore, i32 %weights_25, i64 666, i64 207, i64 1, i1 0"   --->   Operation 181 'specmemcore' 'specmemcore_ln0' <Predicate = true> <Delay = 0.00>
ST_6 : Operation 182 [1/1] (0.00ns)   --->   "%specbitsmap_ln0 = specbitsmap void @_ssdm_op_SpecBitsMap, i32 %weights_25"   --->   Operation 182 'specbitsmap' 'specbitsmap_ln0' <Predicate = true> <Delay = 0.00>
ST_6 : Operation 183 [1/1] (0.00ns)   --->   "%specinterface_ln0 = specinterface void @_ssdm_op_SpecInterface, i32 %weights_26, void @empty_0, i32 0, i32 0, void @empty, i32 0, i32 0, void @empty_1, void @empty_29, void @empty, i32 0, i32 0, i32 0, i32 0, void @empty, void @empty, i32 4294967295, i32 0, i32 0, i32 0"   --->   Operation 183 'specinterface' 'specinterface_ln0' <Predicate = true> <Delay = 0.00>
ST_6 : Operation 184 [1/1] (0.00ns)   --->   "%specinterface_ln0 = specinterface void @_ssdm_op_SpecInterface, i32 %weights_26, void @empty_3, i32 0, i32 0, void @empty, i32 1, i32 0, void @empty, void @empty, void @empty, i32 0, i32 0, i32 0, i32 0, void @empty, void @empty, i32 4294967295, i32 0, i32 0, i32 0"   --->   Operation 184 'specinterface' 'specinterface_ln0' <Predicate = true> <Delay = 0.00>
ST_6 : Operation 185 [1/1] (0.00ns)   --->   "%specmemcore_ln0 = specmemcore void @_ssdm_op_SpecMemCore, i32 %weights_26, i64 666, i64 207, i64 1, i1 0"   --->   Operation 185 'specmemcore' 'specmemcore_ln0' <Predicate = true> <Delay = 0.00>
ST_6 : Operation 186 [1/1] (0.00ns)   --->   "%specbitsmap_ln0 = specbitsmap void @_ssdm_op_SpecBitsMap, i32 %weights_26"   --->   Operation 186 'specbitsmap' 'specbitsmap_ln0' <Predicate = true> <Delay = 0.00>
ST_6 : Operation 187 [1/1] (0.00ns)   --->   "%specinterface_ln0 = specinterface void @_ssdm_op_SpecInterface, i32 %weights_27, void @empty_0, i32 0, i32 0, void @empty, i32 0, i32 0, void @empty_1, void @empty_30, void @empty, i32 0, i32 0, i32 0, i32 0, void @empty, void @empty, i32 4294967295, i32 0, i32 0, i32 0"   --->   Operation 187 'specinterface' 'specinterface_ln0' <Predicate = true> <Delay = 0.00>
ST_6 : Operation 188 [1/1] (0.00ns)   --->   "%specinterface_ln0 = specinterface void @_ssdm_op_SpecInterface, i32 %weights_27, void @empty_3, i32 0, i32 0, void @empty, i32 1, i32 0, void @empty, void @empty, void @empty, i32 0, i32 0, i32 0, i32 0, void @empty, void @empty, i32 4294967295, i32 0, i32 0, i32 0"   --->   Operation 188 'specinterface' 'specinterface_ln0' <Predicate = true> <Delay = 0.00>
ST_6 : Operation 189 [1/1] (0.00ns)   --->   "%specmemcore_ln0 = specmemcore void @_ssdm_op_SpecMemCore, i32 %weights_27, i64 666, i64 207, i64 1, i1 0"   --->   Operation 189 'specmemcore' 'specmemcore_ln0' <Predicate = true> <Delay = 0.00>
ST_6 : Operation 190 [1/1] (0.00ns)   --->   "%specbitsmap_ln0 = specbitsmap void @_ssdm_op_SpecBitsMap, i32 %weights_27"   --->   Operation 190 'specbitsmap' 'specbitsmap_ln0' <Predicate = true> <Delay = 0.00>
ST_6 : Operation 191 [1/1] (0.00ns)   --->   "%specinterface_ln0 = specinterface void @_ssdm_op_SpecInterface, i32 %weights_28, void @empty_0, i32 0, i32 0, void @empty, i32 0, i32 0, void @empty_1, void @empty_36, void @empty, i32 0, i32 0, i32 0, i32 0, void @empty, void @empty, i32 4294967295, i32 0, i32 0, i32 0"   --->   Operation 191 'specinterface' 'specinterface_ln0' <Predicate = true> <Delay = 0.00>
ST_6 : Operation 192 [1/1] (0.00ns)   --->   "%specinterface_ln0 = specinterface void @_ssdm_op_SpecInterface, i32 %weights_28, void @empty_3, i32 0, i32 0, void @empty, i32 1, i32 0, void @empty, void @empty, void @empty, i32 0, i32 0, i32 0, i32 0, void @empty, void @empty, i32 4294967295, i32 0, i32 0, i32 0"   --->   Operation 192 'specinterface' 'specinterface_ln0' <Predicate = true> <Delay = 0.00>
ST_6 : Operation 193 [1/1] (0.00ns)   --->   "%specmemcore_ln0 = specmemcore void @_ssdm_op_SpecMemCore, i32 %weights_28, i64 666, i64 207, i64 1, i1 0"   --->   Operation 193 'specmemcore' 'specmemcore_ln0' <Predicate = true> <Delay = 0.00>
ST_6 : Operation 194 [1/1] (0.00ns)   --->   "%specbitsmap_ln0 = specbitsmap void @_ssdm_op_SpecBitsMap, i32 %weights_28"   --->   Operation 194 'specbitsmap' 'specbitsmap_ln0' <Predicate = true> <Delay = 0.00>
ST_6 : Operation 195 [1/1] (0.00ns)   --->   "%specinterface_ln0 = specinterface void @_ssdm_op_SpecInterface, i32 %weights_29, void @empty_0, i32 0, i32 0, void @empty, i32 0, i32 0, void @empty_1, void @empty_32, void @empty, i32 0, i32 0, i32 0, i32 0, void @empty, void @empty, i32 4294967295, i32 0, i32 0, i32 0"   --->   Operation 195 'specinterface' 'specinterface_ln0' <Predicate = true> <Delay = 0.00>
ST_6 : Operation 196 [1/1] (0.00ns)   --->   "%specinterface_ln0 = specinterface void @_ssdm_op_SpecInterface, i32 %weights_29, void @empty_3, i32 0, i32 0, void @empty, i32 1, i32 0, void @empty, void @empty, void @empty, i32 0, i32 0, i32 0, i32 0, void @empty, void @empty, i32 4294967295, i32 0, i32 0, i32 0"   --->   Operation 196 'specinterface' 'specinterface_ln0' <Predicate = true> <Delay = 0.00>
ST_6 : Operation 197 [1/1] (0.00ns)   --->   "%specmemcore_ln0 = specmemcore void @_ssdm_op_SpecMemCore, i32 %weights_29, i64 666, i64 207, i64 1, i1 0"   --->   Operation 197 'specmemcore' 'specmemcore_ln0' <Predicate = true> <Delay = 0.00>
ST_6 : Operation 198 [1/1] (0.00ns)   --->   "%specbitsmap_ln0 = specbitsmap void @_ssdm_op_SpecBitsMap, i32 %weights_29"   --->   Operation 198 'specbitsmap' 'specbitsmap_ln0' <Predicate = true> <Delay = 0.00>
ST_6 : Operation 199 [1/1] (0.00ns)   --->   "%specinterface_ln0 = specinterface void @_ssdm_op_SpecInterface, i32 %weights_30, void @empty_0, i32 0, i32 0, void @empty, i32 0, i32 0, void @empty_1, void @empty_33, void @empty, i32 0, i32 0, i32 0, i32 0, void @empty, void @empty, i32 4294967295, i32 0, i32 0, i32 0"   --->   Operation 199 'specinterface' 'specinterface_ln0' <Predicate = true> <Delay = 0.00>
ST_6 : Operation 200 [1/1] (0.00ns)   --->   "%specinterface_ln0 = specinterface void @_ssdm_op_SpecInterface, i32 %weights_30, void @empty_3, i32 0, i32 0, void @empty, i32 1, i32 0, void @empty, void @empty, void @empty, i32 0, i32 0, i32 0, i32 0, void @empty, void @empty, i32 4294967295, i32 0, i32 0, i32 0"   --->   Operation 200 'specinterface' 'specinterface_ln0' <Predicate = true> <Delay = 0.00>
ST_6 : Operation 201 [1/1] (0.00ns)   --->   "%specmemcore_ln0 = specmemcore void @_ssdm_op_SpecMemCore, i32 %weights_30, i64 666, i64 207, i64 1, i1 0"   --->   Operation 201 'specmemcore' 'specmemcore_ln0' <Predicate = true> <Delay = 0.00>
ST_6 : Operation 202 [1/1] (0.00ns)   --->   "%specbitsmap_ln0 = specbitsmap void @_ssdm_op_SpecBitsMap, i32 %weights_30"   --->   Operation 202 'specbitsmap' 'specbitsmap_ln0' <Predicate = true> <Delay = 0.00>
ST_6 : Operation 203 [1/1] (0.00ns)   --->   "%specinterface_ln0 = specinterface void @_ssdm_op_SpecInterface, i32 %weights_31, void @empty_0, i32 0, i32 0, void @empty, i32 0, i32 0, void @empty_1, void @empty_34, void @empty, i32 0, i32 0, i32 0, i32 0, void @empty, void @empty, i32 4294967295, i32 0, i32 0, i32 0"   --->   Operation 203 'specinterface' 'specinterface_ln0' <Predicate = true> <Delay = 0.00>
ST_6 : Operation 204 [1/1] (0.00ns)   --->   "%specinterface_ln0 = specinterface void @_ssdm_op_SpecInterface, i32 %weights_31, void @empty_3, i32 0, i32 0, void @empty, i32 1, i32 0, void @empty, void @empty, void @empty, i32 0, i32 0, i32 0, i32 0, void @empty, void @empty, i32 4294967295, i32 0, i32 0, i32 0"   --->   Operation 204 'specinterface' 'specinterface_ln0' <Predicate = true> <Delay = 0.00>
ST_6 : Operation 205 [1/1] (0.00ns)   --->   "%specmemcore_ln0 = specmemcore void @_ssdm_op_SpecMemCore, i32 %weights_31, i64 666, i64 207, i64 1, i1 0"   --->   Operation 205 'specmemcore' 'specmemcore_ln0' <Predicate = true> <Delay = 0.00>
ST_6 : Operation 206 [1/1] (0.00ns)   --->   "%specbitsmap_ln0 = specbitsmap void @_ssdm_op_SpecBitsMap, i32 %weights_31"   --->   Operation 206 'specbitsmap' 'specbitsmap_ln0' <Predicate = true> <Delay = 0.00>
ST_6 : Operation 207 [1/1] (0.00ns)   --->   "%specinterface_ln0 = specinterface void @_ssdm_op_SpecInterface, i32 %out_stream, void @empty_31, i32 1, i32 1, void @empty_40, i32 0, i32 0, void @empty, void @empty, void @empty, i32 0, i32 0, i32 0, i32 0, void @empty, void @empty, i32 4294967295, i32 0, i32 0, i32 0"   --->   Operation 207 'specinterface' 'specinterface_ln0' <Predicate = true> <Delay = 0.00>
ST_6 : Operation 208 [1/1] (0.00ns)   --->   "%specbitsmap_ln0 = specbitsmap void @_ssdm_op_SpecBitsMap, i32 %out_stream"   --->   Operation 208 'specbitsmap' 'specbitsmap_ln0' <Predicate = true> <Delay = 0.00>
ST_6 : Operation 209 [1/1] (0.00ns)   --->   "%specbitsmap_ln0 = specbitsmap void @_ssdm_op_SpecBitsMap, i32 %num_rows"   --->   Operation 209 'specbitsmap' 'specbitsmap_ln0' <Predicate = true> <Delay = 0.00>
ST_6 : Operation 210 [1/1] (0.00ns)   --->   "%specinterface_ln0 = specinterface void @_ssdm_op_SpecInterface, i32 %num_rows, void @empty_0, i32 4294967295, i32 4294967295, void @empty, i32 0, i32 0, void @empty_1, void @empty_35, void @empty, i32 0, i32 0, i32 0, i32 0, void @empty, void @empty, i32 4294967295, i32 0, i32 0, i32 0"   --->   Operation 210 'specinterface' 'specinterface_ln0' <Predicate = true> <Delay = 0.00>
ST_6 : Operation 211 [1/1] (0.00ns)   --->   "%specinterface_ln0 = specinterface void @_ssdm_op_SpecInterface, i32 %num_rows, void @empty_41, i32 0, i32 0, void @empty, i32 0, i32 0, void @empty, void @empty, void @empty, i32 0, i32 0, i32 0, i32 0, void @empty, void @empty, i32 4294967295, i32 0, i32 0, i32 0"   --->   Operation 211 'specinterface' 'specinterface_ln0' <Predicate = true> <Delay = 0.00>
ST_6 : Operation 212 [1/1] (0.00ns)   --->   "%specinterface_ln0 = specinterface void @_ssdm_op_SpecInterface, i32 0, void @empty_0, i32 0, i32 0, void @empty, i32 0, i32 0, void @empty_1, void @empty, void @empty, i32 0, i32 0, i32 0, i32 0, void @empty, void @empty, i32 0, i32 0, i32 0, i32 0"   --->   Operation 212 'specinterface' 'specinterface_ln0' <Predicate = true> <Delay = 0.00>
ST_6 : Operation 213 [1/1] (0.00ns)   --->   "%ret_ln41 = ret" [../hls/dense_gemv.cpp:41]   --->   Operation 213 'ret' 'ret_ln41' <Predicate = true> <Delay = 0.00>


============================================================
+ Verbose Summary: Binding
============================================================
STG Binding: 
---------------- STG Properties BEGIN ----------------
- Is combinational: 0
- Is one-state seq: 0
- Is datapath-only: 0
- Is pipelined: 0
- Is top level: 1
Port [ Return ] is wired: 1; IO mode=ap_ctrl_hs:ce=0
Port [ in_stream]:  wired=1; compound=1; hidden=0; nouse=0; global=0; static=0; extern=0; dir=0; type=0; pingpong=0; private_global=0; IO mode=axis:ce=0
Port [ weights_0]:  wired=1; compound=1; hidden=0; nouse=0; global=0; static=0; extern=0; dir=0; type=1; pingpong=0; private_global=0; MemPort=[1]; IO mode=ap_memory:ce=0
Port [ weights_1]:  wired=1; compound=1; hidden=0; nouse=0; global=0; static=0; extern=0; dir=0; type=1; pingpong=0; private_global=0; MemPort=[1]; IO mode=ap_memory:ce=0
Port [ weights_2]:  wired=1; compound=1; hidden=0; nouse=0; global=0; static=0; extern=0; dir=0; type=1; pingpong=0; private_global=0; MemPort=[1]; IO mode=ap_memory:ce=0
Port [ weights_3]:  wired=1; compound=1; hidden=0; nouse=0; global=0; static=0; extern=0; dir=0; type=1; pingpong=0; private_global=0; MemPort=[1]; IO mode=ap_memory:ce=0
Port [ weights_4]:  wired=1; compound=1; hidden=0; nouse=0; global=0; static=0; extern=0; dir=0; type=1; pingpong=0; private_global=0; MemPort=[1]; IO mode=ap_memory:ce=0
Port [ weights_5]:  wired=1; compound=1; hidden=0; nouse=0; global=0; static=0; extern=0; dir=0; type=1; pingpong=0; private_global=0; MemPort=[1]; IO mode=ap_memory:ce=0
Port [ weights_6]:  wired=1; compound=1; hidden=0; nouse=0; global=0; static=0; extern=0; dir=0; type=1; pingpong=0; private_global=0; MemPort=[1]; IO mode=ap_memory:ce=0
Port [ weights_7]:  wired=1; compound=1; hidden=0; nouse=0; global=0; static=0; extern=0; dir=0; type=1; pingpong=0; private_global=0; MemPort=[1]; IO mode=ap_memory:ce=0
Port [ weights_8]:  wired=1; compound=1; hidden=0; nouse=0; global=0; static=0; extern=0; dir=0; type=1; pingpong=0; private_global=0; MemPort=[1]; IO mode=ap_memory:ce=0
Port [ weights_9]:  wired=1; compound=1; hidden=0; nouse=0; global=0; static=0; extern=0; dir=0; type=1; pingpong=0; private_global=0; MemPort=[1]; IO mode=ap_memory:ce=0
Port [ weights_10]:  wired=1; compound=1; hidden=0; nouse=0; global=0; static=0; extern=0; dir=0; type=1; pingpong=0; private_global=0; MemPort=[1]; IO mode=ap_memory:ce=0
Port [ weights_11]:  wired=1; compound=1; hidden=0; nouse=0; global=0; static=0; extern=0; dir=0; type=1; pingpong=0; private_global=0; MemPort=[1]; IO mode=ap_memory:ce=0
Port [ weights_12]:  wired=1; compound=1; hidden=0; nouse=0; global=0; static=0; extern=0; dir=0; type=1; pingpong=0; private_global=0; MemPort=[1]; IO mode=ap_memory:ce=0
Port [ weights_13]:  wired=1; compound=1; hidden=0; nouse=0; global=0; static=0; extern=0; dir=0; type=1; pingpong=0; private_global=0; MemPort=[1]; IO mode=ap_memory:ce=0
Port [ weights_14]:  wired=1; compound=1; hidden=0; nouse=0; global=0; static=0; extern=0; dir=0; type=1; pingpong=0; private_global=0; MemPort=[1]; IO mode=ap_memory:ce=0
Port [ weights_15]:  wired=1; compound=1; hidden=0; nouse=0; global=0; static=0; extern=0; dir=0; type=1; pingpong=0; private_global=0; MemPort=[1]; IO mode=ap_memory:ce=0
Port [ weights_16]:  wired=1; compound=1; hidden=0; nouse=0; global=0; static=0; extern=0; dir=0; type=1; pingpong=0; private_global=0; MemPort=[1]; IO mode=ap_memory:ce=0
Port [ weights_17]:  wired=1; compound=1; hidden=0; nouse=0; global=0; static=0; extern=0; dir=0; type=1; pingpong=0; private_global=0; MemPort=[1]; IO mode=ap_memory:ce=0
Port [ weights_18]:  wired=1; compound=1; hidden=0; nouse=0; global=0; static=0; extern=0; dir=0; type=1; pingpong=0; private_global=0; MemPort=[1]; IO mode=ap_memory:ce=0
Port [ weights_19]:  wired=1; compound=1; hidden=0; nouse=0; global=0; static=0; extern=0; dir=0; type=1; pingpong=0; private_global=0; MemPort=[1]; IO mode=ap_memory:ce=0
Port [ weights_20]:  wired=1; compound=1; hidden=0; nouse=0; global=0; static=0; extern=0; dir=0; type=1; pingpong=0; private_global=0; MemPort=[1]; IO mode=ap_memory:ce=0
Port [ weights_21]:  wired=1; compound=1; hidden=0; nouse=0; global=0; static=0; extern=0; dir=0; type=1; pingpong=0; private_global=0; MemPort=[1]; IO mode=ap_memory:ce=0
Port [ weights_22]:  wired=1; compound=1; hidden=0; nouse=0; global=0; static=0; extern=0; dir=0; type=1; pingpong=0; private_global=0; MemPort=[1]; IO mode=ap_memory:ce=0
Port [ weights_23]:  wired=1; compound=1; hidden=0; nouse=0; global=0; static=0; extern=0; dir=0; type=1; pingpong=0; private_global=0; MemPort=[1]; IO mode=ap_memory:ce=0
Port [ weights_24]:  wired=1; compound=1; hidden=0; nouse=0; global=0; static=0; extern=0; dir=0; type=1; pingpong=0; private_global=0; MemPort=[1]; IO mode=ap_memory:ce=0
Port [ weights_25]:  wired=1; compound=1; hidden=0; nouse=0; global=0; static=0; extern=0; dir=0; type=1; pingpong=0; private_global=0; MemPort=[1]; IO mode=ap_memory:ce=0
Port [ weights_26]:  wired=1; compound=1; hidden=0; nouse=0; global=0; static=0; extern=0; dir=0; type=1; pingpong=0; private_global=0; MemPort=[1]; IO mode=ap_memory:ce=0
Port [ weights_27]:  wired=1; compound=1; hidden=0; nouse=0; global=0; static=0; extern=0; dir=0; type=1; pingpong=0; private_global=0; MemPort=[1]; IO mode=ap_memory:ce=0
Port [ weights_28]:  wired=1; compound=1; hidden=0; nouse=0; global=0; static=0; extern=0; dir=0; type=1; pingpong=0; private_global=0; MemPort=[1]; IO mode=ap_memory:ce=0
Port [ weights_29]:  wired=1; compound=1; hidden=0; nouse=0; global=0; static=0; extern=0; dir=0; type=1; pingpong=0; private_global=0; MemPort=[1]; IO mode=ap_memory:ce=0
Port [ weights_30]:  wired=1; compound=1; hidden=0; nouse=0; global=0; static=0; extern=0; dir=0; type=1; pingpong=0; private_global=0; MemPort=[1]; IO mode=ap_memory:ce=0
Port [ weights_31]:  wired=1; compound=1; hidden=0; nouse=0; global=0; static=0; extern=0; dir=0; type=1; pingpong=0; private_global=0; MemPort=[1]; IO mode=ap_memory:ce=0
Port [ out_stream]:  wired=1; compound=1; hidden=0; nouse=0; global=0; static=0; extern=0; dir=1; type=0; pingpong=0; private_global=0; IO mode=axis:ce=0
Port [ num_rows]:  wired=1; compound=0; hidden=0; nouse=0; global=0; static=0; extern=0; dir=0; type=0; pingpong=0; private_global=0; IO mode=ap_none:ce=0
---------------- STG Properties END ------------------

---------------- Datapath Model BEGIN ----------------

<LifeTime>
<method=bitvector/>
p_loc62           (alloca       ) [ 0011100]
p_loc61           (alloca       ) [ 0011100]
p_loc60           (alloca       ) [ 0011100]
p_loc59           (alloca       ) [ 0011100]
p_loc58           (alloca       ) [ 0011100]
p_loc57           (alloca       ) [ 0011100]
p_loc56           (alloca       ) [ 0011100]
p_loc55           (alloca       ) [ 0011100]
p_loc54           (alloca       ) [ 0011100]
p_loc53           (alloca       ) [ 0011100]
p_loc52           (alloca       ) [ 0011100]
p_loc51           (alloca       ) [ 0011100]
p_loc50           (alloca       ) [ 0011100]
p_loc49           (alloca       ) [ 0011100]
p_loc48           (alloca       ) [ 0011100]
p_loc47           (alloca       ) [ 0011100]
p_loc46           (alloca       ) [ 0011100]
p_loc45           (alloca       ) [ 0011100]
p_loc44           (alloca       ) [ 0011100]
p_loc43           (alloca       ) [ 0011100]
p_loc42           (alloca       ) [ 0011100]
p_loc41           (alloca       ) [ 0011100]
p_loc40           (alloca       ) [ 0011100]
p_loc39           (alloca       ) [ 0011100]
p_loc38           (alloca       ) [ 0011100]
p_loc37           (alloca       ) [ 0011100]
p_loc36           (alloca       ) [ 0011100]
p_loc35           (alloca       ) [ 0011100]
p_loc34           (alloca       ) [ 0011100]
p_loc33           (alloca       ) [ 0011100]
p_loc32           (alloca       ) [ 0011100]
p_loc             (alloca       ) [ 0011100]
call_ln0          (call         ) [ 0000000]
num_rows_read     (read         ) [ 0000010]
p_loc_load        (load         ) [ 0000010]
p_loc32_load      (load         ) [ 0000010]
p_loc33_load      (load         ) [ 0000010]
p_loc34_load      (load         ) [ 0000010]
p_loc35_load      (load         ) [ 0000010]
p_loc36_load      (load         ) [ 0000010]
p_loc37_load      (load         ) [ 0000010]
p_loc38_load      (load         ) [ 0000010]
p_loc39_load      (load         ) [ 0000010]
p_loc40_load      (load         ) [ 0000010]
p_loc41_load      (load         ) [ 0000010]
p_loc42_load      (load         ) [ 0000010]
p_loc43_load      (load         ) [ 0000010]
p_loc44_load      (load         ) [ 0000010]
p_loc45_load      (load         ) [ 0000010]
p_loc46_load      (load         ) [ 0000010]
p_loc47_load      (load         ) [ 0000010]
p_loc48_load      (load         ) [ 0000010]
p_loc49_load      (load         ) [ 0000010]
p_loc50_load      (load         ) [ 0000010]
p_loc51_load      (load         ) [ 0000010]
p_loc52_load      (load         ) [ 0000010]
p_loc53_load      (load         ) [ 0000010]
p_loc54_load      (load         ) [ 0000010]
p_loc55_load      (load         ) [ 0000010]
p_loc56_load      (load         ) [ 0000010]
p_loc57_load      (load         ) [ 0000010]
p_loc58_load      (load         ) [ 0000010]
p_loc59_load      (load         ) [ 0000010]
p_loc60_load      (load         ) [ 0000010]
p_loc61_load      (load         ) [ 0000010]
p_loc62_load      (load         ) [ 0000010]
call_ln0          (call         ) [ 0000000]
spectopmodule_ln6 (spectopmodule) [ 0000000]
specinterface_ln0 (specinterface) [ 0000000]
specbitsmap_ln0   (specbitsmap  ) [ 0000000]
specinterface_ln0 (specinterface) [ 0000000]
specinterface_ln0 (specinterface) [ 0000000]
specmemcore_ln0   (specmemcore  ) [ 0000000]
specbitsmap_ln0   (specbitsmap  ) [ 0000000]
specinterface_ln0 (specinterface) [ 0000000]
specinterface_ln0 (specinterface) [ 0000000]
specmemcore_ln0   (specmemcore  ) [ 0000000]
specbitsmap_ln0   (specbitsmap  ) [ 0000000]
specinterface_ln0 (specinterface) [ 0000000]
specinterface_ln0 (specinterface) [ 0000000]
specmemcore_ln0   (specmemcore  ) [ 0000000]
specbitsmap_ln0   (specbitsmap  ) [ 0000000]
specinterface_ln0 (specinterface) [ 0000000]
specinterface_ln0 (specinterface) [ 0000000]
specmemcore_ln0   (specmemcore  ) [ 0000000]
specbitsmap_ln0   (specbitsmap  ) [ 0000000]
specinterface_ln0 (specinterface) [ 0000000]
specinterface_ln0 (specinterface) [ 0000000]
specmemcore_ln0   (specmemcore  ) [ 0000000]
specbitsmap_ln0   (specbitsmap  ) [ 0000000]
specinterface_ln0 (specinterface) [ 0000000]
specinterface_ln0 (specinterface) [ 0000000]
specmemcore_ln0   (specmemcore  ) [ 0000000]
specbitsmap_ln0   (specbitsmap  ) [ 0000000]
specinterface_ln0 (specinterface) [ 0000000]
specinterface_ln0 (specinterface) [ 0000000]
specmemcore_ln0   (specmemcore  ) [ 0000000]
specbitsmap_ln0   (specbitsmap  ) [ 0000000]
specinterface_ln0 (specinterface) [ 0000000]
specinterface_ln0 (specinterface) [ 0000000]
specmemcore_ln0   (specmemcore  ) [ 0000000]
specbitsmap_ln0   (specbitsmap  ) [ 0000000]
specinterface_ln0 (specinterface) [ 0000000]
specinterface_ln0 (specinterface) [ 0000000]
specmemcore_ln0   (specmemcore  ) [ 0000000]
specbitsmap_ln0   (specbitsmap  ) [ 0000000]
specinterface_ln0 (specinterface) [ 0000000]
specinterface_ln0 (specinterface) [ 0000000]
specmemcore_ln0   (specmemcore  ) [ 0000000]
specbitsmap_ln0   (specbitsmap  ) [ 0000000]
specinterface_ln0 (specinterface) [ 0000000]
specinterface_ln0 (specinterface) [ 0000000]
specmemcore_ln0   (specmemcore  ) [ 0000000]
specbitsmap_ln0   (specbitsmap  ) [ 0000000]
specinterface_ln0 (specinterface) [ 0000000]
specinterface_ln0 (specinterface) [ 0000000]
specmemcore_ln0   (specmemcore  ) [ 0000000]
specbitsmap_ln0   (specbitsmap  ) [ 0000000]
specinterface_ln0 (specinterface) [ 0000000]
specinterface_ln0 (specinterface) [ 0000000]
specmemcore_ln0   (specmemcore  ) [ 0000000]
specbitsmap_ln0   (specbitsmap  ) [ 0000000]
specinterface_ln0 (specinterface) [ 0000000]
specinterface_ln0 (specinterface) [ 0000000]
specmemcore_ln0   (specmemcore  ) [ 0000000]
specbitsmap_ln0   (specbitsmap  ) [ 0000000]
specinterface_ln0 (specinterface) [ 0000000]
specinterface_ln0 (specinterface) [ 0000000]
specmemcore_ln0   (specmemcore  ) [ 0000000]
specbitsmap_ln0   (specbitsmap  ) [ 0000000]
specinterface_ln0 (specinterface) [ 0000000]
specinterface_ln0 (specinterface) [ 0000000]
specmemcore_ln0   (specmemcore  ) [ 0000000]
specbitsmap_ln0   (specbitsmap  ) [ 0000000]
specinterface_ln0 (specinterface) [ 0000000]
specinterface_ln0 (specinterface) [ 0000000]
specmemcore_ln0   (specmemcore  ) [ 0000000]
specbitsmap_ln0   (specbitsmap  ) [ 0000000]
specinterface_ln0 (specinterface) [ 0000000]
specinterface_ln0 (specinterface) [ 0000000]
specmemcore_ln0   (specmemcore  ) [ 0000000]
specbitsmap_ln0   (specbitsmap  ) [ 0000000]
specinterface_ln0 (specinterface) [ 0000000]
specinterface_ln0 (specinterface) [ 0000000]
specmemcore_ln0   (specmemcore  ) [ 0000000]
specbitsmap_ln0   (specbitsmap  ) [ 0000000]
specinterface_ln0 (specinterface) [ 0000000]
specinterface_ln0 (specinterface) [ 0000000]
specmemcore_ln0   (specmemcore  ) [ 0000000]
specbitsmap_ln0   (specbitsmap  ) [ 0000000]
specinterface_ln0 (specinterface) [ 0000000]
specinterface_ln0 (specinterface) [ 0000000]
specmemcore_ln0   (specmemcore  ) [ 0000000]
specbitsmap_ln0   (specbitsmap  ) [ 0000000]
specinterface_ln0 (specinterface) [ 0000000]
specinterface_ln0 (specinterface) [ 0000000]
specmemcore_ln0   (specmemcore  ) [ 0000000]
specbitsmap_ln0   (specbitsmap  ) [ 0000000]
specinterface_ln0 (specinterface) [ 0000000]
specinterface_ln0 (specinterface) [ 0000000]
specmemcore_ln0   (specmemcore  ) [ 0000000]
specbitsmap_ln0   (specbitsmap  ) [ 0000000]
specinterface_ln0 (specinterface) [ 0000000]
specinterface_ln0 (specinterface) [ 0000000]
specmemcore_ln0   (specmemcore  ) [ 0000000]
specbitsmap_ln0   (specbitsmap  ) [ 0000000]
specinterface_ln0 (specinterface) [ 0000000]
specinterface_ln0 (specinterface) [ 0000000]
specmemcore_ln0   (specmemcore  ) [ 0000000]
specbitsmap_ln0   (specbitsmap  ) [ 0000000]
specinterface_ln0 (specinterface) [ 0000000]
specinterface_ln0 (specinterface) [ 0000000]
specmemcore_ln0   (specmemcore  ) [ 0000000]
specbitsmap_ln0   (specbitsmap  ) [ 0000000]
specinterface_ln0 (specinterface) [ 0000000]
specinterface_ln0 (specinterface) [ 0000000]
specmemcore_ln0   (specmemcore  ) [ 0000000]
specbitsmap_ln0   (specbitsmap  ) [ 0000000]
specinterface_ln0 (specinterface) [ 0000000]
specinterface_ln0 (specinterface) [ 0000000]
specmemcore_ln0   (specmemcore  ) [ 0000000]
specbitsmap_ln0   (specbitsmap  ) [ 0000000]
specinterface_ln0 (specinterface) [ 0000000]
specinterface_ln0 (specinterface) [ 0000000]
specmemcore_ln0   (specmemcore  ) [ 0000000]
specbitsmap_ln0   (specbitsmap  ) [ 0000000]
specinterface_ln0 (specinterface) [ 0000000]
specinterface_ln0 (specinterface) [ 0000000]
specmemcore_ln0   (specmemcore  ) [ 0000000]
specbitsmap_ln0   (specbitsmap  ) [ 0000000]
specinterface_ln0 (specinterface) [ 0000000]
specinterface_ln0 (specinterface) [ 0000000]
specmemcore_ln0   (specmemcore  ) [ 0000000]
specbitsmap_ln0   (specbitsmap  ) [ 0000000]
specinterface_ln0 (specinterface) [ 0000000]
specinterface_ln0 (specinterface) [ 0000000]
specmemcore_ln0   (specmemcore  ) [ 0000000]
specbitsmap_ln0   (specbitsmap  ) [ 0000000]
specinterface_ln0 (specinterface) [ 0000000]
specbitsmap_ln0   (specbitsmap  ) [ 0000000]
specbitsmap_ln0   (specbitsmap  ) [ 0000000]
specinterface_ln0 (specinterface) [ 0000000]
specinterface_ln0 (specinterface) [ 0000000]
specinterface_ln0 (specinterface) [ 0000000]
ret_ln41          (ret          ) [ 0000000]
</LifeTime>

<model>

<comp_list>
<comp id="0" class="1000" name="in_stream">
<pin_list>
<pin id="1" dir="1" index="0" bw="1" slack="0"/>
</pin_list>
<bind>
<StgValue><ssdm name="in_stream"/></StgValue>
</bind>
</comp>

<comp id="2" class="1000" name="weights_0">
<pin_list>
<pin id="3" dir="1" index="0" bw="1" slack="0"/>
</pin_list>
<bind>
<StgValue><ssdm name="weights_0"/><MemPortTyVec>1 </MemPortTyVec>
</StgValue>
</bind>
</comp>

<comp id="4" class="1000" name="weights_1">
<pin_list>
<pin id="5" dir="1" index="0" bw="1" slack="0"/>
</pin_list>
<bind>
<StgValue><ssdm name="weights_1"/><MemPortTyVec>1 </MemPortTyVec>
</StgValue>
</bind>
</comp>

<comp id="6" class="1000" name="weights_2">
<pin_list>
<pin id="7" dir="1" index="0" bw="1" slack="0"/>
</pin_list>
<bind>
<StgValue><ssdm name="weights_2"/><MemPortTyVec>1 </MemPortTyVec>
</StgValue>
</bind>
</comp>

<comp id="8" class="1000" name="weights_3">
<pin_list>
<pin id="9" dir="1" index="0" bw="1" slack="0"/>
</pin_list>
<bind>
<StgValue><ssdm name="weights_3"/><MemPortTyVec>1 </MemPortTyVec>
</StgValue>
</bind>
</comp>

<comp id="10" class="1000" name="weights_4">
<pin_list>
<pin id="11" dir="1" index="0" bw="1" slack="0"/>
</pin_list>
<bind>
<StgValue><ssdm name="weights_4"/><MemPortTyVec>1 </MemPortTyVec>
</StgValue>
</bind>
</comp>

<comp id="12" class="1000" name="weights_5">
<pin_list>
<pin id="13" dir="1" index="0" bw="1" slack="0"/>
</pin_list>
<bind>
<StgValue><ssdm name="weights_5"/><MemPortTyVec>1 </MemPortTyVec>
</StgValue>
</bind>
</comp>

<comp id="14" class="1000" name="weights_6">
<pin_list>
<pin id="15" dir="1" index="0" bw="1" slack="0"/>
</pin_list>
<bind>
<StgValue><ssdm name="weights_6"/><MemPortTyVec>1 </MemPortTyVec>
</StgValue>
</bind>
</comp>

<comp id="16" class="1000" name="weights_7">
<pin_list>
<pin id="17" dir="1" index="0" bw="1" slack="0"/>
</pin_list>
<bind>
<StgValue><ssdm name="weights_7"/><MemPortTyVec>1 </MemPortTyVec>
</StgValue>
</bind>
</comp>

<comp id="18" class="1000" name="weights_8">
<pin_list>
<pin id="19" dir="1" index="0" bw="1" slack="0"/>
</pin_list>
<bind>
<StgValue><ssdm name="weights_8"/><MemPortTyVec>1 </MemPortTyVec>
</StgValue>
</bind>
</comp>

<comp id="20" class="1000" name="weights_9">
<pin_list>
<pin id="21" dir="1" index="0" bw="1" slack="0"/>
</pin_list>
<bind>
<StgValue><ssdm name="weights_9"/><MemPortTyVec>1 </MemPortTyVec>
</StgValue>
</bind>
</comp>

<comp id="22" class="1000" name="weights_10">
<pin_list>
<pin id="23" dir="1" index="0" bw="1" slack="0"/>
</pin_list>
<bind>
<StgValue><ssdm name="weights_10"/><MemPortTyVec>1 </MemPortTyVec>
</StgValue>
</bind>
</comp>

<comp id="24" class="1000" name="weights_11">
<pin_list>
<pin id="25" dir="1" index="0" bw="1" slack="0"/>
</pin_list>
<bind>
<StgValue><ssdm name="weights_11"/><MemPortTyVec>1 </MemPortTyVec>
</StgValue>
</bind>
</comp>

<comp id="26" class="1000" name="weights_12">
<pin_list>
<pin id="27" dir="1" index="0" bw="1" slack="0"/>
</pin_list>
<bind>
<StgValue><ssdm name="weights_12"/><MemPortTyVec>1 </MemPortTyVec>
</StgValue>
</bind>
</comp>

<comp id="28" class="1000" name="weights_13">
<pin_list>
<pin id="29" dir="1" index="0" bw="1" slack="0"/>
</pin_list>
<bind>
<StgValue><ssdm name="weights_13"/><MemPortTyVec>1 </MemPortTyVec>
</StgValue>
</bind>
</comp>

<comp id="30" class="1000" name="weights_14">
<pin_list>
<pin id="31" dir="1" index="0" bw="1" slack="0"/>
</pin_list>
<bind>
<StgValue><ssdm name="weights_14"/><MemPortTyVec>1 </MemPortTyVec>
</StgValue>
</bind>
</comp>

<comp id="32" class="1000" name="weights_15">
<pin_list>
<pin id="33" dir="1" index="0" bw="1" slack="0"/>
</pin_list>
<bind>
<StgValue><ssdm name="weights_15"/><MemPortTyVec>1 </MemPortTyVec>
</StgValue>
</bind>
</comp>

<comp id="34" class="1000" name="weights_16">
<pin_list>
<pin id="35" dir="1" index="0" bw="1" slack="0"/>
</pin_list>
<bind>
<StgValue><ssdm name="weights_16"/><MemPortTyVec>1 </MemPortTyVec>
</StgValue>
</bind>
</comp>

<comp id="36" class="1000" name="weights_17">
<pin_list>
<pin id="37" dir="1" index="0" bw="1" slack="0"/>
</pin_list>
<bind>
<StgValue><ssdm name="weights_17"/><MemPortTyVec>1 </MemPortTyVec>
</StgValue>
</bind>
</comp>

<comp id="38" class="1000" name="weights_18">
<pin_list>
<pin id="39" dir="1" index="0" bw="1" slack="0"/>
</pin_list>
<bind>
<StgValue><ssdm name="weights_18"/><MemPortTyVec>1 </MemPortTyVec>
</StgValue>
</bind>
</comp>

<comp id="40" class="1000" name="weights_19">
<pin_list>
<pin id="41" dir="1" index="0" bw="1" slack="0"/>
</pin_list>
<bind>
<StgValue><ssdm name="weights_19"/><MemPortTyVec>1 </MemPortTyVec>
</StgValue>
</bind>
</comp>

<comp id="42" class="1000" name="weights_20">
<pin_list>
<pin id="43" dir="1" index="0" bw="1" slack="0"/>
</pin_list>
<bind>
<StgValue><ssdm name="weights_20"/><MemPortTyVec>1 </MemPortTyVec>
</StgValue>
</bind>
</comp>

<comp id="44" class="1000" name="weights_21">
<pin_list>
<pin id="45" dir="1" index="0" bw="1" slack="0"/>
</pin_list>
<bind>
<StgValue><ssdm name="weights_21"/><MemPortTyVec>1 </MemPortTyVec>
</StgValue>
</bind>
</comp>

<comp id="46" class="1000" name="weights_22">
<pin_list>
<pin id="47" dir="1" index="0" bw="1" slack="0"/>
</pin_list>
<bind>
<StgValue><ssdm name="weights_22"/><MemPortTyVec>1 </MemPortTyVec>
</StgValue>
</bind>
</comp>

<comp id="48" class="1000" name="weights_23">
<pin_list>
<pin id="49" dir="1" index="0" bw="1" slack="0"/>
</pin_list>
<bind>
<StgValue><ssdm name="weights_23"/><MemPortTyVec>1 </MemPortTyVec>
</StgValue>
</bind>
</comp>

<comp id="50" class="1000" name="weights_24">
<pin_list>
<pin id="51" dir="1" index="0" bw="1" slack="0"/>
</pin_list>
<bind>
<StgValue><ssdm name="weights_24"/><MemPortTyVec>1 </MemPortTyVec>
</StgValue>
</bind>
</comp>

<comp id="52" class="1000" name="weights_25">
<pin_list>
<pin id="53" dir="1" index="0" bw="1" slack="0"/>
</pin_list>
<bind>
<StgValue><ssdm name="weights_25"/><MemPortTyVec>1 </MemPortTyVec>
</StgValue>
</bind>
</comp>

<comp id="54" class="1000" name="weights_26">
<pin_list>
<pin id="55" dir="1" index="0" bw="1" slack="0"/>
</pin_list>
<bind>
<StgValue><ssdm name="weights_26"/><MemPortTyVec>1 </MemPortTyVec>
</StgValue>
</bind>
</comp>

<comp id="56" class="1000" name="weights_27">
<pin_list>
<pin id="57" dir="1" index="0" bw="1" slack="0"/>
</pin_list>
<bind>
<StgValue><ssdm name="weights_27"/><MemPortTyVec>1 </MemPortTyVec>
</StgValue>
</bind>
</comp>

<comp id="58" class="1000" name="weights_28">
<pin_list>
<pin id="59" dir="1" index="0" bw="1" slack="0"/>
</pin_list>
<bind>
<StgValue><ssdm name="weights_28"/><MemPortTyVec>1 </MemPortTyVec>
</StgValue>
</bind>
</comp>

<comp id="60" class="1000" name="weights_29">
<pin_list>
<pin id="61" dir="1" index="0" bw="1" slack="0"/>
</pin_list>
<bind>
<StgValue><ssdm name="weights_29"/><MemPortTyVec>1 </MemPortTyVec>
</StgValue>
</bind>
</comp>

<comp id="62" class="1000" name="weights_30">
<pin_list>
<pin id="63" dir="1" index="0" bw="1" slack="0"/>
</pin_list>
<bind>
<StgValue><ssdm name="weights_30"/><MemPortTyVec>1 </MemPortTyVec>
</StgValue>
</bind>
</comp>

<comp id="64" class="1000" name="weights_31">
<pin_list>
<pin id="65" dir="1" index="0" bw="1" slack="0"/>
</pin_list>
<bind>
<StgValue><ssdm name="weights_31"/><MemPortTyVec>1 </MemPortTyVec>
</StgValue>
</bind>
</comp>

<comp id="66" class="1000" name="out_stream">
<pin_list>
<pin id="67" dir="1" index="0" bw="1" slack="0"/>
</pin_list>
<bind>
<StgValue><ssdm name="out_stream"/></StgValue>
</bind>
</comp>

<comp id="68" class="1000" name="num_rows">
<pin_list>
<pin id="69" dir="1" index="0" bw="1" slack="0"/>
</pin_list>
<bind>
<StgValue><ssdm name="num_rows"/></StgValue>
</bind>
</comp>

<comp id="70" class="1001" name="const_70">
<pin_list>
<pin id="71" dir="1" index="0" bw="1" slack="0"/>
</pin_list>
<bind>
<StgValue><ssdm name=""/></StgValue>
</bind>
</comp>

<comp id="72" class="1001" name="const_72">
<pin_list>
<pin id="73" dir="1" index="0" bw="1" slack="0"/>
</pin_list>
<bind>
<StgValue><ssdm name="dense_gemv_Pipeline_VITIS_LOOP_25_1"/></StgValue>
</bind>
</comp>

<comp id="74" class="1001" name="const_74">
<pin_list>
<pin id="75" dir="1" index="0" bw="1" slack="0"/>
</pin_list>
<bind>
<StgValue><ssdm name="_ssdm_op_Read.s_axilite.i32"/></StgValue>
</bind>
</comp>

<comp id="76" class="1001" name="const_76">
<pin_list>
<pin id="77" dir="1" index="0" bw="1" slack="0"/>
</pin_list>
<bind>
<StgValue><ssdm name="dense_gemv_Pipeline_VITIS_LOOP_30_2"/></StgValue>
</bind>
</comp>

<comp id="78" class="1001" name="const_78">
<pin_list>
<pin id="79" dir="1" index="0" bw="1" slack="2147483647"/>
</pin_list>
<bind>
<StgValue><ssdm name="_ssdm_op_SpecTopModule"/></StgValue>
</bind>
</comp>

<comp id="80" class="1001" name="const_80">
<pin_list>
<pin id="81" dir="1" index="0" bw="1" slack="2147483647"/>
</pin_list>
<bind>
<StgValue><ssdm name="empty_37"/></StgValue>
</bind>
</comp>

<comp id="82" class="1001" name="const_82">
<pin_list>
<pin id="83" dir="1" index="0" bw="1" slack="2147483647"/>
</pin_list>
<bind>
<StgValue><ssdm name="_ssdm_op_SpecInterface"/></StgValue>
</bind>
</comp>

<comp id="84" class="1001" name="const_84">
<pin_list>
<pin id="85" dir="1" index="0" bw="1" slack="2147483647"/>
</pin_list>
<bind>
<StgValue><ssdm name="empty_31"/></StgValue>
</bind>
</comp>

<comp id="86" class="1001" name="const_86">
<pin_list>
<pin id="87" dir="1" index="0" bw="1" slack="2147483647"/>
</pin_list>
<bind>
<StgValue><ssdm name=""/></StgValue>
</bind>
</comp>

<comp id="88" class="1001" name="const_88">
<pin_list>
<pin id="89" dir="1" index="0" bw="1" slack="2147483647"/>
</pin_list>
<bind>
<StgValue><ssdm name="empty_40"/></StgValue>
</bind>
</comp>

<comp id="90" class="1001" name="const_90">
<pin_list>
<pin id="91" dir="1" index="0" bw="1" slack="2147483647"/>
</pin_list>
<bind>
<StgValue><ssdm name=""/></StgValue>
</bind>
</comp>

<comp id="92" class="1001" name="const_92">
<pin_list>
<pin id="93" dir="1" index="0" bw="1" slack="2147483647"/>
</pin_list>
<bind>
<StgValue><ssdm name="empty"/></StgValue>
</bind>
</comp>

<comp id="94" class="1001" name="const_94">
<pin_list>
<pin id="95" dir="1" index="0" bw="1" slack="2147483647"/>
</pin_list>
<bind>
<StgValue><ssdm name=""/></StgValue>
</bind>
</comp>

<comp id="96" class="1001" name="const_96">
<pin_list>
<pin id="97" dir="1" index="0" bw="1" slack="2147483647"/>
</pin_list>
<bind>
<StgValue><ssdm name="_ssdm_op_SpecBitsMap"/></StgValue>
</bind>
</comp>

<comp id="98" class="1001" name="const_98">
<pin_list>
<pin id="99" dir="1" index="0" bw="1" slack="2147483647"/>
</pin_list>
<bind>
<StgValue><ssdm name="empty_0"/></StgValue>
</bind>
</comp>

<comp id="100" class="1001" name="const_100">
<pin_list>
<pin id="101" dir="1" index="0" bw="1" slack="2147483647"/>
</pin_list>
<bind>
<StgValue><ssdm name="empty_1"/></StgValue>
</bind>
</comp>

<comp id="102" class="1001" name="const_102">
<pin_list>
<pin id="103" dir="1" index="0" bw="1" slack="2147483647"/>
</pin_list>
<bind>
<StgValue><ssdm name="empty_2"/></StgValue>
</bind>
</comp>

<comp id="104" class="1001" name="const_104">
<pin_list>
<pin id="105" dir="1" index="0" bw="1" slack="2147483647"/>
</pin_list>
<bind>
<StgValue><ssdm name="empty_3"/></StgValue>
</bind>
</comp>

<comp id="106" class="1001" name="const_106">
<pin_list>
<pin id="107" dir="1" index="0" bw="1" slack="2147483647"/>
</pin_list>
<bind>
<StgValue><ssdm name="_ssdm_op_SpecMemCore"/></StgValue>
</bind>
</comp>

<comp id="108" class="1001" name="const_108">
<pin_list>
<pin id="109" dir="1" index="0" bw="1" slack="2147483647"/>
</pin_list>
<bind>
<StgValue><ssdm name=""/></StgValue>
</bind>
</comp>

<comp id="110" class="1001" name="const_110">
<pin_list>
<pin id="111" dir="1" index="0" bw="1" slack="2147483647"/>
</pin_list>
<bind>
<StgValue><ssdm name=""/></StgValue>
</bind>
</comp>

<comp id="112" class="1001" name="const_112">
<pin_list>
<pin id="113" dir="1" index="0" bw="1" slack="2147483647"/>
</pin_list>
<bind>
<StgValue><ssdm name=""/></StgValue>
</bind>
</comp>

<comp id="114" class="1001" name="const_114">
<pin_list>
<pin id="115" dir="1" index="0" bw="1" slack="2147483647"/>
</pin_list>
<bind>
<StgValue><ssdm name="empty_4"/></StgValue>
</bind>
</comp>

<comp id="116" class="1001" name="const_116">
<pin_list>
<pin id="117" dir="1" index="0" bw="1" slack="2147483647"/>
</pin_list>
<bind>
<StgValue><ssdm name="empty_5"/></StgValue>
</bind>
</comp>

<comp id="118" class="1001" name="const_118">
<pin_list>
<pin id="119" dir="1" index="0" bw="1" slack="2147483647"/>
</pin_list>
<bind>
<StgValue><ssdm name="empty_6"/></StgValue>
</bind>
</comp>

<comp id="120" class="1001" name="const_120">
<pin_list>
<pin id="121" dir="1" index="0" bw="1" slack="2147483647"/>
</pin_list>
<bind>
<StgValue><ssdm name="empty_7"/></StgValue>
</bind>
</comp>

<comp id="122" class="1001" name="const_122">
<pin_list>
<pin id="123" dir="1" index="0" bw="1" slack="2147483647"/>
</pin_list>
<bind>
<StgValue><ssdm name="empty_8"/></StgValue>
</bind>
</comp>

<comp id="124" class="1001" name="const_124">
<pin_list>
<pin id="125" dir="1" index="0" bw="1" slack="2147483647"/>
</pin_list>
<bind>
<StgValue><ssdm name="empty_9"/></StgValue>
</bind>
</comp>

<comp id="126" class="1001" name="const_126">
<pin_list>
<pin id="127" dir="1" index="0" bw="1" slack="2147483647"/>
</pin_list>
<bind>
<StgValue><ssdm name="empty_10"/></StgValue>
</bind>
</comp>

<comp id="128" class="1001" name="const_128">
<pin_list>
<pin id="129" dir="1" index="0" bw="1" slack="2147483647"/>
</pin_list>
<bind>
<StgValue><ssdm name="empty_11"/></StgValue>
</bind>
</comp>

<comp id="130" class="1001" name="const_130">
<pin_list>
<pin id="131" dir="1" index="0" bw="1" slack="2147483647"/>
</pin_list>
<bind>
<StgValue><ssdm name="empty_12"/></StgValue>
</bind>
</comp>

<comp id="132" class="1001" name="const_132">
<pin_list>
<pin id="133" dir="1" index="0" bw="1" slack="2147483647"/>
</pin_list>
<bind>
<StgValue><ssdm name="empty_13"/></StgValue>
</bind>
</comp>

<comp id="134" class="1001" name="const_134">
<pin_list>
<pin id="135" dir="1" index="0" bw="1" slack="2147483647"/>
</pin_list>
<bind>
<StgValue><ssdm name="empty_14"/></StgValue>
</bind>
</comp>

<comp id="136" class="1001" name="const_136">
<pin_list>
<pin id="137" dir="1" index="0" bw="1" slack="2147483647"/>
</pin_list>
<bind>
<StgValue><ssdm name="empty_15"/></StgValue>
</bind>
</comp>

<comp id="138" class="1001" name="const_138">
<pin_list>
<pin id="139" dir="1" index="0" bw="1" slack="2147483647"/>
</pin_list>
<bind>
<StgValue><ssdm name="empty_16"/></StgValue>
</bind>
</comp>

<comp id="140" class="1001" name="const_140">
<pin_list>
<pin id="141" dir="1" index="0" bw="1" slack="2147483647"/>
</pin_list>
<bind>
<StgValue><ssdm name="empty_17"/></StgValue>
</bind>
</comp>

<comp id="142" class="1001" name="const_142">
<pin_list>
<pin id="143" dir="1" index="0" bw="1" slack="2147483647"/>
</pin_list>
<bind>
<StgValue><ssdm name="empty_18"/></StgValue>
</bind>
</comp>

<comp id="144" class="1001" name="const_144">
<pin_list>
<pin id="145" dir="1" index="0" bw="1" slack="2147483647"/>
</pin_list>
<bind>
<StgValue><ssdm name="empty_19"/></StgValue>
</bind>
</comp>

<comp id="146" class="1001" name="const_146">
<pin_list>
<pin id="147" dir="1" index="0" bw="1" slack="2147483647"/>
</pin_list>
<bind>
<StgValue><ssdm name="empty_20"/></StgValue>
</bind>
</comp>

<comp id="148" class="1001" name="const_148">
<pin_list>
<pin id="149" dir="1" index="0" bw="1" slack="2147483647"/>
</pin_list>
<bind>
<StgValue><ssdm name="empty_21"/></StgValue>
</bind>
</comp>

<comp id="150" class="1001" name="const_150">
<pin_list>
<pin id="151" dir="1" index="0" bw="1" slack="2147483647"/>
</pin_list>
<bind>
<StgValue><ssdm name="empty_22"/></StgValue>
</bind>
</comp>

<comp id="152" class="1001" name="const_152">
<pin_list>
<pin id="153" dir="1" index="0" bw="1" slack="2147483647"/>
</pin_list>
<bind>
<StgValue><ssdm name="empty_23"/></StgValue>
</bind>
</comp>

<comp id="154" class="1001" name="const_154">
<pin_list>
<pin id="155" dir="1" index="0" bw="1" slack="2147483647"/>
</pin_list>
<bind>
<StgValue><ssdm name="empty_24"/></StgValue>
</bind>
</comp>

<comp id="156" class="1001" name="const_156">
<pin_list>
<pin id="157" dir="1" index="0" bw="1" slack="2147483647"/>
</pin_list>
<bind>
<StgValue><ssdm name="empty_25"/></StgValue>
</bind>
</comp>

<comp id="158" class="1001" name="const_158">
<pin_list>
<pin id="159" dir="1" index="0" bw="1" slack="2147483647"/>
</pin_list>
<bind>
<StgValue><ssdm name="empty_26"/></StgValue>
</bind>
</comp>

<comp id="160" class="1001" name="const_160">
<pin_list>
<pin id="161" dir="1" index="0" bw="1" slack="2147483647"/>
</pin_list>
<bind>
<StgValue><ssdm name="empty_27"/></StgValue>
</bind>
</comp>

<comp id="162" class="1001" name="const_162">
<pin_list>
<pin id="163" dir="1" index="0" bw="1" slack="2147483647"/>
</pin_list>
<bind>
<StgValue><ssdm name="empty_28"/></StgValue>
</bind>
</comp>

<comp id="164" class="1001" name="const_164">
<pin_list>
<pin id="165" dir="1" index="0" bw="1" slack="2147483647"/>
</pin_list>
<bind>
<StgValue><ssdm name="empty_29"/></StgValue>
</bind>
</comp>

<comp id="166" class="1001" name="const_166">
<pin_list>
<pin id="167" dir="1" index="0" bw="1" slack="2147483647"/>
</pin_list>
<bind>
<StgValue><ssdm name="empty_30"/></StgValue>
</bind>
</comp>

<comp id="168" class="1001" name="const_168">
<pin_list>
<pin id="169" dir="1" index="0" bw="1" slack="2147483647"/>
</pin_list>
<bind>
<StgValue><ssdm name="empty_36"/></StgValue>
</bind>
</comp>

<comp id="170" class="1001" name="const_170">
<pin_list>
<pin id="171" dir="1" index="0" bw="1" slack="2147483647"/>
</pin_list>
<bind>
<StgValue><ssdm name="empty_32"/></StgValue>
</bind>
</comp>

<comp id="172" class="1001" name="const_172">
<pin_list>
<pin id="173" dir="1" index="0" bw="1" slack="2147483647"/>
</pin_list>
<bind>
<StgValue><ssdm name="empty_33"/></StgValue>
</bind>
</comp>

<comp id="174" class="1001" name="const_174">
<pin_list>
<pin id="175" dir="1" index="0" bw="1" slack="2147483647"/>
</pin_list>
<bind>
<StgValue><ssdm name="empty_34"/></StgValue>
</bind>
</comp>

<comp id="176" class="1001" name="const_176">
<pin_list>
<pin id="177" dir="1" index="0" bw="1" slack="2147483647"/>
</pin_list>
<bind>
<StgValue><ssdm name="empty_35"/></StgValue>
</bind>
</comp>

<comp id="178" class="1001" name="const_178">
<pin_list>
<pin id="179" dir="1" index="0" bw="1" slack="2147483647"/>
</pin_list>
<bind>
<StgValue><ssdm name="empty_41"/></StgValue>
</bind>
</comp>

<comp id="180" class="1004" name="p_loc62_fu_180">
<pin_list>
<pin id="181" dir="0" index="0" bw="1" slack="0"/>
<pin id="182" dir="1" index="1" bw="8" slack="1"/>
</pin_list>
<bind>
<opcode="alloca(26) " fcode="alloca"/>
<opset="p_loc62/1 "/>
</bind>
</comp>

<comp id="184" class="1004" name="p_loc61_fu_184">
<pin_list>
<pin id="185" dir="0" index="0" bw="1" slack="0"/>
<pin id="186" dir="1" index="1" bw="8" slack="1"/>
</pin_list>
<bind>
<opcode="alloca(26) " fcode="alloca"/>
<opset="p_loc61/1 "/>
</bind>
</comp>

<comp id="188" class="1004" name="p_loc60_fu_188">
<pin_list>
<pin id="189" dir="0" index="0" bw="1" slack="0"/>
<pin id="190" dir="1" index="1" bw="8" slack="1"/>
</pin_list>
<bind>
<opcode="alloca(26) " fcode="alloca"/>
<opset="p_loc60/1 "/>
</bind>
</comp>

<comp id="192" class="1004" name="p_loc59_fu_192">
<pin_list>
<pin id="193" dir="0" index="0" bw="1" slack="0"/>
<pin id="194" dir="1" index="1" bw="8" slack="1"/>
</pin_list>
<bind>
<opcode="alloca(26) " fcode="alloca"/>
<opset="p_loc59/1 "/>
</bind>
</comp>

<comp id="196" class="1004" name="p_loc58_fu_196">
<pin_list>
<pin id="197" dir="0" index="0" bw="1" slack="0"/>
<pin id="198" dir="1" index="1" bw="8" slack="1"/>
</pin_list>
<bind>
<opcode="alloca(26) " fcode="alloca"/>
<opset="p_loc58/1 "/>
</bind>
</comp>

<comp id="200" class="1004" name="p_loc57_fu_200">
<pin_list>
<pin id="201" dir="0" index="0" bw="1" slack="0"/>
<pin id="202" dir="1" index="1" bw="8" slack="1"/>
</pin_list>
<bind>
<opcode="alloca(26) " fcode="alloca"/>
<opset="p_loc57/1 "/>
</bind>
</comp>

<comp id="204" class="1004" name="p_loc56_fu_204">
<pin_list>
<pin id="205" dir="0" index="0" bw="1" slack="0"/>
<pin id="206" dir="1" index="1" bw="8" slack="1"/>
</pin_list>
<bind>
<opcode="alloca(26) " fcode="alloca"/>
<opset="p_loc56/1 "/>
</bind>
</comp>

<comp id="208" class="1004" name="p_loc55_fu_208">
<pin_list>
<pin id="209" dir="0" index="0" bw="1" slack="0"/>
<pin id="210" dir="1" index="1" bw="8" slack="1"/>
</pin_list>
<bind>
<opcode="alloca(26) " fcode="alloca"/>
<opset="p_loc55/1 "/>
</bind>
</comp>

<comp id="212" class="1004" name="p_loc54_fu_212">
<pin_list>
<pin id="213" dir="0" index="0" bw="1" slack="0"/>
<pin id="214" dir="1" index="1" bw="8" slack="1"/>
</pin_list>
<bind>
<opcode="alloca(26) " fcode="alloca"/>
<opset="p_loc54/1 "/>
</bind>
</comp>

<comp id="216" class="1004" name="p_loc53_fu_216">
<pin_list>
<pin id="217" dir="0" index="0" bw="1" slack="0"/>
<pin id="218" dir="1" index="1" bw="8" slack="1"/>
</pin_list>
<bind>
<opcode="alloca(26) " fcode="alloca"/>
<opset="p_loc53/1 "/>
</bind>
</comp>

<comp id="220" class="1004" name="p_loc52_fu_220">
<pin_list>
<pin id="221" dir="0" index="0" bw="1" slack="0"/>
<pin id="222" dir="1" index="1" bw="8" slack="1"/>
</pin_list>
<bind>
<opcode="alloca(26) " fcode="alloca"/>
<opset="p_loc52/1 "/>
</bind>
</comp>

<comp id="224" class="1004" name="p_loc51_fu_224">
<pin_list>
<pin id="225" dir="0" index="0" bw="1" slack="0"/>
<pin id="226" dir="1" index="1" bw="8" slack="1"/>
</pin_list>
<bind>
<opcode="alloca(26) " fcode="alloca"/>
<opset="p_loc51/1 "/>
</bind>
</comp>

<comp id="228" class="1004" name="p_loc50_fu_228">
<pin_list>
<pin id="229" dir="0" index="0" bw="1" slack="0"/>
<pin id="230" dir="1" index="1" bw="8" slack="1"/>
</pin_list>
<bind>
<opcode="alloca(26) " fcode="alloca"/>
<opset="p_loc50/1 "/>
</bind>
</comp>

<comp id="232" class="1004" name="p_loc49_fu_232">
<pin_list>
<pin id="233" dir="0" index="0" bw="1" slack="0"/>
<pin id="234" dir="1" index="1" bw="8" slack="1"/>
</pin_list>
<bind>
<opcode="alloca(26) " fcode="alloca"/>
<opset="p_loc49/1 "/>
</bind>
</comp>

<comp id="236" class="1004" name="p_loc48_fu_236">
<pin_list>
<pin id="237" dir="0" index="0" bw="1" slack="0"/>
<pin id="238" dir="1" index="1" bw="8" slack="1"/>
</pin_list>
<bind>
<opcode="alloca(26) " fcode="alloca"/>
<opset="p_loc48/1 "/>
</bind>
</comp>

<comp id="240" class="1004" name="p_loc47_fu_240">
<pin_list>
<pin id="241" dir="0" index="0" bw="1" slack="0"/>
<pin id="242" dir="1" index="1" bw="8" slack="1"/>
</pin_list>
<bind>
<opcode="alloca(26) " fcode="alloca"/>
<opset="p_loc47/1 "/>
</bind>
</comp>

<comp id="244" class="1004" name="p_loc46_fu_244">
<pin_list>
<pin id="245" dir="0" index="0" bw="1" slack="0"/>
<pin id="246" dir="1" index="1" bw="8" slack="1"/>
</pin_list>
<bind>
<opcode="alloca(26) " fcode="alloca"/>
<opset="p_loc46/1 "/>
</bind>
</comp>

<comp id="248" class="1004" name="p_loc45_fu_248">
<pin_list>
<pin id="249" dir="0" index="0" bw="1" slack="0"/>
<pin id="250" dir="1" index="1" bw="8" slack="1"/>
</pin_list>
<bind>
<opcode="alloca(26) " fcode="alloca"/>
<opset="p_loc45/1 "/>
</bind>
</comp>

<comp id="252" class="1004" name="p_loc44_fu_252">
<pin_list>
<pin id="253" dir="0" index="0" bw="1" slack="0"/>
<pin id="254" dir="1" index="1" bw="8" slack="1"/>
</pin_list>
<bind>
<opcode="alloca(26) " fcode="alloca"/>
<opset="p_loc44/1 "/>
</bind>
</comp>

<comp id="256" class="1004" name="p_loc43_fu_256">
<pin_list>
<pin id="257" dir="0" index="0" bw="1" slack="0"/>
<pin id="258" dir="1" index="1" bw="8" slack="1"/>
</pin_list>
<bind>
<opcode="alloca(26) " fcode="alloca"/>
<opset="p_loc43/1 "/>
</bind>
</comp>

<comp id="260" class="1004" name="p_loc42_fu_260">
<pin_list>
<pin id="261" dir="0" index="0" bw="1" slack="0"/>
<pin id="262" dir="1" index="1" bw="8" slack="1"/>
</pin_list>
<bind>
<opcode="alloca(26) " fcode="alloca"/>
<opset="p_loc42/1 "/>
</bind>
</comp>

<comp id="264" class="1004" name="p_loc41_fu_264">
<pin_list>
<pin id="265" dir="0" index="0" bw="1" slack="0"/>
<pin id="266" dir="1" index="1" bw="8" slack="1"/>
</pin_list>
<bind>
<opcode="alloca(26) " fcode="alloca"/>
<opset="p_loc41/1 "/>
</bind>
</comp>

<comp id="268" class="1004" name="p_loc40_fu_268">
<pin_list>
<pin id="269" dir="0" index="0" bw="1" slack="0"/>
<pin id="270" dir="1" index="1" bw="8" slack="1"/>
</pin_list>
<bind>
<opcode="alloca(26) " fcode="alloca"/>
<opset="p_loc40/1 "/>
</bind>
</comp>

<comp id="272" class="1004" name="p_loc39_fu_272">
<pin_list>
<pin id="273" dir="0" index="0" bw="1" slack="0"/>
<pin id="274" dir="1" index="1" bw="8" slack="1"/>
</pin_list>
<bind>
<opcode="alloca(26) " fcode="alloca"/>
<opset="p_loc39/1 "/>
</bind>
</comp>

<comp id="276" class="1004" name="p_loc38_fu_276">
<pin_list>
<pin id="277" dir="0" index="0" bw="1" slack="0"/>
<pin id="278" dir="1" index="1" bw="8" slack="1"/>
</pin_list>
<bind>
<opcode="alloca(26) " fcode="alloca"/>
<opset="p_loc38/1 "/>
</bind>
</comp>

<comp id="280" class="1004" name="p_loc37_fu_280">
<pin_list>
<pin id="281" dir="0" index="0" bw="1" slack="0"/>
<pin id="282" dir="1" index="1" bw="8" slack="1"/>
</pin_list>
<bind>
<opcode="alloca(26) " fcode="alloca"/>
<opset="p_loc37/1 "/>
</bind>
</comp>

<comp id="284" class="1004" name="p_loc36_fu_284">
<pin_list>
<pin id="285" dir="0" index="0" bw="1" slack="0"/>
<pin id="286" dir="1" index="1" bw="8" slack="1"/>
</pin_list>
<bind>
<opcode="alloca(26) " fcode="alloca"/>
<opset="p_loc36/1 "/>
</bind>
</comp>

<comp id="288" class="1004" name="p_loc35_fu_288">
<pin_list>
<pin id="289" dir="0" index="0" bw="1" slack="0"/>
<pin id="290" dir="1" index="1" bw="8" slack="1"/>
</pin_list>
<bind>
<opcode="alloca(26) " fcode="alloca"/>
<opset="p_loc35/1 "/>
</bind>
</comp>

<comp id="292" class="1004" name="p_loc34_fu_292">
<pin_list>
<pin id="293" dir="0" index="0" bw="1" slack="0"/>
<pin id="294" dir="1" index="1" bw="8" slack="1"/>
</pin_list>
<bind>
<opcode="alloca(26) " fcode="alloca"/>
<opset="p_loc34/1 "/>
</bind>
</comp>

<comp id="296" class="1004" name="p_loc33_fu_296">
<pin_list>
<pin id="297" dir="0" index="0" bw="1" slack="0"/>
<pin id="298" dir="1" index="1" bw="8" slack="1"/>
</pin_list>
<bind>
<opcode="alloca(26) " fcode="alloca"/>
<opset="p_loc33/1 "/>
</bind>
</comp>

<comp id="300" class="1004" name="p_loc32_fu_300">
<pin_list>
<pin id="301" dir="0" index="0" bw="1" slack="0"/>
<pin id="302" dir="1" index="1" bw="8" slack="1"/>
</pin_list>
<bind>
<opcode="alloca(26) " fcode="alloca"/>
<opset="p_loc32/1 "/>
</bind>
</comp>

<comp id="304" class="1004" name="p_loc_fu_304">
<pin_list>
<pin id="305" dir="0" index="0" bw="1" slack="0"/>
<pin id="306" dir="1" index="1" bw="8" slack="1"/>
</pin_list>
<bind>
<opcode="alloca(26) " fcode="alloca"/>
<opset="p_loc/1 "/>
</bind>
</comp>

<comp id="308" class="1004" name="num_rows_read_read_fu_308">
<pin_list>
<pin id="309" dir="0" index="0" bw="32" slack="0"/>
<pin id="310" dir="0" index="1" bw="32" slack="0"/>
<pin id="311" dir="1" index="2" bw="32" slack="0"/>
</pin_list>
<bind>
<opcode="read(1150) " fcode="read"/>
<opset="num_rows_read/4 "/>
</bind>
</comp>

<comp id="314" class="1004" name="grp_dense_gemv_Pipeline_VITIS_LOOP_25_1_fu_314">
<pin_list>
<pin id="315" dir="0" index="0" bw="0" slack="0"/>
<pin id="316" dir="0" index="1" bw="8" slack="0"/>
<pin id="317" dir="0" index="2" bw="8" slack="1"/>
<pin id="318" dir="0" index="3" bw="8" slack="1"/>
<pin id="319" dir="0" index="4" bw="8" slack="1"/>
<pin id="320" dir="0" index="5" bw="8" slack="1"/>
<pin id="321" dir="0" index="6" bw="8" slack="1"/>
<pin id="322" dir="0" index="7" bw="8" slack="1"/>
<pin id="323" dir="0" index="8" bw="8" slack="1"/>
<pin id="324" dir="0" index="9" bw="8" slack="1"/>
<pin id="325" dir="0" index="10" bw="8" slack="1"/>
<pin id="326" dir="0" index="11" bw="8" slack="1"/>
<pin id="327" dir="0" index="12" bw="8" slack="1"/>
<pin id="328" dir="0" index="13" bw="8" slack="1"/>
<pin id="329" dir="0" index="14" bw="8" slack="1"/>
<pin id="330" dir="0" index="15" bw="8" slack="1"/>
<pin id="331" dir="0" index="16" bw="8" slack="1"/>
<pin id="332" dir="0" index="17" bw="8" slack="1"/>
<pin id="333" dir="0" index="18" bw="8" slack="1"/>
<pin id="334" dir="0" index="19" bw="8" slack="1"/>
<pin id="335" dir="0" index="20" bw="8" slack="1"/>
<pin id="336" dir="0" index="21" bw="8" slack="1"/>
<pin id="337" dir="0" index="22" bw="8" slack="1"/>
<pin id="338" dir="0" index="23" bw="8" slack="1"/>
<pin id="339" dir="0" index="24" bw="8" slack="1"/>
<pin id="340" dir="0" index="25" bw="8" slack="1"/>
<pin id="341" dir="0" index="26" bw="8" slack="1"/>
<pin id="342" dir="0" index="27" bw="8" slack="1"/>
<pin id="343" dir="0" index="28" bw="8" slack="1"/>
<pin id="344" dir="0" index="29" bw="8" slack="1"/>
<pin id="345" dir="0" index="30" bw="8" slack="1"/>
<pin id="346" dir="0" index="31" bw="8" slack="1"/>
<pin id="347" dir="0" index="32" bw="8" slack="1"/>
<pin id="348" dir="0" index="33" bw="8" slack="1"/>
<pin id="349" dir="1" index="34" bw="0" slack="2147483647"/>
</pin_list>
<bind>
<opcode="call(48) " fcode="call"/>
<opset="call_ln0/2 "/>
</bind>
</comp>

<comp id="352" class="1004" name="grp_dense_gemv_Pipeline_VITIS_LOOP_30_2_fu_352">
<pin_list>
<pin id="353" dir="0" index="0" bw="0" slack="0"/>
<pin id="354" dir="0" index="1" bw="32" slack="0"/>
<pin id="355" dir="0" index="2" bw="32" slack="0"/>
<pin id="356" dir="0" index="3" bw="32" slack="0"/>
<pin id="357" dir="0" index="4" bw="32" slack="0"/>
<pin id="358" dir="0" index="5" bw="32" slack="0"/>
<pin id="359" dir="0" index="6" bw="32" slack="0"/>
<pin id="360" dir="0" index="7" bw="32" slack="0"/>
<pin id="361" dir="0" index="8" bw="32" slack="0"/>
<pin id="362" dir="0" index="9" bw="32" slack="0"/>
<pin id="363" dir="0" index="10" bw="32" slack="0"/>
<pin id="364" dir="0" index="11" bw="32" slack="0"/>
<pin id="365" dir="0" index="12" bw="32" slack="0"/>
<pin id="366" dir="0" index="13" bw="32" slack="0"/>
<pin id="367" dir="0" index="14" bw="32" slack="0"/>
<pin id="368" dir="0" index="15" bw="32" slack="0"/>
<pin id="369" dir="0" index="16" bw="32" slack="0"/>
<pin id="370" dir="0" index="17" bw="32" slack="0"/>
<pin id="371" dir="0" index="18" bw="32" slack="0"/>
<pin id="372" dir="0" index="19" bw="32" slack="0"/>
<pin id="373" dir="0" index="20" bw="32" slack="0"/>
<pin id="374" dir="0" index="21" bw="32" slack="0"/>
<pin id="375" dir="0" index="22" bw="32" slack="0"/>
<pin id="376" dir="0" index="23" bw="32" slack="0"/>
<pin id="377" dir="0" index="24" bw="32" slack="0"/>
<pin id="378" dir="0" index="25" bw="32" slack="0"/>
<pin id="379" dir="0" index="26" bw="32" slack="0"/>
<pin id="380" dir="0" index="27" bw="32" slack="0"/>
<pin id="381" dir="0" index="28" bw="32" slack="0"/>
<pin id="382" dir="0" index="29" bw="32" slack="0"/>
<pin id="383" dir="0" index="30" bw="32" slack="0"/>
<pin id="384" dir="0" index="31" bw="32" slack="0"/>
<pin id="385" dir="0" index="32" bw="32" slack="0"/>
<pin id="386" dir="0" index="33" bw="32" slack="0"/>
<pin id="387" dir="0" index="34" bw="8" slack="0"/>
<pin id="388" dir="0" index="35" bw="8" slack="0"/>
<pin id="389" dir="0" index="36" bw="8" slack="0"/>
<pin id="390" dir="0" index="37" bw="8" slack="0"/>
<pin id="391" dir="0" index="38" bw="8" slack="0"/>
<pin id="392" dir="0" index="39" bw="8" slack="0"/>
<pin id="393" dir="0" index="40" bw="8" slack="0"/>
<pin id="394" dir="0" index="41" bw="8" slack="0"/>
<pin id="395" dir="0" index="42" bw="8" slack="0"/>
<pin id="396" dir="0" index="43" bw="8" slack="0"/>
<pin id="397" dir="0" index="44" bw="8" slack="0"/>
<pin id="398" dir="0" index="45" bw="8" slack="0"/>
<pin id="399" dir="0" index="46" bw="8" slack="0"/>
<pin id="400" dir="0" index="47" bw="8" slack="0"/>
<pin id="401" dir="0" index="48" bw="8" slack="0"/>
<pin id="402" dir="0" index="49" bw="8" slack="0"/>
<pin id="403" dir="0" index="50" bw="8" slack="0"/>
<pin id="404" dir="0" index="51" bw="8" slack="0"/>
<pin id="405" dir="0" index="52" bw="8" slack="0"/>
<pin id="406" dir="0" index="53" bw="8" slack="0"/>
<pin id="407" dir="0" index="54" bw="8" slack="0"/>
<pin id="408" dir="0" index="55" bw="8" slack="0"/>
<pin id="409" dir="0" index="56" bw="8" slack="0"/>
<pin id="410" dir="0" index="57" bw="8" slack="0"/>
<pin id="411" dir="0" index="58" bw="8" slack="0"/>
<pin id="412" dir="0" index="59" bw="8" slack="0"/>
<pin id="413" dir="0" index="60" bw="8" slack="0"/>
<pin id="414" dir="0" index="61" bw="8" slack="0"/>
<pin id="415" dir="0" index="62" bw="8" slack="0"/>
<pin id="416" dir="0" index="63" bw="8" slack="0"/>
<pin id="417" dir="0" index="64" bw="8" slack="0"/>
<pin id="418" dir="0" index="65" bw="8" slack="0"/>
<pin id="419" dir="0" index="66" bw="32" slack="0"/>
<pin id="420" dir="1" index="67" bw="0" slack="2147483647"/>
</pin_list>
<bind>
<opcode="call(48) " fcode="call"/>
<opset="call_ln0/4 "/>
</bind>
</comp>

<comp id="456" class="1004" name="p_loc_load_load_fu_456">
<pin_list>
<pin id="457" dir="0" index="0" bw="8" slack="3"/>
<pin id="458" dir="1" index="1" bw="8" slack="0"/>
</pin_list>
<bind>
<opcode="load(27) " fcode="load"/>
<opset="p_loc_load/4 "/>
</bind>
</comp>

<comp id="460" class="1004" name="p_loc32_load_load_fu_460">
<pin_list>
<pin id="461" dir="0" index="0" bw="8" slack="3"/>
<pin id="462" dir="1" index="1" bw="8" slack="0"/>
</pin_list>
<bind>
<opcode="load(27) " fcode="load"/>
<opset="p_loc32_load/4 "/>
</bind>
</comp>

<comp id="464" class="1004" name="p_loc33_load_load_fu_464">
<pin_list>
<pin id="465" dir="0" index="0" bw="8" slack="3"/>
<pin id="466" dir="1" index="1" bw="8" slack="0"/>
</pin_list>
<bind>
<opcode="load(27) " fcode="load"/>
<opset="p_loc33_load/4 "/>
</bind>
</comp>

<comp id="468" class="1004" name="p_loc34_load_load_fu_468">
<pin_list>
<pin id="469" dir="0" index="0" bw="8" slack="3"/>
<pin id="470" dir="1" index="1" bw="8" slack="0"/>
</pin_list>
<bind>
<opcode="load(27) " fcode="load"/>
<opset="p_loc34_load/4 "/>
</bind>
</comp>

<comp id="472" class="1004" name="p_loc35_load_load_fu_472">
<pin_list>
<pin id="473" dir="0" index="0" bw="8" slack="3"/>
<pin id="474" dir="1" index="1" bw="8" slack="0"/>
</pin_list>
<bind>
<opcode="load(27) " fcode="load"/>
<opset="p_loc35_load/4 "/>
</bind>
</comp>

<comp id="476" class="1004" name="p_loc36_load_load_fu_476">
<pin_list>
<pin id="477" dir="0" index="0" bw="8" slack="3"/>
<pin id="478" dir="1" index="1" bw="8" slack="0"/>
</pin_list>
<bind>
<opcode="load(27) " fcode="load"/>
<opset="p_loc36_load/4 "/>
</bind>
</comp>

<comp id="480" class="1004" name="p_loc37_load_load_fu_480">
<pin_list>
<pin id="481" dir="0" index="0" bw="8" slack="3"/>
<pin id="482" dir="1" index="1" bw="8" slack="0"/>
</pin_list>
<bind>
<opcode="load(27) " fcode="load"/>
<opset="p_loc37_load/4 "/>
</bind>
</comp>

<comp id="484" class="1004" name="p_loc38_load_load_fu_484">
<pin_list>
<pin id="485" dir="0" index="0" bw="8" slack="3"/>
<pin id="486" dir="1" index="1" bw="8" slack="0"/>
</pin_list>
<bind>
<opcode="load(27) " fcode="load"/>
<opset="p_loc38_load/4 "/>
</bind>
</comp>

<comp id="488" class="1004" name="p_loc39_load_load_fu_488">
<pin_list>
<pin id="489" dir="0" index="0" bw="8" slack="3"/>
<pin id="490" dir="1" index="1" bw="8" slack="0"/>
</pin_list>
<bind>
<opcode="load(27) " fcode="load"/>
<opset="p_loc39_load/4 "/>
</bind>
</comp>

<comp id="492" class="1004" name="p_loc40_load_load_fu_492">
<pin_list>
<pin id="493" dir="0" index="0" bw="8" slack="3"/>
<pin id="494" dir="1" index="1" bw="8" slack="0"/>
</pin_list>
<bind>
<opcode="load(27) " fcode="load"/>
<opset="p_loc40_load/4 "/>
</bind>
</comp>

<comp id="496" class="1004" name="p_loc41_load_load_fu_496">
<pin_list>
<pin id="497" dir="0" index="0" bw="8" slack="3"/>
<pin id="498" dir="1" index="1" bw="8" slack="0"/>
</pin_list>
<bind>
<opcode="load(27) " fcode="load"/>
<opset="p_loc41_load/4 "/>
</bind>
</comp>

<comp id="500" class="1004" name="p_loc42_load_load_fu_500">
<pin_list>
<pin id="501" dir="0" index="0" bw="8" slack="3"/>
<pin id="502" dir="1" index="1" bw="8" slack="0"/>
</pin_list>
<bind>
<opcode="load(27) " fcode="load"/>
<opset="p_loc42_load/4 "/>
</bind>
</comp>

<comp id="504" class="1004" name="p_loc43_load_load_fu_504">
<pin_list>
<pin id="505" dir="0" index="0" bw="8" slack="3"/>
<pin id="506" dir="1" index="1" bw="8" slack="0"/>
</pin_list>
<bind>
<opcode="load(27) " fcode="load"/>
<opset="p_loc43_load/4 "/>
</bind>
</comp>

<comp id="508" class="1004" name="p_loc44_load_load_fu_508">
<pin_list>
<pin id="509" dir="0" index="0" bw="8" slack="3"/>
<pin id="510" dir="1" index="1" bw="8" slack="0"/>
</pin_list>
<bind>
<opcode="load(27) " fcode="load"/>
<opset="p_loc44_load/4 "/>
</bind>
</comp>

<comp id="512" class="1004" name="p_loc45_load_load_fu_512">
<pin_list>
<pin id="513" dir="0" index="0" bw="8" slack="3"/>
<pin id="514" dir="1" index="1" bw="8" slack="0"/>
</pin_list>
<bind>
<opcode="load(27) " fcode="load"/>
<opset="p_loc45_load/4 "/>
</bind>
</comp>

<comp id="516" class="1004" name="p_loc46_load_load_fu_516">
<pin_list>
<pin id="517" dir="0" index="0" bw="8" slack="3"/>
<pin id="518" dir="1" index="1" bw="8" slack="0"/>
</pin_list>
<bind>
<opcode="load(27) " fcode="load"/>
<opset="p_loc46_load/4 "/>
</bind>
</comp>

<comp id="520" class="1004" name="p_loc47_load_load_fu_520">
<pin_list>
<pin id="521" dir="0" index="0" bw="8" slack="3"/>
<pin id="522" dir="1" index="1" bw="8" slack="0"/>
</pin_list>
<bind>
<opcode="load(27) " fcode="load"/>
<opset="p_loc47_load/4 "/>
</bind>
</comp>

<comp id="524" class="1004" name="p_loc48_load_load_fu_524">
<pin_list>
<pin id="525" dir="0" index="0" bw="8" slack="3"/>
<pin id="526" dir="1" index="1" bw="8" slack="0"/>
</pin_list>
<bind>
<opcode="load(27) " fcode="load"/>
<opset="p_loc48_load/4 "/>
</bind>
</comp>

<comp id="528" class="1004" name="p_loc49_load_load_fu_528">
<pin_list>
<pin id="529" dir="0" index="0" bw="8" slack="3"/>
<pin id="530" dir="1" index="1" bw="8" slack="0"/>
</pin_list>
<bind>
<opcode="load(27) " fcode="load"/>
<opset="p_loc49_load/4 "/>
</bind>
</comp>

<comp id="532" class="1004" name="p_loc50_load_load_fu_532">
<pin_list>
<pin id="533" dir="0" index="0" bw="8" slack="3"/>
<pin id="534" dir="1" index="1" bw="8" slack="0"/>
</pin_list>
<bind>
<opcode="load(27) " fcode="load"/>
<opset="p_loc50_load/4 "/>
</bind>
</comp>

<comp id="536" class="1004" name="p_loc51_load_load_fu_536">
<pin_list>
<pin id="537" dir="0" index="0" bw="8" slack="3"/>
<pin id="538" dir="1" index="1" bw="8" slack="0"/>
</pin_list>
<bind>
<opcode="load(27) " fcode="load"/>
<opset="p_loc51_load/4 "/>
</bind>
</comp>

<comp id="540" class="1004" name="p_loc52_load_load_fu_540">
<pin_list>
<pin id="541" dir="0" index="0" bw="8" slack="3"/>
<pin id="542" dir="1" index="1" bw="8" slack="0"/>
</pin_list>
<bind>
<opcode="load(27) " fcode="load"/>
<opset="p_loc52_load/4 "/>
</bind>
</comp>

<comp id="544" class="1004" name="p_loc53_load_load_fu_544">
<pin_list>
<pin id="545" dir="0" index="0" bw="8" slack="3"/>
<pin id="546" dir="1" index="1" bw="8" slack="0"/>
</pin_list>
<bind>
<opcode="load(27) " fcode="load"/>
<opset="p_loc53_load/4 "/>
</bind>
</comp>

<comp id="548" class="1004" name="p_loc54_load_load_fu_548">
<pin_list>
<pin id="549" dir="0" index="0" bw="8" slack="3"/>
<pin id="550" dir="1" index="1" bw="8" slack="0"/>
</pin_list>
<bind>
<opcode="load(27) " fcode="load"/>
<opset="p_loc54_load/4 "/>
</bind>
</comp>

<comp id="552" class="1004" name="p_loc55_load_load_fu_552">
<pin_list>
<pin id="553" dir="0" index="0" bw="8" slack="3"/>
<pin id="554" dir="1" index="1" bw="8" slack="0"/>
</pin_list>
<bind>
<opcode="load(27) " fcode="load"/>
<opset="p_loc55_load/4 "/>
</bind>
</comp>

<comp id="556" class="1004" name="p_loc56_load_load_fu_556">
<pin_list>
<pin id="557" dir="0" index="0" bw="8" slack="3"/>
<pin id="558" dir="1" index="1" bw="8" slack="0"/>
</pin_list>
<bind>
<opcode="load(27) " fcode="load"/>
<opset="p_loc56_load/4 "/>
</bind>
</comp>

<comp id="560" class="1004" name="p_loc57_load_load_fu_560">
<pin_list>
<pin id="561" dir="0" index="0" bw="8" slack="3"/>
<pin id="562" dir="1" index="1" bw="8" slack="0"/>
</pin_list>
<bind>
<opcode="load(27) " fcode="load"/>
<opset="p_loc57_load/4 "/>
</bind>
</comp>

<comp id="564" class="1004" name="p_loc58_load_load_fu_564">
<pin_list>
<pin id="565" dir="0" index="0" bw="8" slack="3"/>
<pin id="566" dir="1" index="1" bw="8" slack="0"/>
</pin_list>
<bind>
<opcode="load(27) " fcode="load"/>
<opset="p_loc58_load/4 "/>
</bind>
</comp>

<comp id="568" class="1004" name="p_loc59_load_load_fu_568">
<pin_list>
<pin id="569" dir="0" index="0" bw="8" slack="3"/>
<pin id="570" dir="1" index="1" bw="8" slack="0"/>
</pin_list>
<bind>
<opcode="load(27) " fcode="load"/>
<opset="p_loc59_load/4 "/>
</bind>
</comp>

<comp id="572" class="1004" name="p_loc60_load_load_fu_572">
<pin_list>
<pin id="573" dir="0" index="0" bw="8" slack="3"/>
<pin id="574" dir="1" index="1" bw="8" slack="0"/>
</pin_list>
<bind>
<opcode="load(27) " fcode="load"/>
<opset="p_loc60_load/4 "/>
</bind>
</comp>

<comp id="576" class="1004" name="p_loc61_load_load_fu_576">
<pin_list>
<pin id="577" dir="0" index="0" bw="8" slack="3"/>
<pin id="578" dir="1" index="1" bw="8" slack="0"/>
</pin_list>
<bind>
<opcode="load(27) " fcode="load"/>
<opset="p_loc61_load/4 "/>
</bind>
</comp>

<comp id="580" class="1004" name="p_loc62_load_load_fu_580">
<pin_list>
<pin id="581" dir="0" index="0" bw="8" slack="3"/>
<pin id="582" dir="1" index="1" bw="8" slack="0"/>
</pin_list>
<bind>
<opcode="load(27) " fcode="load"/>
<opset="p_loc62_load/4 "/>
</bind>
</comp>

<comp id="584" class="1005" name="p_loc62_reg_584">
<pin_list>
<pin id="585" dir="0" index="0" bw="8" slack="1"/>
<pin id="586" dir="1" index="1" bw="8" slack="1"/>
</pin_list>
<bind>
<opset="p_loc62 "/>
</bind>
</comp>

<comp id="590" class="1005" name="p_loc61_reg_590">
<pin_list>
<pin id="591" dir="0" index="0" bw="8" slack="1"/>
<pin id="592" dir="1" index="1" bw="8" slack="1"/>
</pin_list>
<bind>
<opset="p_loc61 "/>
</bind>
</comp>

<comp id="596" class="1005" name="p_loc60_reg_596">
<pin_list>
<pin id="597" dir="0" index="0" bw="8" slack="1"/>
<pin id="598" dir="1" index="1" bw="8" slack="1"/>
</pin_list>
<bind>
<opset="p_loc60 "/>
</bind>
</comp>

<comp id="602" class="1005" name="p_loc59_reg_602">
<pin_list>
<pin id="603" dir="0" index="0" bw="8" slack="1"/>
<pin id="604" dir="1" index="1" bw="8" slack="1"/>
</pin_list>
<bind>
<opset="p_loc59 "/>
</bind>
</comp>

<comp id="608" class="1005" name="p_loc58_reg_608">
<pin_list>
<pin id="609" dir="0" index="0" bw="8" slack="1"/>
<pin id="610" dir="1" index="1" bw="8" slack="1"/>
</pin_list>
<bind>
<opset="p_loc58 "/>
</bind>
</comp>

<comp id="614" class="1005" name="p_loc57_reg_614">
<pin_list>
<pin id="615" dir="0" index="0" bw="8" slack="1"/>
<pin id="616" dir="1" index="1" bw="8" slack="1"/>
</pin_list>
<bind>
<opset="p_loc57 "/>
</bind>
</comp>

<comp id="620" class="1005" name="p_loc56_reg_620">
<pin_list>
<pin id="621" dir="0" index="0" bw="8" slack="1"/>
<pin id="622" dir="1" index="1" bw="8" slack="1"/>
</pin_list>
<bind>
<opset="p_loc56 "/>
</bind>
</comp>

<comp id="626" class="1005" name="p_loc55_reg_626">
<pin_list>
<pin id="627" dir="0" index="0" bw="8" slack="1"/>
<pin id="628" dir="1" index="1" bw="8" slack="1"/>
</pin_list>
<bind>
<opset="p_loc55 "/>
</bind>
</comp>

<comp id="632" class="1005" name="p_loc54_reg_632">
<pin_list>
<pin id="633" dir="0" index="0" bw="8" slack="1"/>
<pin id="634" dir="1" index="1" bw="8" slack="1"/>
</pin_list>
<bind>
<opset="p_loc54 "/>
</bind>
</comp>

<comp id="638" class="1005" name="p_loc53_reg_638">
<pin_list>
<pin id="639" dir="0" index="0" bw="8" slack="1"/>
<pin id="640" dir="1" index="1" bw="8" slack="1"/>
</pin_list>
<bind>
<opset="p_loc53 "/>
</bind>
</comp>

<comp id="644" class="1005" name="p_loc52_reg_644">
<pin_list>
<pin id="645" dir="0" index="0" bw="8" slack="1"/>
<pin id="646" dir="1" index="1" bw="8" slack="1"/>
</pin_list>
<bind>
<opset="p_loc52 "/>
</bind>
</comp>

<comp id="650" class="1005" name="p_loc51_reg_650">
<pin_list>
<pin id="651" dir="0" index="0" bw="8" slack="1"/>
<pin id="652" dir="1" index="1" bw="8" slack="1"/>
</pin_list>
<bind>
<opset="p_loc51 "/>
</bind>
</comp>

<comp id="656" class="1005" name="p_loc50_reg_656">
<pin_list>
<pin id="657" dir="0" index="0" bw="8" slack="1"/>
<pin id="658" dir="1" index="1" bw="8" slack="1"/>
</pin_list>
<bind>
<opset="p_loc50 "/>
</bind>
</comp>

<comp id="662" class="1005" name="p_loc49_reg_662">
<pin_list>
<pin id="663" dir="0" index="0" bw="8" slack="1"/>
<pin id="664" dir="1" index="1" bw="8" slack="1"/>
</pin_list>
<bind>
<opset="p_loc49 "/>
</bind>
</comp>

<comp id="668" class="1005" name="p_loc48_reg_668">
<pin_list>
<pin id="669" dir="0" index="0" bw="8" slack="1"/>
<pin id="670" dir="1" index="1" bw="8" slack="1"/>
</pin_list>
<bind>
<opset="p_loc48 "/>
</bind>
</comp>

<comp id="674" class="1005" name="p_loc47_reg_674">
<pin_list>
<pin id="675" dir="0" index="0" bw="8" slack="1"/>
<pin id="676" dir="1" index="1" bw="8" slack="1"/>
</pin_list>
<bind>
<opset="p_loc47 "/>
</bind>
</comp>

<comp id="680" class="1005" name="p_loc46_reg_680">
<pin_list>
<pin id="681" dir="0" index="0" bw="8" slack="1"/>
<pin id="682" dir="1" index="1" bw="8" slack="1"/>
</pin_list>
<bind>
<opset="p_loc46 "/>
</bind>
</comp>

<comp id="686" class="1005" name="p_loc45_reg_686">
<pin_list>
<pin id="687" dir="0" index="0" bw="8" slack="1"/>
<pin id="688" dir="1" index="1" bw="8" slack="1"/>
</pin_list>
<bind>
<opset="p_loc45 "/>
</bind>
</comp>

<comp id="692" class="1005" name="p_loc44_reg_692">
<pin_list>
<pin id="693" dir="0" index="0" bw="8" slack="1"/>
<pin id="694" dir="1" index="1" bw="8" slack="1"/>
</pin_list>
<bind>
<opset="p_loc44 "/>
</bind>
</comp>

<comp id="698" class="1005" name="p_loc43_reg_698">
<pin_list>
<pin id="699" dir="0" index="0" bw="8" slack="1"/>
<pin id="700" dir="1" index="1" bw="8" slack="1"/>
</pin_list>
<bind>
<opset="p_loc43 "/>
</bind>
</comp>

<comp id="704" class="1005" name="p_loc42_reg_704">
<pin_list>
<pin id="705" dir="0" index="0" bw="8" slack="1"/>
<pin id="706" dir="1" index="1" bw="8" slack="1"/>
</pin_list>
<bind>
<opset="p_loc42 "/>
</bind>
</comp>

<comp id="710" class="1005" name="p_loc41_reg_710">
<pin_list>
<pin id="711" dir="0" index="0" bw="8" slack="1"/>
<pin id="712" dir="1" index="1" bw="8" slack="1"/>
</pin_list>
<bind>
<opset="p_loc41 "/>
</bind>
</comp>

<comp id="716" class="1005" name="p_loc40_reg_716">
<pin_list>
<pin id="717" dir="0" index="0" bw="8" slack="1"/>
<pin id="718" dir="1" index="1" bw="8" slack="1"/>
</pin_list>
<bind>
<opset="p_loc40 "/>
</bind>
</comp>

<comp id="722" class="1005" name="p_loc39_reg_722">
<pin_list>
<pin id="723" dir="0" index="0" bw="8" slack="1"/>
<pin id="724" dir="1" index="1" bw="8" slack="1"/>
</pin_list>
<bind>
<opset="p_loc39 "/>
</bind>
</comp>

<comp id="728" class="1005" name="p_loc38_reg_728">
<pin_list>
<pin id="729" dir="0" index="0" bw="8" slack="1"/>
<pin id="730" dir="1" index="1" bw="8" slack="1"/>
</pin_list>
<bind>
<opset="p_loc38 "/>
</bind>
</comp>

<comp id="734" class="1005" name="p_loc37_reg_734">
<pin_list>
<pin id="735" dir="0" index="0" bw="8" slack="1"/>
<pin id="736" dir="1" index="1" bw="8" slack="1"/>
</pin_list>
<bind>
<opset="p_loc37 "/>
</bind>
</comp>

<comp id="740" class="1005" name="p_loc36_reg_740">
<pin_list>
<pin id="741" dir="0" index="0" bw="8" slack="1"/>
<pin id="742" dir="1" index="1" bw="8" slack="1"/>
</pin_list>
<bind>
<opset="p_loc36 "/>
</bind>
</comp>

<comp id="746" class="1005" name="p_loc35_reg_746">
<pin_list>
<pin id="747" dir="0" index="0" bw="8" slack="1"/>
<pin id="748" dir="1" index="1" bw="8" slack="1"/>
</pin_list>
<bind>
<opset="p_loc35 "/>
</bind>
</comp>

<comp id="752" class="1005" name="p_loc34_reg_752">
<pin_list>
<pin id="753" dir="0" index="0" bw="8" slack="1"/>
<pin id="754" dir="1" index="1" bw="8" slack="1"/>
</pin_list>
<bind>
<opset="p_loc34 "/>
</bind>
</comp>

<comp id="758" class="1005" name="p_loc33_reg_758">
<pin_list>
<pin id="759" dir="0" index="0" bw="8" slack="1"/>
<pin id="760" dir="1" index="1" bw="8" slack="1"/>
</pin_list>
<bind>
<opset="p_loc33 "/>
</bind>
</comp>

<comp id="764" class="1005" name="p_loc32_reg_764">
<pin_list>
<pin id="765" dir="0" index="0" bw="8" slack="1"/>
<pin id="766" dir="1" index="1" bw="8" slack="1"/>
</pin_list>
<bind>
<opset="p_loc32 "/>
</bind>
</comp>

<comp id="770" class="1005" name="p_loc_reg_770">
<pin_list>
<pin id="771" dir="0" index="0" bw="8" slack="1"/>
<pin id="772" dir="1" index="1" bw="8" slack="1"/>
</pin_list>
<bind>
<opset="p_loc "/>
</bind>
</comp>

<comp id="776" class="1005" name="num_rows_read_reg_776">
<pin_list>
<pin id="777" dir="0" index="0" bw="32" slack="1"/>
<pin id="778" dir="1" index="1" bw="32" slack="1"/>
</pin_list>
<bind>
<opset="num_rows_read "/>
</bind>
</comp>

</comp_list>

<net_list>
<net id="183"><net_src comp="70" pin="0"/><net_sink comp="180" pin=0"/></net>

<net id="187"><net_src comp="70" pin="0"/><net_sink comp="184" pin=0"/></net>

<net id="191"><net_src comp="70" pin="0"/><net_sink comp="188" pin=0"/></net>

<net id="195"><net_src comp="70" pin="0"/><net_sink comp="192" pin=0"/></net>

<net id="199"><net_src comp="70" pin="0"/><net_sink comp="196" pin=0"/></net>

<net id="203"><net_src comp="70" pin="0"/><net_sink comp="200" pin=0"/></net>

<net id="207"><net_src comp="70" pin="0"/><net_sink comp="204" pin=0"/></net>

<net id="211"><net_src comp="70" pin="0"/><net_sink comp="208" pin=0"/></net>

<net id="215"><net_src comp="70" pin="0"/><net_sink comp="212" pin=0"/></net>

<net id="219"><net_src comp="70" pin="0"/><net_sink comp="216" pin=0"/></net>

<net id="223"><net_src comp="70" pin="0"/><net_sink comp="220" pin=0"/></net>

<net id="227"><net_src comp="70" pin="0"/><net_sink comp="224" pin=0"/></net>

<net id="231"><net_src comp="70" pin="0"/><net_sink comp="228" pin=0"/></net>

<net id="235"><net_src comp="70" pin="0"/><net_sink comp="232" pin=0"/></net>

<net id="239"><net_src comp="70" pin="0"/><net_sink comp="236" pin=0"/></net>

<net id="243"><net_src comp="70" pin="0"/><net_sink comp="240" pin=0"/></net>

<net id="247"><net_src comp="70" pin="0"/><net_sink comp="244" pin=0"/></net>

<net id="251"><net_src comp="70" pin="0"/><net_sink comp="248" pin=0"/></net>

<net id="255"><net_src comp="70" pin="0"/><net_sink comp="252" pin=0"/></net>

<net id="259"><net_src comp="70" pin="0"/><net_sink comp="256" pin=0"/></net>

<net id="263"><net_src comp="70" pin="0"/><net_sink comp="260" pin=0"/></net>

<net id="267"><net_src comp="70" pin="0"/><net_sink comp="264" pin=0"/></net>

<net id="271"><net_src comp="70" pin="0"/><net_sink comp="268" pin=0"/></net>

<net id="275"><net_src comp="70" pin="0"/><net_sink comp="272" pin=0"/></net>

<net id="279"><net_src comp="70" pin="0"/><net_sink comp="276" pin=0"/></net>

<net id="283"><net_src comp="70" pin="0"/><net_sink comp="280" pin=0"/></net>

<net id="287"><net_src comp="70" pin="0"/><net_sink comp="284" pin=0"/></net>

<net id="291"><net_src comp="70" pin="0"/><net_sink comp="288" pin=0"/></net>

<net id="295"><net_src comp="70" pin="0"/><net_sink comp="292" pin=0"/></net>

<net id="299"><net_src comp="70" pin="0"/><net_sink comp="296" pin=0"/></net>

<net id="303"><net_src comp="70" pin="0"/><net_sink comp="300" pin=0"/></net>

<net id="307"><net_src comp="70" pin="0"/><net_sink comp="304" pin=0"/></net>

<net id="312"><net_src comp="74" pin="0"/><net_sink comp="308" pin=0"/></net>

<net id="313"><net_src comp="68" pin="0"/><net_sink comp="308" pin=1"/></net>

<net id="350"><net_src comp="72" pin="0"/><net_sink comp="314" pin=0"/></net>

<net id="351"><net_src comp="0" pin="0"/><net_sink comp="314" pin=1"/></net>

<net id="421"><net_src comp="76" pin="0"/><net_sink comp="352" pin=0"/></net>

<net id="422"><net_src comp="308" pin="2"/><net_sink comp="352" pin=1"/></net>

<net id="423"><net_src comp="2" pin="0"/><net_sink comp="352" pin=2"/></net>

<net id="424"><net_src comp="4" pin="0"/><net_sink comp="352" pin=3"/></net>

<net id="425"><net_src comp="6" pin="0"/><net_sink comp="352" pin=4"/></net>

<net id="426"><net_src comp="8" pin="0"/><net_sink comp="352" pin=5"/></net>

<net id="427"><net_src comp="10" pin="0"/><net_sink comp="352" pin=6"/></net>

<net id="428"><net_src comp="12" pin="0"/><net_sink comp="352" pin=7"/></net>

<net id="429"><net_src comp="14" pin="0"/><net_sink comp="352" pin=8"/></net>

<net id="430"><net_src comp="16" pin="0"/><net_sink comp="352" pin=9"/></net>

<net id="431"><net_src comp="18" pin="0"/><net_sink comp="352" pin=10"/></net>

<net id="432"><net_src comp="20" pin="0"/><net_sink comp="352" pin=11"/></net>

<net id="433"><net_src comp="22" pin="0"/><net_sink comp="352" pin=12"/></net>

<net id="434"><net_src comp="24" pin="0"/><net_sink comp="352" pin=13"/></net>

<net id="435"><net_src comp="26" pin="0"/><net_sink comp="352" pin=14"/></net>

<net id="436"><net_src comp="28" pin="0"/><net_sink comp="352" pin=15"/></net>

<net id="437"><net_src comp="30" pin="0"/><net_sink comp="352" pin=16"/></net>

<net id="438"><net_src comp="32" pin="0"/><net_sink comp="352" pin=17"/></net>

<net id="439"><net_src comp="34" pin="0"/><net_sink comp="352" pin=18"/></net>

<net id="440"><net_src comp="36" pin="0"/><net_sink comp="352" pin=19"/></net>

<net id="441"><net_src comp="38" pin="0"/><net_sink comp="352" pin=20"/></net>

<net id="442"><net_src comp="40" pin="0"/><net_sink comp="352" pin=21"/></net>

<net id="443"><net_src comp="42" pin="0"/><net_sink comp="352" pin=22"/></net>

<net id="444"><net_src comp="44" pin="0"/><net_sink comp="352" pin=23"/></net>

<net id="445"><net_src comp="46" pin="0"/><net_sink comp="352" pin=24"/></net>

<net id="446"><net_src comp="48" pin="0"/><net_sink comp="352" pin=25"/></net>

<net id="447"><net_src comp="50" pin="0"/><net_sink comp="352" pin=26"/></net>

<net id="448"><net_src comp="52" pin="0"/><net_sink comp="352" pin=27"/></net>

<net id="449"><net_src comp="54" pin="0"/><net_sink comp="352" pin=28"/></net>

<net id="450"><net_src comp="56" pin="0"/><net_sink comp="352" pin=29"/></net>

<net id="451"><net_src comp="58" pin="0"/><net_sink comp="352" pin=30"/></net>

<net id="452"><net_src comp="60" pin="0"/><net_sink comp="352" pin=31"/></net>

<net id="453"><net_src comp="62" pin="0"/><net_sink comp="352" pin=32"/></net>

<net id="454"><net_src comp="64" pin="0"/><net_sink comp="352" pin=33"/></net>

<net id="455"><net_src comp="66" pin="0"/><net_sink comp="352" pin=66"/></net>

<net id="459"><net_src comp="456" pin="1"/><net_sink comp="352" pin=34"/></net>

<net id="463"><net_src comp="460" pin="1"/><net_sink comp="352" pin=35"/></net>

<net id="467"><net_src comp="464" pin="1"/><net_sink comp="352" pin=36"/></net>

<net id="471"><net_src comp="468" pin="1"/><net_sink comp="352" pin=37"/></net>

<net id="475"><net_src comp="472" pin="1"/><net_sink comp="352" pin=38"/></net>

<net id="479"><net_src comp="476" pin="1"/><net_sink comp="352" pin=39"/></net>

<net id="483"><net_src comp="480" pin="1"/><net_sink comp="352" pin=40"/></net>

<net id="487"><net_src comp="484" pin="1"/><net_sink comp="352" pin=41"/></net>

<net id="491"><net_src comp="488" pin="1"/><net_sink comp="352" pin=42"/></net>

<net id="495"><net_src comp="492" pin="1"/><net_sink comp="352" pin=43"/></net>

<net id="499"><net_src comp="496" pin="1"/><net_sink comp="352" pin=44"/></net>

<net id="503"><net_src comp="500" pin="1"/><net_sink comp="352" pin=45"/></net>

<net id="507"><net_src comp="504" pin="1"/><net_sink comp="352" pin=46"/></net>

<net id="511"><net_src comp="508" pin="1"/><net_sink comp="352" pin=47"/></net>

<net id="515"><net_src comp="512" pin="1"/><net_sink comp="352" pin=48"/></net>

<net id="519"><net_src comp="516" pin="1"/><net_sink comp="352" pin=49"/></net>

<net id="523"><net_src comp="520" pin="1"/><net_sink comp="352" pin=50"/></net>

<net id="527"><net_src comp="524" pin="1"/><net_sink comp="352" pin=51"/></net>

<net id="531"><net_src comp="528" pin="1"/><net_sink comp="352" pin=52"/></net>

<net id="535"><net_src comp="532" pin="1"/><net_sink comp="352" pin=53"/></net>

<net id="539"><net_src comp="536" pin="1"/><net_sink comp="352" pin=54"/></net>

<net id="543"><net_src comp="540" pin="1"/><net_sink comp="352" pin=55"/></net>

<net id="547"><net_src comp="544" pin="1"/><net_sink comp="352" pin=56"/></net>

<net id="551"><net_src comp="548" pin="1"/><net_sink comp="352" pin=57"/></net>

<net id="555"><net_src comp="552" pin="1"/><net_sink comp="352" pin=58"/></net>

<net id="559"><net_src comp="556" pin="1"/><net_sink comp="352" pin=59"/></net>

<net id="563"><net_src comp="560" pin="1"/><net_sink comp="352" pin=60"/></net>

<net id="567"><net_src comp="564" pin="1"/><net_sink comp="352" pin=61"/></net>

<net id="571"><net_src comp="568" pin="1"/><net_sink comp="352" pin=62"/></net>

<net id="575"><net_src comp="572" pin="1"/><net_sink comp="352" pin=63"/></net>

<net id="579"><net_src comp="576" pin="1"/><net_sink comp="352" pin=65"/></net>

<net id="583"><net_src comp="580" pin="1"/><net_sink comp="352" pin=64"/></net>

<net id="587"><net_src comp="180" pin="1"/><net_sink comp="584" pin=0"/></net>

<net id="588"><net_src comp="584" pin="1"/><net_sink comp="314" pin=33"/></net>

<net id="589"><net_src comp="584" pin="1"/><net_sink comp="580" pin=0"/></net>

<net id="593"><net_src comp="184" pin="1"/><net_sink comp="590" pin=0"/></net>

<net id="594"><net_src comp="590" pin="1"/><net_sink comp="314" pin=32"/></net>

<net id="595"><net_src comp="590" pin="1"/><net_sink comp="576" pin=0"/></net>

<net id="599"><net_src comp="188" pin="1"/><net_sink comp="596" pin=0"/></net>

<net id="600"><net_src comp="596" pin="1"/><net_sink comp="314" pin=31"/></net>

<net id="601"><net_src comp="596" pin="1"/><net_sink comp="572" pin=0"/></net>

<net id="605"><net_src comp="192" pin="1"/><net_sink comp="602" pin=0"/></net>

<net id="606"><net_src comp="602" pin="1"/><net_sink comp="314" pin=30"/></net>

<net id="607"><net_src comp="602" pin="1"/><net_sink comp="568" pin=0"/></net>

<net id="611"><net_src comp="196" pin="1"/><net_sink comp="608" pin=0"/></net>

<net id="612"><net_src comp="608" pin="1"/><net_sink comp="314" pin=29"/></net>

<net id="613"><net_src comp="608" pin="1"/><net_sink comp="564" pin=0"/></net>

<net id="617"><net_src comp="200" pin="1"/><net_sink comp="614" pin=0"/></net>

<net id="618"><net_src comp="614" pin="1"/><net_sink comp="314" pin=28"/></net>

<net id="619"><net_src comp="614" pin="1"/><net_sink comp="560" pin=0"/></net>

<net id="623"><net_src comp="204" pin="1"/><net_sink comp="620" pin=0"/></net>

<net id="624"><net_src comp="620" pin="1"/><net_sink comp="314" pin=27"/></net>

<net id="625"><net_src comp="620" pin="1"/><net_sink comp="556" pin=0"/></net>

<net id="629"><net_src comp="208" pin="1"/><net_sink comp="626" pin=0"/></net>

<net id="630"><net_src comp="626" pin="1"/><net_sink comp="314" pin=26"/></net>

<net id="631"><net_src comp="626" pin="1"/><net_sink comp="552" pin=0"/></net>

<net id="635"><net_src comp="212" pin="1"/><net_sink comp="632" pin=0"/></net>

<net id="636"><net_src comp="632" pin="1"/><net_sink comp="314" pin=25"/></net>

<net id="637"><net_src comp="632" pin="1"/><net_sink comp="548" pin=0"/></net>

<net id="641"><net_src comp="216" pin="1"/><net_sink comp="638" pin=0"/></net>

<net id="642"><net_src comp="638" pin="1"/><net_sink comp="314" pin=24"/></net>

<net id="643"><net_src comp="638" pin="1"/><net_sink comp="544" pin=0"/></net>

<net id="647"><net_src comp="220" pin="1"/><net_sink comp="644" pin=0"/></net>

<net id="648"><net_src comp="644" pin="1"/><net_sink comp="314" pin=23"/></net>

<net id="649"><net_src comp="644" pin="1"/><net_sink comp="540" pin=0"/></net>

<net id="653"><net_src comp="224" pin="1"/><net_sink comp="650" pin=0"/></net>

<net id="654"><net_src comp="650" pin="1"/><net_sink comp="314" pin=22"/></net>

<net id="655"><net_src comp="650" pin="1"/><net_sink comp="536" pin=0"/></net>

<net id="659"><net_src comp="228" pin="1"/><net_sink comp="656" pin=0"/></net>

<net id="660"><net_src comp="656" pin="1"/><net_sink comp="314" pin=21"/></net>

<net id="661"><net_src comp="656" pin="1"/><net_sink comp="532" pin=0"/></net>

<net id="665"><net_src comp="232" pin="1"/><net_sink comp="662" pin=0"/></net>

<net id="666"><net_src comp="662" pin="1"/><net_sink comp="314" pin=20"/></net>

<net id="667"><net_src comp="662" pin="1"/><net_sink comp="528" pin=0"/></net>

<net id="671"><net_src comp="236" pin="1"/><net_sink comp="668" pin=0"/></net>

<net id="672"><net_src comp="668" pin="1"/><net_sink comp="314" pin=19"/></net>

<net id="673"><net_src comp="668" pin="1"/><net_sink comp="524" pin=0"/></net>

<net id="677"><net_src comp="240" pin="1"/><net_sink comp="674" pin=0"/></net>

<net id="678"><net_src comp="674" pin="1"/><net_sink comp="314" pin=18"/></net>

<net id="679"><net_src comp="674" pin="1"/><net_sink comp="520" pin=0"/></net>

<net id="683"><net_src comp="244" pin="1"/><net_sink comp="680" pin=0"/></net>

<net id="684"><net_src comp="680" pin="1"/><net_sink comp="314" pin=17"/></net>

<net id="685"><net_src comp="680" pin="1"/><net_sink comp="516" pin=0"/></net>

<net id="689"><net_src comp="248" pin="1"/><net_sink comp="686" pin=0"/></net>

<net id="690"><net_src comp="686" pin="1"/><net_sink comp="314" pin=16"/></net>

<net id="691"><net_src comp="686" pin="1"/><net_sink comp="512" pin=0"/></net>

<net id="695"><net_src comp="252" pin="1"/><net_sink comp="692" pin=0"/></net>

<net id="696"><net_src comp="692" pin="1"/><net_sink comp="314" pin=15"/></net>

<net id="697"><net_src comp="692" pin="1"/><net_sink comp="508" pin=0"/></net>

<net id="701"><net_src comp="256" pin="1"/><net_sink comp="698" pin=0"/></net>

<net id="702"><net_src comp="698" pin="1"/><net_sink comp="314" pin=14"/></net>

<net id="703"><net_src comp="698" pin="1"/><net_sink comp="504" pin=0"/></net>

<net id="707"><net_src comp="260" pin="1"/><net_sink comp="704" pin=0"/></net>

<net id="708"><net_src comp="704" pin="1"/><net_sink comp="314" pin=13"/></net>

<net id="709"><net_src comp="704" pin="1"/><net_sink comp="500" pin=0"/></net>

<net id="713"><net_src comp="264" pin="1"/><net_sink comp="710" pin=0"/></net>

<net id="714"><net_src comp="710" pin="1"/><net_sink comp="314" pin=12"/></net>

<net id="715"><net_src comp="710" pin="1"/><net_sink comp="496" pin=0"/></net>

<net id="719"><net_src comp="268" pin="1"/><net_sink comp="716" pin=0"/></net>

<net id="720"><net_src comp="716" pin="1"/><net_sink comp="314" pin=11"/></net>

<net id="721"><net_src comp="716" pin="1"/><net_sink comp="492" pin=0"/></net>

<net id="725"><net_src comp="272" pin="1"/><net_sink comp="722" pin=0"/></net>

<net id="726"><net_src comp="722" pin="1"/><net_sink comp="314" pin=10"/></net>

<net id="727"><net_src comp="722" pin="1"/><net_sink comp="488" pin=0"/></net>

<net id="731"><net_src comp="276" pin="1"/><net_sink comp="728" pin=0"/></net>

<net id="732"><net_src comp="728" pin="1"/><net_sink comp="314" pin=9"/></net>

<net id="733"><net_src comp="728" pin="1"/><net_sink comp="484" pin=0"/></net>

<net id="737"><net_src comp="280" pin="1"/><net_sink comp="734" pin=0"/></net>

<net id="738"><net_src comp="734" pin="1"/><net_sink comp="314" pin=8"/></net>

<net id="739"><net_src comp="734" pin="1"/><net_sink comp="480" pin=0"/></net>

<net id="743"><net_src comp="284" pin="1"/><net_sink comp="740" pin=0"/></net>

<net id="744"><net_src comp="740" pin="1"/><net_sink comp="314" pin=7"/></net>

<net id="745"><net_src comp="740" pin="1"/><net_sink comp="476" pin=0"/></net>

<net id="749"><net_src comp="288" pin="1"/><net_sink comp="746" pin=0"/></net>

<net id="750"><net_src comp="746" pin="1"/><net_sink comp="314" pin=6"/></net>

<net id="751"><net_src comp="746" pin="1"/><net_sink comp="472" pin=0"/></net>

<net id="755"><net_src comp="292" pin="1"/><net_sink comp="752" pin=0"/></net>

<net id="756"><net_src comp="752" pin="1"/><net_sink comp="314" pin=5"/></net>

<net id="757"><net_src comp="752" pin="1"/><net_sink comp="468" pin=0"/></net>

<net id="761"><net_src comp="296" pin="1"/><net_sink comp="758" pin=0"/></net>

<net id="762"><net_src comp="758" pin="1"/><net_sink comp="314" pin=4"/></net>

<net id="763"><net_src comp="758" pin="1"/><net_sink comp="464" pin=0"/></net>

<net id="767"><net_src comp="300" pin="1"/><net_sink comp="764" pin=0"/></net>

<net id="768"><net_src comp="764" pin="1"/><net_sink comp="314" pin=3"/></net>

<net id="769"><net_src comp="764" pin="1"/><net_sink comp="460" pin=0"/></net>

<net id="773"><net_src comp="304" pin="1"/><net_sink comp="770" pin=0"/></net>

<net id="774"><net_src comp="770" pin="1"/><net_sink comp="314" pin=2"/></net>

<net id="775"><net_src comp="770" pin="1"/><net_sink comp="456" pin=0"/></net>

<net id="779"><net_src comp="308" pin="2"/><net_sink comp="776" pin=0"/></net>

<net id="780"><net_src comp="776" pin="1"/><net_sink comp="352" pin=1"/></net>

</net_list>

</model> 
---------------- Datapath Model END ------------------

* FSMD analyzer results:
  - Output states:
	Port: out_stream | {4 5 }
 - Input state : 
	Port: dense_gemv : in_stream | {2 3 }
	Port: dense_gemv : weights_0 | {4 5 }
	Port: dense_gemv : weights_1 | {4 5 }
	Port: dense_gemv : weights_2 | {4 5 }
	Port: dense_gemv : weights_3 | {4 5 }
	Port: dense_gemv : weights_4 | {4 5 }
	Port: dense_gemv : weights_5 | {4 5 }
	Port: dense_gemv : weights_6 | {4 5 }
	Port: dense_gemv : weights_7 | {4 5 }
	Port: dense_gemv : weights_8 | {4 5 }
	Port: dense_gemv : weights_9 | {4 5 }
	Port: dense_gemv : weights_10 | {4 5 }
	Port: dense_gemv : weights_11 | {4 5 }
	Port: dense_gemv : weights_12 | {4 5 }
	Port: dense_gemv : weights_13 | {4 5 }
	Port: dense_gemv : weights_14 | {4 5 }
	Port: dense_gemv : weights_15 | {4 5 }
	Port: dense_gemv : weights_16 | {4 5 }
	Port: dense_gemv : weights_17 | {4 5 }
	Port: dense_gemv : weights_18 | {4 5 }
	Port: dense_gemv : weights_19 | {4 5 }
	Port: dense_gemv : weights_20 | {4 5 }
	Port: dense_gemv : weights_21 | {4 5 }
	Port: dense_gemv : weights_22 | {4 5 }
	Port: dense_gemv : weights_23 | {4 5 }
	Port: dense_gemv : weights_24 | {4 5 }
	Port: dense_gemv : weights_25 | {4 5 }
	Port: dense_gemv : weights_26 | {4 5 }
	Port: dense_gemv : weights_27 | {4 5 }
	Port: dense_gemv : weights_28 | {4 5 }
	Port: dense_gemv : weights_29 | {4 5 }
	Port: dense_gemv : weights_30 | {4 5 }
	Port: dense_gemv : weights_31 | {4 5 }
	Port: dense_gemv : num_rows | {4 }
  - Chain level:
	State 1
	State 2
	State 3
	State 4
		call_ln0 : 1
	State 5
	State 6


============================================================
+ Verbose Summary: Datapath Resource usage 
============================================================

* Functional unit list:
|----------|------------------------------------------------|---------|---------|---------|---------|
| Operation|                 Functional Unit                |   DSP   |  Delay  |    FF   |   LUT   |
|----------|------------------------------------------------|---------|---------|---------|---------|
|   call   | grp_dense_gemv_Pipeline_VITIS_LOOP_25_1_fu_314 |    0    |    0    |   267   |    28   |
|          | grp_dense_gemv_Pipeline_VITIS_LOOP_30_2_fu_352 |    64   |  103.04 |   8896  |   3322  |
|----------|------------------------------------------------|---------|---------|---------|---------|
|   read   |            num_rows_read_read_fu_308           |    0    |    0    |    0    |    0    |
|----------|------------------------------------------------|---------|---------|---------|---------|
|   Total  |                                                |    64   |  103.04 |   9163  |   3350  |
|----------|------------------------------------------------|---------|---------|---------|---------|

Memories:
N/A

* Register list:
+---------------------+--------+
|                     |   FF   |
+---------------------+--------+
|num_rows_read_reg_776|   32   |
|   p_loc32_reg_764   |    8   |
|   p_loc33_reg_758   |    8   |
|   p_loc34_reg_752   |    8   |
|   p_loc35_reg_746   |    8   |
|   p_loc36_reg_740   |    8   |
|   p_loc37_reg_734   |    8   |
|   p_loc38_reg_728   |    8   |
|   p_loc39_reg_722   |    8   |
|   p_loc40_reg_716   |    8   |
|   p_loc41_reg_710   |    8   |
|   p_loc42_reg_704   |    8   |
|   p_loc43_reg_698   |    8   |
|   p_loc44_reg_692   |    8   |
|   p_loc45_reg_686   |    8   |
|   p_loc46_reg_680   |    8   |
|   p_loc47_reg_674   |    8   |
|   p_loc48_reg_668   |    8   |
|   p_loc49_reg_662   |    8   |
|   p_loc50_reg_656   |    8   |
|   p_loc51_reg_650   |    8   |
|   p_loc52_reg_644   |    8   |
|   p_loc53_reg_638   |    8   |
|   p_loc54_reg_632   |    8   |
|   p_loc55_reg_626   |    8   |
|   p_loc56_reg_620   |    8   |
|   p_loc57_reg_614   |    8   |
|   p_loc58_reg_608   |    8   |
|   p_loc59_reg_602   |    8   |
|   p_loc60_reg_596   |    8   |
|   p_loc61_reg_590   |    8   |
|   p_loc62_reg_584   |    8   |
|    p_loc_reg_770    |    8   |
+---------------------+--------+
|        Total        |   288  |
+---------------------+--------+

* Multiplexer (MUX) list: 
|------------------------------------------------|------|------|------|--------||---------||---------||---------|
|                      Comp                      |  Pin | Size |  BW  | S x BW ||  Delay  ||    FF   ||   LUT   |
|------------------------------------------------|------|------|------|--------||---------||---------||---------|
| grp_dense_gemv_Pipeline_VITIS_LOOP_30_2_fu_352 |  p1  |   2  |  32  |   64   ||    0    ||    9    |
|------------------------------------------------|------|------|------|--------||---------||---------||---------|
|                      Total                     |      |      |      |   64   ||   1.61  ||    0    ||    9    |
|------------------------------------------------|------|------|------|--------||---------||---------||---------|



* Summary:
+-----------+--------+--------+--------+--------+
|           |   DSP  |  Delay |   FF   |   LUT  |
+-----------+--------+--------+--------+--------+
|  Function |   64   |   103  |  9163  |  3350  |
|   Memory  |    -   |    -   |    -   |    -   |
|Multiplexer|    -   |    1   |    0   |    9   |
|  Register |    -   |    -   |   288  |    -   |
+-----------+--------+--------+--------+--------+
|   Total   |   64   |   104  |  9451  |  3359  |
+-----------+--------+--------+--------+--------+
