

================================================================
== Vitis HLS Report for 'dense_gemv_Pipeline_VITIS_LOOP_30_2'
================================================================
* Date:           Mon Aug  3 20:40:55 2026

* Version:        2025.2 (Build 6295257 on Nov 12 2025)
* Project:        dense_gemv
* Solution:       hls (Vivado IP Flow Target)
* Product family: artix7
* Target device:  xc7a12t-cpg238-1


================================================================
== Performance Estimates
================================================================
+ Timing: 
    * Summary: 
    +--------+----------+----------+------------+
    |  Clock |  Target  | Estimated| Uncertainty|
    +--------+----------+----------+------------+
    |ap_clk  |  10.00 ns|  7.207 ns|     2.70 ns|
    +--------+----------+----------+------------+

+ Latency: 
    * Summary: 
    +---------+---------+----------+----------+-----+-----+-------------------+
    |  Latency (cycles) |  Latency (absolute) |  Interval |      Pipeline     |
    |   min   |   max   |    min   |    max   | min | max |        Type       |
    +---------+---------+----------+----------+-----+-----+-------------------+
    |        ?|        ?|         ?|         ?|    0|    0|  loop pipeline stp|
    +---------+---------+----------+----------+-----+-----+-------------------+

    + Detail: 
        * Instance: 
        N/A

        * Loop: 
        +-------------------+---------+---------+----------+-----------+-----------+------+----------+
        |                   |  Latency (cycles) | Iteration|  Initiation Interval  | Trip |          |
        |     Loop Name     |   min   |   max   |  Latency |  achieved |   target  | Count| Pipelined|
        +-------------------+---------+---------+----------+-----------+-----------+------+----------+
        |- VITIS_LOOP_30_2  |        ?|        ?|         7|          1|          1|     ?|       yes|
        +-------------------+---------+---------+----------+-----------+-----------+------+----------+

============================================================
+ Verbose Summary: Synthesis Manager
============================================================
InlineROM: 1
ExposeGlobal: 0
============================================================
+ Verbose Summary: CDFG Model
============================================================
IsTopModel: 0
ResetActiveHigh: 1
IsCombinational: 0
IsDatapathOnly: 0
HasWiredReturn: 1
HasMFsm: 2
HasVarLatency: 1
IsPipeline: 0
IsRtlPipelined: 0
IsInstanceOverlapped: 0
IsDontTouch: 0
HasImplIP: 0
IsGatedGlobalClock: 0

+ Individual pipeline summary: 
  * Pipeline-0: initiation interval (II) = 1, depth = 7


============================================================
+ Verbose Summary: Schedule
============================================================
* Number of FSM states : 7
* Pipeline : 1
  Pipeline-0 : II = 1, D = 7, States = { 1 2 3 4 5 6 7 }
* Dataflow Pipeline: 0

* FSM state transitions: 
1 --> 2 
2 --> 3 
3 --> 4 
4 --> 5 
5 --> 6 
6 --> 7 
7 --> 

* FSM state operations: 

State 1 <SV = 0> <Delay = 5.92>
ST_1 : Operation 10 [1/1] (0.00ns)   --->   "%i = alloca i32 1" [../hls/dense_gemv.cpp:30]   --->   Operation 10 'alloca' 'i' <Predicate = true> <Delay = 0.00>
ST_1 : Operation 11 [1/1] (0.00ns)   --->   "%sext_ln36_1_read = read i8 @_ssdm_op_Read.ap_auto.i8, i8 %sext_ln36_1"   --->   Operation 11 'read' 'sext_ln36_1_read' <Predicate = true> <Delay = 0.00>
ST_1 : Operation 12 [1/1] (0.00ns)   --->   "%sext_ln36_read = read i8 @_ssdm_op_Read.ap_auto.i8, i8 %sext_ln36"   --->   Operation 12 'read' 'sext_ln36_read' <Predicate = true> <Delay = 0.00>
ST_1 : Operation 13 [1/1] (0.00ns)   --->   "%sext_ln36_2_read = read i8 @_ssdm_op_Read.ap_auto.i8, i8 %sext_ln36_2"   --->   Operation 13 'read' 'sext_ln36_2_read' <Predicate = true> <Delay = 0.00>
ST_1 : Operation 14 [1/1] (0.00ns)   --->   "%sext_ln36_3_read = read i8 @_ssdm_op_Read.ap_auto.i8, i8 %sext_ln36_3"   --->   Operation 14 'read' 'sext_ln36_3_read' <Predicate = true> <Delay = 0.00>
ST_1 : Operation 15 [1/1] (0.00ns)   --->   "%sext_ln36_4_read = read i8 @_ssdm_op_Read.ap_auto.i8, i8 %sext_ln36_4"   --->   Operation 15 'read' 'sext_ln36_4_read' <Predicate = true> <Delay = 0.00>
ST_1 : Operation 16 [1/1] (0.00ns)   --->   "%sext_ln36_5_read = read i8 @_ssdm_op_Read.ap_auto.i8, i8 %sext_ln36_5"   --->   Operation 16 'read' 'sext_ln36_5_read' <Predicate = true> <Delay = 0.00>
ST_1 : Operation 17 [1/1] (0.00ns)   --->   "%sext_ln36_6_read = read i8 @_ssdm_op_Read.ap_auto.i8, i8 %sext_ln36_6"   --->   Operation 17 'read' 'sext_ln36_6_read' <Predicate = true> <Delay = 0.00>
ST_1 : Operation 18 [1/1] (0.00ns)   --->   "%sext_ln36_7_read = read i8 @_ssdm_op_Read.ap_auto.i8, i8 %sext_ln36_7"   --->   Operation 18 'read' 'sext_ln36_7_read' <Predicate = true> <Delay = 0.00>
ST_1 : Operation 19 [1/1] (0.00ns)   --->   "%sext_ln36_8_read = read i8 @_ssdm_op_Read.ap_auto.i8, i8 %sext_ln36_8"   --->   Operation 19 'read' 'sext_ln36_8_read' <Predicate = true> <Delay = 0.00>
ST_1 : Operation 20 [1/1] (0.00ns)   --->   "%sext_ln36_9_read = read i8 @_ssdm_op_Read.ap_auto.i8, i8 %sext_ln36_9"   --->   Operation 20 'read' 'sext_ln36_9_read' <Predicate = true> <Delay = 0.00>
ST_1 : Operation 21 [1/1] (0.00ns)   --->   "%sext_ln36_10_read = read i8 @_ssdm_op_Read.ap_auto.i8, i8 %sext_ln36_10"   --->   Operation 21 'read' 'sext_ln36_10_read' <Predicate = true> <Delay = 0.00>
ST_1 : Operation 22 [1/1] (0.00ns)   --->   "%sext_ln36_11_read = read i8 @_ssdm_op_Read.ap_auto.i8, i8 %sext_ln36_11"   --->   Operation 22 'read' 'sext_ln36_11_read' <Predicate = true> <Delay = 0.00>
ST_1 : Operation 23 [1/1] (0.00ns)   --->   "%sext_ln36_12_read = read i8 @_ssdm_op_Read.ap_auto.i8, i8 %sext_ln36_12"   --->   Operation 23 'read' 'sext_ln36_12_read' <Predicate = true> <Delay = 0.00>
ST_1 : Operation 24 [1/1] (0.00ns)   --->   "%sext_ln36_13_read = read i8 @_ssdm_op_Read.ap_auto.i8, i8 %sext_ln36_13"   --->   Operation 24 'read' 'sext_ln36_13_read' <Predicate = true> <Delay = 0.00>
ST_1 : Operation 25 [1/1] (0.00ns)   --->   "%sext_ln36_14_read = read i8 @_ssdm_op_Read.ap_auto.i8, i8 %sext_ln36_14"   --->   Operation 25 'read' 'sext_ln36_14_read' <Predicate = true> <Delay = 0.00>
ST_1 : Operation 26 [1/1] (0.00ns)   --->   "%sext_ln36_15_read = read i8 @_ssdm_op_Read.ap_auto.i8, i8 %sext_ln36_15"   --->   Operation 26 'read' 'sext_ln36_15_read' <Predicate = true> <Delay = 0.00>
ST_1 : Operation 27 [1/1] (0.00ns)   --->   "%sext_ln36_16_read = read i8 @_ssdm_op_Read.ap_auto.i8, i8 %sext_ln36_16"   --->   Operation 27 'read' 'sext_ln36_16_read' <Predicate = true> <Delay = 0.00>
ST_1 : Operation 28 [1/1] (0.00ns)   --->   "%sext_ln36_17_read = read i8 @_ssdm_op_Read.ap_auto.i8, i8 %sext_ln36_17"   --->   Operation 28 'read' 'sext_ln36_17_read' <Predicate = true> <Delay = 0.00>
ST_1 : Operation 29 [1/1] (0.00ns)   --->   "%sext_ln36_18_read = read i8 @_ssdm_op_Read.ap_auto.i8, i8 %sext_ln36_18"   --->   Operation 29 'read' 'sext_ln36_18_read' <Predicate = true> <Delay = 0.00>
ST_1 : Operation 30 [1/1] (0.00ns)   --->   "%sext_ln36_19_read = read i8 @_ssdm_op_Read.ap_auto.i8, i8 %sext_ln36_19"   --->   Operation 30 'read' 'sext_ln36_19_read' <Predicate = true> <Delay = 0.00>
ST_1 : Operation 31 [1/1] (0.00ns)   --->   "%sext_ln36_20_read = read i8 @_ssdm_op_Read.ap_auto.i8, i8 %sext_ln36_20"   --->   Operation 31 'read' 'sext_ln36_20_read' <Predicate = true> <Delay = 0.00>
ST_1 : Operation 32 [1/1] (0.00ns)   --->   "%sext_ln36_21_read = read i8 @_ssdm_op_Read.ap_auto.i8, i8 %sext_ln36_21"   --->   Operation 32 'read' 'sext_ln36_21_read' <Predicate = true> <Delay = 0.00>
ST_1 : Operation 33 [1/1] (0.00ns)   --->   "%sext_ln36_22_read = read i8 @_ssdm_op_Read.ap_auto.i8, i8 %sext_ln36_22"   --->   Operation 33 'read' 'sext_ln36_22_read' <Predicate = true> <Delay = 0.00>
ST_1 : Operation 34 [1/1] (0.00ns)   --->   "%sext_ln36_23_read = read i8 @_ssdm_op_Read.ap_auto.i8, i8 %sext_ln36_23"   --->   Operation 34 'read' 'sext_ln36_23_read' <Predicate = true> <Delay = 0.00>
ST_1 : Operation 35 [1/1] (0.00ns)   --->   "%sext_ln36_24_read = read i8 @_ssdm_op_Read.ap_auto.i8, i8 %sext_ln36_24"   --->   Operation 35 'read' 'sext_ln36_24_read' <Predicate = true> <Delay = 0.00>
ST_1 : Operation 36 [1/1] (0.00ns)   --->   "%sext_ln36_25_read = read i8 @_ssdm_op_Read.ap_auto.i8, i8 %sext_ln36_25"   --->   Operation 36 'read' 'sext_ln36_25_read' <Predicate = true> <Delay = 0.00>
ST_1 : Operation 37 [1/1] (0.00ns)   --->   "%sext_ln36_26_read = read i8 @_ssdm_op_Read.ap_auto.i8, i8 %sext_ln36_26"   --->   Operation 37 'read' 'sext_ln36_26_read' <Predicate = true> <Delay = 0.00>
ST_1 : Operation 38 [1/1] (0.00ns)   --->   "%sext_ln36_27_read = read i8 @_ssdm_op_Read.ap_auto.i8, i8 %sext_ln36_27"   --->   Operation 38 'read' 'sext_ln36_27_read' <Predicate = true> <Delay = 0.00>
ST_1 : Operation 39 [1/1] (0.00ns)   --->   "%sext_ln36_28_read = read i8 @_ssdm_op_Read.ap_auto.i8, i8 %sext_ln36_28"   --->   Operation 39 'read' 'sext_ln36_28_read' <Predicate = true> <Delay = 0.00>
ST_1 : Operation 40 [1/1] (0.00ns)   --->   "%sext_ln36_29_read = read i8 @_ssdm_op_Read.ap_auto.i8, i8 %sext_ln36_29"   --->   Operation 40 'read' 'sext_ln36_29_read' <Predicate = true> <Delay = 0.00>
ST_1 : Operation 41 [1/1] (0.00ns)   --->   "%sext_ln36_30_read = read i8 @_ssdm_op_Read.ap_auto.i8, i8 %sext_ln36_30"   --->   Operation 41 'read' 'sext_ln36_30_read' <Predicate = true> <Delay = 0.00>
ST_1 : Operation 42 [1/1] (0.00ns)   --->   "%sext_ln36_31_read = read i8 @_ssdm_op_Read.ap_auto.i8, i8 %sext_ln36_31"   --->   Operation 42 'read' 'sext_ln36_31_read' <Predicate = true> <Delay = 0.00>
ST_1 : Operation 43 [1/1] (0.00ns)   --->   "%num_rows_read = read i32 @_ssdm_op_Read.ap_auto.i32, i32 %num_rows"   --->   Operation 43 'read' 'num_rows_read' <Predicate = true> <Delay = 0.00>
ST_1 : Operation 44 [1/1] (0.00ns)   --->   "%sext_ln36_1_cast = sext i8 %sext_ln36_1_read"   --->   Operation 44 'sext' 'sext_ln36_1_cast' <Predicate = true> <Delay = 0.00>
ST_1 : Operation 45 [1/1] (0.00ns)   --->   "%sext_ln36_cast = sext i8 %sext_ln36_read"   --->   Operation 45 'sext' 'sext_ln36_cast' <Predicate = true> <Delay = 0.00>
ST_1 : Operation 46 [1/1] (0.00ns)   --->   "%sext_ln36_2_cast = sext i8 %sext_ln36_2_read"   --->   Operation 46 'sext' 'sext_ln36_2_cast' <Predicate = true> <Delay = 0.00>
ST_1 : Operation 47 [1/1] (0.00ns)   --->   "%sext_ln36_3_cast = sext i8 %sext_ln36_3_read"   --->   Operation 47 'sext' 'sext_ln36_3_cast' <Predicate = true> <Delay = 0.00>
ST_1 : Operation 48 [1/1] (0.00ns)   --->   "%sext_ln36_4_cast = sext i8 %sext_ln36_4_read"   --->   Operation 48 'sext' 'sext_ln36_4_cast' <Predicate = true> <Delay = 0.00>
ST_1 : Operation 49 [1/1] (0.00ns)   --->   "%sext_ln36_5_cast = sext i8 %sext_ln36_5_read"   --->   Operation 49 'sext' 'sext_ln36_5_cast' <Predicate = true> <Delay = 0.00>
ST_1 : Operation 50 [1/1] (0.00ns)   --->   "%sext_ln36_6_cast = sext i8 %sext_ln36_6_read"   --->   Operation 50 'sext' 'sext_ln36_6_cast' <Predicate = true> <Delay = 0.00>
ST_1 : Operation 51 [1/1] (0.00ns)   --->   "%sext_ln36_7_cast = sext i8 %sext_ln36_7_read"   --->   Operation 51 'sext' 'sext_ln36_7_cast' <Predicate = true> <Delay = 0.00>
ST_1 : Operation 52 [1/1] (0.00ns)   --->   "%sext_ln36_8_cast = sext i8 %sext_ln36_8_read"   --->   Operation 52 'sext' 'sext_ln36_8_cast' <Predicate = true> <Delay = 0.00>
ST_1 : Operation 53 [1/1] (0.00ns)   --->   "%sext_ln36_9_cast = sext i8 %sext_ln36_9_read"   --->   Operation 53 'sext' 'sext_ln36_9_cast' <Predicate = true> <Delay = 0.00>
ST_1 : Operation 54 [1/1] (0.00ns)   --->   "%sext_ln36_10_cast = sext i8 %sext_ln36_10_read"   --->   Operation 54 'sext' 'sext_ln36_10_cast' <Predicate = true> <Delay = 0.00>
ST_1 : Operation 55 [1/1] (0.00ns)   --->   "%sext_ln36_11_cast = sext i8 %sext_ln36_11_read"   --->   Operation 55 'sext' 'sext_ln36_11_cast' <Predicate = true> <Delay = 0.00>
ST_1 : Operation 56 [1/1] (0.00ns)   --->   "%sext_ln36_12_cast = sext i8 %sext_ln36_12_read"   --->   Operation 56 'sext' 'sext_ln36_12_cast' <Predicate = true> <Delay = 0.00>
ST_1 : Operation 57 [1/1] (0.00ns)   --->   "%sext_ln36_13_cast = sext i8 %sext_ln36_13_read"   --->   Operation 57 'sext' 'sext_ln36_13_cast' <Predicate = true> <Delay = 0.00>
ST_1 : Operation 58 [1/1] (0.00ns)   --->   "%sext_ln36_14_cast = sext i8 %sext_ln36_14_read"   --->   Operation 58 'sext' 'sext_ln36_14_cast' <Predicate = true> <Delay = 0.00>
ST_1 : Operation 59 [1/1] (0.00ns)   --->   "%sext_ln36_15_cast = sext i8 %sext_ln36_15_read"   --->   Operation 59 'sext' 'sext_ln36_15_cast' <Predicate = true> <Delay = 0.00>
ST_1 : Operation 60 [1/1] (0.00ns)   --->   "%sext_ln36_16_cast = sext i8 %sext_ln36_16_read"   --->   Operation 60 'sext' 'sext_ln36_16_cast' <Predicate = true> <Delay = 0.00>
ST_1 : Operation 61 [1/1] (0.00ns)   --->   "%sext_ln36_17_cast = sext i8 %sext_ln36_17_read"   --->   Operation 61 'sext' 'sext_ln36_17_cast' <Predicate = true> <Delay = 0.00>
ST_1 : Operation 62 [1/1] (0.00ns)   --->   "%sext_ln36_18_cast = sext i8 %sext_ln36_18_read"   --->   Operation 62 'sext' 'sext_ln36_18_cast' <Predicate = true> <Delay = 0.00>
ST_1 : Operation 63 [1/1] (0.00ns)   --->   "%sext_ln36_19_cast = sext i8 %sext_ln36_19_read"   --->   Operation 63 'sext' 'sext_ln36_19_cast' <Predicate = true> <Delay = 0.00>
ST_1 : Operation 64 [1/1] (0.00ns)   --->   "%sext_ln36_20_cast = sext i8 %sext_ln36_20_read"   --->   Operation 64 'sext' 'sext_ln36_20_cast' <Predicate = true> <Delay = 0.00>
ST_1 : Operation 65 [1/1] (0.00ns)   --->   "%sext_ln36_21_cast = sext i8 %sext_ln36_21_read"   --->   Operation 65 'sext' 'sext_ln36_21_cast' <Predicate = true> <Delay = 0.00>
ST_1 : Operation 66 [1/1] (0.00ns)   --->   "%sext_ln36_22_cast = sext i8 %sext_ln36_22_read"   --->   Operation 66 'sext' 'sext_ln36_22_cast' <Predicate = true> <Delay = 0.00>
ST_1 : Operation 67 [1/1] (0.00ns)   --->   "%sext_ln36_23_cast = sext i8 %sext_ln36_23_read"   --->   Operation 67 'sext' 'sext_ln36_23_cast' <Predicate = true> <Delay = 0.00>
ST_1 : Operation 68 [1/1] (0.00ns)   --->   "%sext_ln36_24_cast = sext i8 %sext_ln36_24_read"   --->   Operation 68 'sext' 'sext_ln36_24_cast' <Predicate = true> <Delay = 0.00>
ST_1 : Operation 69 [1/1] (0.00ns)   --->   "%sext_ln36_25_cast = sext i8 %sext_ln36_25_read"   --->   Operation 69 'sext' 'sext_ln36_25_cast' <Predicate = true> <Delay = 0.00>
ST_1 : Operation 70 [1/1] (0.00ns)   --->   "%sext_ln36_26_cast = sext i8 %sext_ln36_26_read"   --->   Operation 70 'sext' 'sext_ln36_26_cast' <Predicate = true> <Delay = 0.00>
ST_1 : Operation 71 [1/1] (0.00ns)   --->   "%sext_ln36_27_cast = sext i8 %sext_ln36_27_read"   --->   Operation 71 'sext' 'sext_ln36_27_cast' <Predicate = true> <Delay = 0.00>
ST_1 : Operation 72 [1/1] (0.00ns)   --->   "%sext_ln36_28_cast = sext i8 %sext_ln36_28_read"   --->   Operation 72 'sext' 'sext_ln36_28_cast' <Predicate = true> <Delay = 0.00>
ST_1 : Operation 73 [1/1] (0.00ns)   --->   "%sext_ln36_29_cast = sext i8 %sext_ln36_29_read"   --->   Operation 73 'sext' 'sext_ln36_29_cast' <Predicate = true> <Delay = 0.00>
ST_1 : Operation 74 [1/1] (0.00ns)   --->   "%sext_ln36_30_cast = sext i8 %sext_ln36_30_read"   --->   Operation 74 'sext' 'sext_ln36_30_cast' <Predicate = true> <Delay = 0.00>
ST_1 : Operation 75 [1/1] (0.00ns)   --->   "%sext_ln36_31_cast = sext i8 %sext_ln36_31_read"   --->   Operation 75 'sext' 'sext_ln36_31_cast' <Predicate = true> <Delay = 0.00>
ST_1 : Operation 76 [1/1] (0.00ns)   --->   "%specmemcore_ln0 = specmemcore void @_ssdm_op_SpecMemCore, i32 %weights_31, i64 666, i64 207, i64 1, i1 0"   --->   Operation 76 'specmemcore' 'specmemcore_ln0' <Predicate = true> <Delay = 0.00>
ST_1 : Operation 77 [1/1] (0.00ns)   --->   "%specmemcore_ln0 = specmemcore void @_ssdm_op_SpecMemCore, i32 %weights_30, i64 666, i64 207, i64 1, i1 0"   --->   Operation 77 'specmemcore' 'specmemcore_ln0' <Predicate = true> <Delay = 0.00>
ST_1 : Operation 78 [1/1] (0.00ns)   --->   "%specmemcore_ln0 = specmemcore void @_ssdm_op_SpecMemCore, i32 %weights_29, i64 666, i64 207, i64 1, i1 0"   --->   Operation 78 'specmemcore' 'specmemcore_ln0' <Predicate = true> <Delay = 0.00>
ST_1 : Operation 79 [1/1] (0.00ns)   --->   "%specmemcore_ln0 = specmemcore void @_ssdm_op_SpecMemCore, i32 %weights_28, i64 666, i64 207, i64 1, i1 0"   --->   Operation 79 'specmemcore' 'specmemcore_ln0' <Predicate = true> <Delay = 0.00>
ST_1 : Operation 80 [1/1] (0.00ns)   --->   "%specmemcore_ln0 = specmemcore void @_ssdm_op_SpecMemCore, i32 %weights_27, i64 666, i64 207, i64 1, i1 0"   --->   Operation 80 'specmemcore' 'specmemcore_ln0' <Predicate = true> <Delay = 0.00>
ST_1 : Operation 81 [1/1] (0.00ns)   --->   "%specmemcore_ln0 = specmemcore void @_ssdm_op_SpecMemCore, i32 %weights_26, i64 666, i64 207, i64 1, i1 0"   --->   Operation 81 'specmemcore' 'specmemcore_ln0' <Predicate = true> <Delay = 0.00>
ST_1 : Operation 82 [1/1] (0.00ns)   --->   "%specmemcore_ln0 = specmemcore void @_ssdm_op_SpecMemCore, i32 %weights_25, i64 666, i64 207, i64 1, i1 0"   --->   Operation 82 'specmemcore' 'specmemcore_ln0' <Predicate = true> <Delay = 0.00>
ST_1 : Operation 83 [1/1] (0.00ns)   --->   "%specmemcore_ln0 = specmemcore void @_ssdm_op_SpecMemCore, i32 %weights_24, i64 666, i64 207, i64 1, i1 0"   --->   Operation 83 'specmemcore' 'specmemcore_ln0' <Predicate = true> <Delay = 0.00>
ST_1 : Operation 84 [1/1] (0.00ns)   --->   "%specmemcore_ln0 = specmemcore void @_ssdm_op_SpecMemCore, i32 %weights_23, i64 666, i64 207, i64 1, i1 0"   --->   Operation 84 'specmemcore' 'specmemcore_ln0' <Predicate = true> <Delay = 0.00>
ST_1 : Operation 85 [1/1] (0.00ns)   --->   "%specmemcore_ln0 = specmemcore void @_ssdm_op_SpecMemCore, i32 %weights_22, i64 666, i64 207, i64 1, i1 0"   --->   Operation 85 'specmemcore' 'specmemcore_ln0' <Predicate = true> <Delay = 0.00>
ST_1 : Operation 86 [1/1] (0.00ns)   --->   "%specmemcore_ln0 = specmemcore void @_ssdm_op_SpecMemCore, i32 %weights_21, i64 666, i64 207, i64 1, i1 0"   --->   Operation 86 'specmemcore' 'specmemcore_ln0' <Predicate = true> <Delay = 0.00>
ST_1 : Operation 87 [1/1] (0.00ns)   --->   "%specmemcore_ln0 = specmemcore void @_ssdm_op_SpecMemCore, i32 %weights_20, i64 666, i64 207, i64 1, i1 0"   --->   Operation 87 'specmemcore' 'specmemcore_ln0' <Predicate = true> <Delay = 0.00>
ST_1 : Operation 88 [1/1] (0.00ns)   --->   "%specmemcore_ln0 = specmemcore void @_ssdm_op_SpecMemCore, i32 %weights_19, i64 666, i64 207, i64 1, i1 0"   --->   Operation 88 'specmemcore' 'specmemcore_ln0' <Predicate = true> <Delay = 0.00>
ST_1 : Operation 89 [1/1] (0.00ns)   --->   "%specmemcore_ln0 = specmemcore void @_ssdm_op_SpecMemCore, i32 %weights_18, i64 666, i64 207, i64 1, i1 0"   --->   Operation 89 'specmemcore' 'specmemcore_ln0' <Predicate = true> <Delay = 0.00>
ST_1 : Operation 90 [1/1] (0.00ns)   --->   "%specmemcore_ln0 = specmemcore void @_ssdm_op_SpecMemCore, i32 %weights_17, i64 666, i64 207, i64 1, i1 0"   --->   Operation 90 'specmemcore' 'specmemcore_ln0' <Predicate = true> <Delay = 0.00>
ST_1 : Operation 91 [1/1] (0.00ns)   --->   "%specmemcore_ln0 = specmemcore void @_ssdm_op_SpecMemCore, i32 %weights_16, i64 666, i64 207, i64 1, i1 0"   --->   Operation 91 'specmemcore' 'specmemcore_ln0' <Predicate = true> <Delay = 0.00>
ST_1 : Operation 92 [1/1] (0.00ns)   --->   "%specmemcore_ln0 = specmemcore void @_ssdm_op_SpecMemCore, i32 %weights_15, i64 666, i64 207, i64 1, i1 0"   --->   Operation 92 'specmemcore' 'specmemcore_ln0' <Predicate = true> <Delay = 0.00>
ST_1 : Operation 93 [1/1] (0.00ns)   --->   "%specmemcore_ln0 = specmemcore void @_ssdm_op_SpecMemCore, i32 %weights_14, i64 666, i64 207, i64 1, i1 0"   --->   Operation 93 'specmemcore' 'specmemcore_ln0' <Predicate = true> <Delay = 0.00>
ST_1 : Operation 94 [1/1] (0.00ns)   --->   "%specmemcore_ln0 = specmemcore void @_ssdm_op_SpecMemCore, i32 %weights_13, i64 666, i64 207, i64 1, i1 0"   --->   Operation 94 'specmemcore' 'specmemcore_ln0' <Predicate = true> <Delay = 0.00>
ST_1 : Operation 95 [1/1] (0.00ns)   --->   "%specmemcore_ln0 = specmemcore void @_ssdm_op_SpecMemCore, i32 %weights_12, i64 666, i64 207, i64 1, i1 0"   --->   Operation 95 'specmemcore' 'specmemcore_ln0' <Predicate = true> <Delay = 0.00>
ST_1 : Operation 96 [1/1] (0.00ns)   --->   "%specmemcore_ln0 = specmemcore void @_ssdm_op_SpecMemCore, i32 %weights_11, i64 666, i64 207, i64 1, i1 0"   --->   Operation 96 'specmemcore' 'specmemcore_ln0' <Predicate = true> <Delay = 0.00>
ST_1 : Operation 97 [1/1] (0.00ns)   --->   "%specmemcore_ln0 = specmemcore void @_ssdm_op_SpecMemCore, i32 %weights_10, i64 666, i64 207, i64 1, i1 0"   --->   Operation 97 'specmemcore' 'specmemcore_ln0' <Predicate = true> <Delay = 0.00>
ST_1 : Operation 98 [1/1] (0.00ns)   --->   "%specmemcore_ln0 = specmemcore void @_ssdm_op_SpecMemCore, i32 %weights_9, i64 666, i64 207, i64 1, i1 0"   --->   Operation 98 'specmemcore' 'specmemcore_ln0' <Predicate = true> <Delay = 0.00>
ST_1 : Operation 99 [1/1] (0.00ns)   --->   "%specmemcore_ln0 = specmemcore void @_ssdm_op_SpecMemCore, i32 %weights_8, i64 666, i64 207, i64 1, i1 0"   --->   Operation 99 'specmemcore' 'specmemcore_ln0' <Predicate = true> <Delay = 0.00>
ST_1 : Operation 100 [1/1] (0.00ns)   --->   "%specmemcore_ln0 = specmemcore void @_ssdm_op_SpecMemCore, i32 %weights_7, i64 666, i64 207, i64 1, i1 0"   --->   Operation 100 'specmemcore' 'specmemcore_ln0' <Predicate = true> <Delay = 0.00>
ST_1 : Operation 101 [1/1] (0.00ns)   --->   "%specmemcore_ln0 = specmemcore void @_ssdm_op_SpecMemCore, i32 %weights_6, i64 666, i64 207, i64 1, i1 0"   --->   Operation 101 'specmemcore' 'specmemcore_ln0' <Predicate = true> <Delay = 0.00>
ST_1 : Operation 102 [1/1] (0.00ns)   --->   "%specmemcore_ln0 = specmemcore void @_ssdm_op_SpecMemCore, i32 %weights_5, i64 666, i64 207, i64 1, i1 0"   --->   Operation 102 'specmemcore' 'specmemcore_ln0' <Predicate = true> <Delay = 0.00>
ST_1 : Operation 103 [1/1] (0.00ns)   --->   "%specmemcore_ln0 = specmemcore void @_ssdm_op_SpecMemCore, i32 %weights_4, i64 666, i64 207, i64 1, i1 0"   --->   Operation 103 'specmemcore' 'specmemcore_ln0' <Predicate = true> <Delay = 0.00>
ST_1 : Operation 104 [1/1] (0.00ns)   --->   "%specmemcore_ln0 = specmemcore void @_ssdm_op_SpecMemCore, i32 %weights_3, i64 666, i64 207, i64 1, i1 0"   --->   Operation 104 'specmemcore' 'specmemcore_ln0' <Predicate = true> <Delay = 0.00>
ST_1 : Operation 105 [1/1] (0.00ns)   --->   "%specmemcore_ln0 = specmemcore void @_ssdm_op_SpecMemCore, i32 %weights_2, i64 666, i64 207, i64 1, i1 0"   --->   Operation 105 'specmemcore' 'specmemcore_ln0' <Predicate = true> <Delay = 0.00>
ST_1 : Operation 106 [1/1] (0.00ns)   --->   "%specmemcore_ln0 = specmemcore void @_ssdm_op_SpecMemCore, i32 %weights_1, i64 666, i64 207, i64 1, i1 0"   --->   Operation 106 'specmemcore' 'specmemcore_ln0' <Predicate = true> <Delay = 0.00>
ST_1 : Operation 107 [1/1] (0.00ns)   --->   "%specmemcore_ln0 = specmemcore void @_ssdm_op_SpecMemCore, i32 %weights_0, i64 666, i64 207, i64 1, i1 0"   --->   Operation 107 'specmemcore' 'specmemcore_ln0' <Predicate = true> <Delay = 0.00>
ST_1 : Operation 108 [1/1] (0.00ns)   --->   "%specinterface_ln0 = specinterface void @_ssdm_op_SpecInterface, i32 %out_stream, void @empty_31, i32 0, i32 0, void @empty_40, i32 0, i32 0, void @empty, void @empty, void @empty, i32 0, i32 0, i32 0, i32 0, void @empty, void @empty, i32 4294967295, i32 0, i32 0, i32 0"   --->   Operation 108 'specinterface' 'specinterface_ln0' <Predicate = true> <Delay = 0.00>
ST_1 : Operation 109 [1/1] (0.00ns)   --->   "%specinterface_ln0 = specinterface void @_ssdm_op_SpecInterface, i32 %weights_31, void @empty_3, i32 0, i32 0, void @empty, i32 1, i32 0, void @empty, void @empty, void @empty, i32 0, i32 0, i32 0, i32 0, void @empty, void @empty, i32 4294967295, i32 0, i32 0, i32 0"   --->   Operation 109 'specinterface' 'specinterface_ln0' <Predicate = true> <Delay = 0.00>
ST_1 : Operation 110 [1/1] (0.00ns)   --->   "%specinterface_ln0 = specinterface void @_ssdm_op_SpecInterface, i32 %weights_30, void @empty_3, i32 0, i32 0, void @empty, i32 1, i32 0, void @empty, void @empty, void @empty, i32 0, i32 0, i32 0, i32 0, void @empty, void @empty, i32 4294967295, i32 0, i32 0, i32 0"   --->   Operation 110 'specinterface' 'specinterface_ln0' <Predicate = true> <Delay = 0.00>
ST_1 : Operation 111 [1/1] (0.00ns)   --->   "%specinterface_ln0 = specinterface void @_ssdm_op_SpecInterface, i32 %weights_29, void @empty_3, i32 0, i32 0, void @empty, i32 1, i32 0, void @empty, void @empty, void @empty, i32 0, i32 0, i32 0, i32 0, void @empty, void @empty, i32 4294967295, i32 0, i32 0, i32 0"   --->   Operation 111 'specinterface' 'specinterface_ln0' <Predicate = true> <Delay = 0.00>
ST_1 : Operation 112 [1/1] (0.00ns)   --->   "%specinterface_ln0 = specinterface void @_ssdm_op_SpecInterface, i32 %weights_28, void @empty_3, i32 0, i32 0, void @empty, i32 1, i32 0, void @empty, void @empty, void @empty, i32 0, i32 0, i32 0, i32 0, void @empty, void @empty, i32 4294967295, i32 0, i32 0, i32 0"   --->   Operation 112 'specinterface' 'specinterface_ln0' <Predicate = true> <Delay = 0.00>
ST_1 : Operation 113 [1/1] (0.00ns)   --->   "%specinterface_ln0 = specinterface void @_ssdm_op_SpecInterface, i32 %weights_27, void @empty_3, i32 0, i32 0, void @empty, i32 1, i32 0, void @empty, void @empty, void @empty, i32 0, i32 0, i32 0, i32 0, void @empty, void @empty, i32 4294967295, i32 0, i32 0, i32 0"   --->   Operation 113 'specinterface' 'specinterface_ln0' <Predicate = true> <Delay = 0.00>
ST_1 : Operation 114 [1/1] (0.00ns)   --->   "%specinterface_ln0 = specinterface void @_ssdm_op_SpecInterface, i32 %weights_26, void @empty_3, i32 0, i32 0, void @empty, i32 1, i32 0, void @empty, void @empty, void @empty, i32 0, i32 0, i32 0, i32 0, void @empty, void @empty, i32 4294967295, i32 0, i32 0, i32 0"   --->   Operation 114 'specinterface' 'specinterface_ln0' <Predicate = true> <Delay = 0.00>
ST_1 : Operation 115 [1/1] (0.00ns)   --->   "%specinterface_ln0 = specinterface void @_ssdm_op_SpecInterface, i32 %weights_25, void @empty_3, i32 0, i32 0, void @empty, i32 1, i32 0, void @empty, void @empty, void @empty, i32 0, i32 0, i32 0, i32 0, void @empty, void @empty, i32 4294967295, i32 0, i32 0, i32 0"   --->   Operation 115 'specinterface' 'specinterface_ln0' <Predicate = true> <Delay = 0.00>
ST_1 : Operation 116 [1/1] (0.00ns)   --->   "%specinterface_ln0 = specinterface void @_ssdm_op_SpecInterface, i32 %weights_24, void @empty_3, i32 0, i32 0, void @empty, i32 1, i32 0, void @empty, void @empty, void @empty, i32 0, i32 0, i32 0, i32 0, void @empty, void @empty, i32 4294967295, i32 0, i32 0, i32 0"   --->   Operation 116 'specinterface' 'specinterface_ln0' <Predicate = true> <Delay = 0.00>
ST_1 : Operation 117 [1/1] (0.00ns)   --->   "%specinterface_ln0 = specinterface void @_ssdm_op_SpecInterface, i32 %weights_23, void @empty_3, i32 0, i32 0, void @empty, i32 1, i32 0, void @empty, void @empty, void @empty, i32 0, i32 0, i32 0, i32 0, void @empty, void @empty, i32 4294967295, i32 0, i32 0, i32 0"   --->   Operation 117 'specinterface' 'specinterface_ln0' <Predicate = true> <Delay = 0.00>
ST_1 : Operation 118 [1/1] (0.00ns)   --->   "%specinterface_ln0 = specinterface void @_ssdm_op_SpecInterface, i32 %weights_22, void @empty_3, i32 0, i32 0, void @empty, i32 1, i32 0, void @empty, void @empty, void @empty, i32 0, i32 0, i32 0, i32 0, void @empty, void @empty, i32 4294967295, i32 0, i32 0, i32 0"   --->   Operation 118 'specinterface' 'specinterface_ln0' <Predicate = true> <Delay = 0.00>
ST_1 : Operation 119 [1/1] (0.00ns)   --->   "%specinterface_ln0 = specinterface void @_ssdm_op_SpecInterface, i32 %weights_21, void @empty_3, i32 0, i32 0, void @empty, i32 1, i32 0, void @empty, void @empty, void @empty, i32 0, i32 0, i32 0, i32 0, void @empty, void @empty, i32 4294967295, i32 0, i32 0, i32 0"   --->   Operation 119 'specinterface' 'specinterface_ln0' <Predicate = true> <Delay = 0.00>
ST_1 : Operation 120 [1/1] (0.00ns)   --->   "%specinterface_ln0 = specinterface void @_ssdm_op_SpecInterface, i32 %weights_20, void @empty_3, i32 0, i32 0, void @empty, i32 1, i32 0, void @empty, void @empty, void @empty, i32 0, i32 0, i32 0, i32 0, void @empty, void @empty, i32 4294967295, i32 0, i32 0, i32 0"   --->   Operation 120 'specinterface' 'specinterface_ln0' <Predicate = true> <Delay = 0.00>
ST_1 : Operation 121 [1/1] (0.00ns)   --->   "%specinterface_ln0 = specinterface void @_ssdm_op_SpecInterface, i32 %weights_19, void @empty_3, i32 0, i32 0, void @empty, i32 1, i32 0, void @empty, void @empty, void @empty, i32 0, i32 0, i32 0, i32 0, void @empty, void @empty, i32 4294967295, i32 0, i32 0, i32 0"   --->   Operation 121 'specinterface' 'specinterface_ln0' <Predicate = true> <Delay = 0.00>
ST_1 : Operation 122 [1/1] (0.00ns)   --->   "%specinterface_ln0 = specinterface void @_ssdm_op_SpecInterface, i32 %weights_18, void @empty_3, i32 0, i32 0, void @empty, i32 1, i32 0, void @empty, void @empty, void @empty, i32 0, i32 0, i32 0, i32 0, void @empty, void @empty, i32 4294967295, i32 0, i32 0, i32 0"   --->   Operation 122 'specinterface' 'specinterface_ln0' <Predicate = true> <Delay = 0.00>
ST_1 : Operation 123 [1/1] (0.00ns)   --->   "%specinterface_ln0 = specinterface void @_ssdm_op_SpecInterface, i32 %weights_17, void @empty_3, i32 0, i32 0, void @empty, i32 1, i32 0, void @empty, void @empty, void @empty, i32 0, i32 0, i32 0, i32 0, void @empty, void @empty, i32 4294967295, i32 0, i32 0, i32 0"   --->   Operation 123 'specinterface' 'specinterface_ln0' <Predicate = true> <Delay = 0.00>
ST_1 : Operation 124 [1/1] (0.00ns)   --->   "%specinterface_ln0 = specinterface void @_ssdm_op_SpecInterface, i32 %weights_16, void @empty_3, i32 0, i32 0, void @empty, i32 1, i32 0, void @empty, void @empty, void @empty, i32 0, i32 0, i32 0, i32 0, void @empty, void @empty, i32 4294967295, i32 0, i32 0, i32 0"   --->   Operation 124 'specinterface' 'specinterface_ln0' <Predicate = true> <Delay = 0.00>
ST_1 : Operation 125 [1/1] (0.00ns)   --->   "%specinterface_ln0 = specinterface void @_ssdm_op_SpecInterface, i32 %weights_15, void @empty_3, i32 0, i32 0, void @empty, i32 1, i32 0, void @empty, void @empty, void @empty, i32 0, i32 0, i32 0, i32 0, void @empty, void @empty, i32 4294967295, i32 0, i32 0, i32 0"   --->   Operation 125 'specinterface' 'specinterface_ln0' <Predicate = true> <Delay = 0.00>
ST_1 : Operation 126 [1/1] (0.00ns)   --->   "%specinterface_ln0 = specinterface void @_ssdm_op_SpecInterface, i32 %weights_14, void @empty_3, i32 0, i32 0, void @empty, i32 1, i32 0, void @empty, void @empty, void @empty, i32 0, i32 0, i32 0, i32 0, void @empty, void @empty, i32 4294967295, i32 0, i32 0, i32 0"   --->   Operation 126 'specinterface' 'specinterface_ln0' <Predicate = true> <Delay = 0.00>
ST_1 : Operation 127 [1/1] (0.00ns)   --->   "%specinterface_ln0 = specinterface void @_ssdm_op_SpecInterface, i32 %weights_13, void @empty_3, i32 0, i32 0, void @empty, i32 1, i32 0, void @empty, void @empty, void @empty, i32 0, i32 0, i32 0, i32 0, void @empty, void @empty, i32 4294967295, i32 0, i32 0, i32 0"   --->   Operation 127 'specinterface' 'specinterface_ln0' <Predicate = true> <Delay = 0.00>
ST_1 : Operation 128 [1/1] (0.00ns)   --->   "%specinterface_ln0 = specinterface void @_ssdm_op_SpecInterface, i32 %weights_12, void @empty_3, i32 0, i32 0, void @empty, i32 1, i32 0, void @empty, void @empty, void @empty, i32 0, i32 0, i32 0, i32 0, void @empty, void @empty, i32 4294967295, i32 0, i32 0, i32 0"   --->   Operation 128 'specinterface' 'specinterface_ln0' <Predicate = true> <Delay = 0.00>
ST_1 : Operation 129 [1/1] (0.00ns)   --->   "%specinterface_ln0 = specinterface void @_ssdm_op_SpecInterface, i32 %weights_11, void @empty_3, i32 0, i32 0, void @empty, i32 1, i32 0, void @empty, void @empty, void @empty, i32 0, i32 0, i32 0, i32 0, void @empty, void @empty, i32 4294967295, i32 0, i32 0, i32 0"   --->   Operation 129 'specinterface' 'specinterface_ln0' <Predicate = true> <Delay = 0.00>
ST_1 : Operation 130 [1/1] (0.00ns)   --->   "%specinterface_ln0 = specinterface void @_ssdm_op_SpecInterface, i32 %weights_10, void @empty_3, i32 0, i32 0, void @empty, i32 1, i32 0, void @empty, void @empty, void @empty, i32 0, i32 0, i32 0, i32 0, void @empty, void @empty, i32 4294967295, i32 0, i32 0, i32 0"   --->   Operation 130 'specinterface' 'specinterface_ln0' <Predicate = true> <Delay = 0.00>
ST_1 : Operation 131 [1/1] (0.00ns)   --->   "%specinterface_ln0 = specinterface void @_ssdm_op_SpecInterface, i32 %weights_9, void @empty_3, i32 0, i32 0, void @empty, i32 1, i32 0, void @empty, void @empty, void @empty, i32 0, i32 0, i32 0, i32 0, void @empty, void @empty, i32 4294967295, i32 0, i32 0, i32 0"   --->   Operation 131 'specinterface' 'specinterface_ln0' <Predicate = true> <Delay = 0.00>
ST_1 : Operation 132 [1/1] (0.00ns)   --->   "%specinterface_ln0 = specinterface void @_ssdm_op_SpecInterface, i32 %weights_8, void @empty_3, i32 0, i32 0, void @empty, i32 1, i32 0, void @empty, void @empty, void @empty, i32 0, i32 0, i32 0, i32 0, void @empty, void @empty, i32 4294967295, i32 0, i32 0, i32 0"   --->   Operation 132 'specinterface' 'specinterface_ln0' <Predicate = true> <Delay = 0.00>
ST_1 : Operation 133 [1/1] (0.00ns)   --->   "%specinterface_ln0 = specinterface void @_ssdm_op_SpecInterface, i32 %weights_7, void @empty_3, i32 0, i32 0, void @empty, i32 1, i32 0, void @empty, void @empty, void @empty, i32 0, i32 0, i32 0, i32 0, void @empty, void @empty, i32 4294967295, i32 0, i32 0, i32 0"   --->   Operation 133 'specinterface' 'specinterface_ln0' <Predicate = true> <Delay = 0.00>
ST_1 : Operation 134 [1/1] (0.00ns)   --->   "%specinterface_ln0 = specinterface void @_ssdm_op_SpecInterface, i32 %weights_6, void @empty_3, i32 0, i32 0, void @empty, i32 1, i32 0, void @empty, void @empty, void @empty, i32 0, i32 0, i32 0, i32 0, void @empty, void @empty, i32 4294967295, i32 0, i32 0, i32 0"   --->   Operation 134 'specinterface' 'specinterface_ln0' <Predicate = true> <Delay = 0.00>
ST_1 : Operation 135 [1/1] (0.00ns)   --->   "%specinterface_ln0 = specinterface void @_ssdm_op_SpecInterface, i32 %weights_5, void @empty_3, i32 0, i32 0, void @empty, i32 1, i32 0, void @empty, void @empty, void @empty, i32 0, i32 0, i32 0, i32 0, void @empty, void @empty, i32 4294967295, i32 0, i32 0, i32 0"   --->   Operation 135 'specinterface' 'specinterface_ln0' <Predicate = true> <Delay = 0.00>
ST_1 : Operation 136 [1/1] (0.00ns)   --->   "%specinterface_ln0 = specinterface void @_ssdm_op_SpecInterface, i32 %weights_4, void @empty_3, i32 0, i32 0, void @empty, i32 1, i32 0, void @empty, void @empty, void @empty, i32 0, i32 0, i32 0, i32 0, void @empty, void @empty, i32 4294967295, i32 0, i32 0, i32 0"   --->   Operation 136 'specinterface' 'specinterface_ln0' <Predicate = true> <Delay = 0.00>
ST_1 : Operation 137 [1/1] (0.00ns)   --->   "%specinterface_ln0 = specinterface void @_ssdm_op_SpecInterface, i32 %weights_3, void @empty_3, i32 0, i32 0, void @empty, i32 1, i32 0, void @empty, void @empty, void @empty, i32 0, i32 0, i32 0, i32 0, void @empty, void @empty, i32 4294967295, i32 0, i32 0, i32 0"   --->   Operation 137 'specinterface' 'specinterface_ln0' <Predicate = true> <Delay = 0.00>
ST_1 : Operation 138 [1/1] (0.00ns)   --->   "%specinterface_ln0 = specinterface void @_ssdm_op_SpecInterface, i32 %weights_2, void @empty_3, i32 0, i32 0, void @empty, i32 1, i32 0, void @empty, void @empty, void @empty, i32 0, i32 0, i32 0, i32 0, void @empty, void @empty, i32 4294967295, i32 0, i32 0, i32 0"   --->   Operation 138 'specinterface' 'specinterface_ln0' <Predicate = true> <Delay = 0.00>
ST_1 : Operation 139 [1/1] (0.00ns)   --->   "%specinterface_ln0 = specinterface void @_ssdm_op_SpecInterface, i32 %weights_1, void @empty_3, i32 0, i32 0, void @empty, i32 1, i32 0, void @empty, void @empty, void @empty, i32 0, i32 0, i32 0, i32 0, void @empty, void @empty, i32 4294967295, i32 0, i32 0, i32 0"   --->   Operation 139 'specinterface' 'specinterface_ln0' <Predicate = true> <Delay = 0.00>
ST_1 : Operation 140 [1/1] (0.00ns)   --->   "%specinterface_ln0 = specinterface void @_ssdm_op_SpecInterface, i32 %weights_0, void @empty_3, i32 0, i32 0, void @empty, i32 1, i32 0, void @empty, void @empty, void @empty, i32 0, i32 0, i32 0, i32 0, void @empty, void @empty, i32 4294967295, i32 0, i32 0, i32 0"   --->   Operation 140 'specinterface' 'specinterface_ln0' <Predicate = true> <Delay = 0.00>
ST_1 : Operation 141 [1/1] (1.61ns)   --->   "%store_ln30 = store i31 0, i31 %i" [../hls/dense_gemv.cpp:30]   --->   Operation 141 'store' 'store_ln30' <Predicate = true> <Delay = 1.61>
ST_1 : Operation 142 [1/1] (0.00ns)   --->   "%br_ln0 = br void %VITIS_LOOP_35_3"   --->   Operation 142 'br' 'br_ln0' <Predicate = true> <Delay = 0.00>
ST_1 : Operation 143 [1/1] (0.00ns)   --->   "%i_1 = load i31 %i" [../hls/dense_gemv.cpp:30]   --->   Operation 143 'load' 'i_1' <Predicate = true> <Delay = 0.00>
ST_1 : Operation 144 [1/1] (0.00ns)   --->   "%zext_ln30_1 = zext i31 %i_1" [../hls/dense_gemv.cpp:30]   --->   Operation 144 'zext' 'zext_ln30_1' <Predicate = true> <Delay = 0.00>
ST_1 : Operation 145 [1/1] (2.70ns)   --->   "%icmp_ln30 = icmp_slt  i32 %zext_ln30_1, i32 %num_rows_read" [../hls/dense_gemv.cpp:30]   --->   Operation 145 'icmp' 'icmp_ln30' <Predicate = true> <Delay = 2.70> <CoreInst = "Cmp">   --->   Core 9 'Cmp' <Latency = 0> <II = 1> <Delay = 2.70> <FuncUnit> <Opcode : 'seteq' 'setne' 'setle' 'setge' 'setlt' 'setgt'> <InPorts = 2> <OutPorts = 1>
ST_1 : Operation 146 [1/1] (2.66ns)   --->   "%add_ln30 = add i31 %i_1, i31 1" [../hls/dense_gemv.cpp:30]   --->   Operation 146 'add' 'add_ln30' <Predicate = true> <Delay = 2.66> <CoreInst = "Adder">   --->   Core 1 'Adder' <Latency = 0> <II = 1> <Delay = 2.66> <FuncUnit> <Opcode : 'add' 'sub'> <InPorts = 2> <OutPorts = 1>
ST_1 : Operation 147 [1/1] (0.00ns)   --->   "%br_ln30 = br i1 %icmp_ln30, void %for.end23.exitStub, void %VITIS_LOOP_35_3.split" [../hls/dense_gemv.cpp:30]   --->   Operation 147 'br' 'br_ln30' <Predicate = true> <Delay = 0.00>
ST_1 : Operation 148 [1/1] (0.00ns)   --->   "%zext_ln30 = zext i31 %i_1" [../hls/dense_gemv.cpp:30]   --->   Operation 148 'zext' 'zext_ln30' <Predicate = (icmp_ln30)> <Delay = 0.00>
ST_1 : Operation 149 [1/1] (0.00ns)   --->   "%weights_28_addr = getelementptr i32 %weights_28, i64 0, i64 %zext_ln30" [../hls/dense_gemv.cpp:36]   --->   Operation 149 'getelementptr' 'weights_28_addr' <Predicate = (icmp_ln30)> <Delay = 0.00>
ST_1 : Operation 150 [2/2] (0.00ns)   --->   "%weights_28_load = load i5 %weights_28_addr" [../hls/dense_gemv.cpp:36]   --->   Operation 150 'load' 'weights_28_load' <Predicate = (icmp_ln30)> <Delay = 0.00> <CoreInst = "RAM_1P">   --->   Core 85 'RAM_1P' <Latency = 1> <II = 1> <Delay = 3.25> <Storage> <Opcode : 'load' 'store'> <Ports = 1> <Width = 32> <Depth = 32> <RAM>
ST_1 : Operation 151 [1/1] (0.00ns)   --->   "%weights_29_addr = getelementptr i32 %weights_29, i64 0, i64 %zext_ln30" [../hls/dense_gemv.cpp:36]   --->   Operation 151 'getelementptr' 'weights_29_addr' <Predicate = (icmp_ln30)> <Delay = 0.00>
ST_1 : Operation 152 [2/2] (0.00ns)   --->   "%weights_29_load = load i5 %weights_29_addr" [../hls/dense_gemv.cpp:36]   --->   Operation 152 'load' 'weights_29_load' <Predicate = (icmp_ln30)> <Delay = 0.00> <CoreInst = "RAM_1P">   --->   Core 85 'RAM_1P' <Latency = 1> <II = 1> <Delay = 3.25> <Storage> <Opcode : 'load' 'store'> <Ports = 1> <Width = 32> <Depth = 32> <RAM>
ST_1 : Operation 153 [1/1] (0.00ns)   --->   "%weights_30_addr = getelementptr i32 %weights_30, i64 0, i64 %zext_ln30" [../hls/dense_gemv.cpp:36]   --->   Operation 153 'getelementptr' 'weights_30_addr' <Predicate = (icmp_ln30)> <Delay = 0.00>
ST_1 : Operation 154 [2/2] (0.00ns)   --->   "%weights_30_load = load i5 %weights_30_addr" [../hls/dense_gemv.cpp:36]   --->   Operation 154 'load' 'weights_30_load' <Predicate = (icmp_ln30)> <Delay = 0.00> <CoreInst = "RAM_1P">   --->   Core 85 'RAM_1P' <Latency = 1> <II = 1> <Delay = 3.25> <Storage> <Opcode : 'load' 'store'> <Ports = 1> <Width = 32> <Depth = 32> <RAM>
ST_1 : Operation 155 [1/1] (0.00ns)   --->   "%weights_31_addr = getelementptr i32 %weights_31, i64 0, i64 %zext_ln30" [../hls/dense_gemv.cpp:36]   --->   Operation 155 'getelementptr' 'weights_31_addr' <Predicate = (icmp_ln30)> <Delay = 0.00>
ST_1 : Operation 156 [2/2] (0.00ns)   --->   "%weights_31_load = load i5 %weights_31_addr" [../hls/dense_gemv.cpp:36]   --->   Operation 156 'load' 'weights_31_load' <Predicate = (icmp_ln30)> <Delay = 0.00> <CoreInst = "RAM_1P">   --->   Core 85 'RAM_1P' <Latency = 1> <II = 1> <Delay = 3.25> <Storage> <Opcode : 'load' 'store'> <Ports = 1> <Width = 32> <Depth = 32> <RAM>
ST_1 : Operation 157 [1/1] (1.61ns)   --->   "%store_ln30 = store i31 %add_ln30, i31 %i" [../hls/dense_gemv.cpp:30]   --->   Operation 157 'store' 'store_ln30' <Predicate = (icmp_ln30)> <Delay = 1.61>

State 2 <SV = 1> <Delay = 6.86>
ST_2 : Operation 158 [1/1] (0.00ns)   --->   "%weights_4_addr = getelementptr i32 %weights_4, i64 0, i64 %zext_ln30" [../hls/dense_gemv.cpp:36]   --->   Operation 158 'getelementptr' 'weights_4_addr' <Predicate = true> <Delay = 0.00>
ST_2 : Operation 159 [2/2] (0.00ns)   --->   "%weights_4_load = load i5 %weights_4_addr" [../hls/dense_gemv.cpp:36]   --->   Operation 159 'load' 'weights_4_load' <Predicate = true> <Delay = 0.00> <CoreInst = "RAM_1P">   --->   Core 85 'RAM_1P' <Latency = 1> <II = 1> <Delay = 3.25> <Storage> <Opcode : 'load' 'store'> <Ports = 1> <Width = 32> <Depth = 32> <RAM>
ST_2 : Operation 160 [1/1] (0.00ns)   --->   "%weights_5_addr = getelementptr i32 %weights_5, i64 0, i64 %zext_ln30" [../hls/dense_gemv.cpp:36]   --->   Operation 160 'getelementptr' 'weights_5_addr' <Predicate = true> <Delay = 0.00>
ST_2 : Operation 161 [2/2] (0.00ns)   --->   "%weights_5_load = load i5 %weights_5_addr" [../hls/dense_gemv.cpp:36]   --->   Operation 161 'load' 'weights_5_load' <Predicate = true> <Delay = 0.00> <CoreInst = "RAM_1P">   --->   Core 85 'RAM_1P' <Latency = 1> <II = 1> <Delay = 3.25> <Storage> <Opcode : 'load' 'store'> <Ports = 1> <Width = 32> <Depth = 32> <RAM>
ST_2 : Operation 162 [1/1] (0.00ns)   --->   "%weights_6_addr = getelementptr i32 %weights_6, i64 0, i64 %zext_ln30" [../hls/dense_gemv.cpp:36]   --->   Operation 162 'getelementptr' 'weights_6_addr' <Predicate = true> <Delay = 0.00>
ST_2 : Operation 163 [2/2] (0.00ns)   --->   "%weights_6_load = load i5 %weights_6_addr" [../hls/dense_gemv.cpp:36]   --->   Operation 163 'load' 'weights_6_load' <Predicate = true> <Delay = 0.00> <CoreInst = "RAM_1P">   --->   Core 85 'RAM_1P' <Latency = 1> <II = 1> <Delay = 3.25> <Storage> <Opcode : 'load' 'store'> <Ports = 1> <Width = 32> <Depth = 32> <RAM>
ST_2 : Operation 164 [1/1] (0.00ns)   --->   "%weights_7_addr = getelementptr i32 %weights_7, i64 0, i64 %zext_ln30" [../hls/dense_gemv.cpp:36]   --->   Operation 164 'getelementptr' 'weights_7_addr' <Predicate = true> <Delay = 0.00>
ST_2 : Operation 165 [2/2] (0.00ns)   --->   "%weights_7_load = load i5 %weights_7_addr" [../hls/dense_gemv.cpp:36]   --->   Operation 165 'load' 'weights_7_load' <Predicate = true> <Delay = 0.00> <CoreInst = "RAM_1P">   --->   Core 85 'RAM_1P' <Latency = 1> <II = 1> <Delay = 3.25> <Storage> <Opcode : 'load' 'store'> <Ports = 1> <Width = 32> <Depth = 32> <RAM>
ST_2 : Operation 166 [1/1] (0.00ns)   --->   "%weights_12_addr = getelementptr i32 %weights_12, i64 0, i64 %zext_ln30" [../hls/dense_gemv.cpp:36]   --->   Operation 166 'getelementptr' 'weights_12_addr' <Predicate = true> <Delay = 0.00>
ST_2 : Operation 167 [2/2] (0.00ns)   --->   "%weights_12_load = load i5 %weights_12_addr" [../hls/dense_gemv.cpp:36]   --->   Operation 167 'load' 'weights_12_load' <Predicate = true> <Delay = 0.00> <CoreInst = "RAM_1P">   --->   Core 85 'RAM_1P' <Latency = 1> <II = 1> <Delay = 3.25> <Storage> <Opcode : 'load' 'store'> <Ports = 1> <Width = 32> <Depth = 32> <RAM>
ST_2 : Operation 168 [1/1] (0.00ns)   --->   "%weights_13_addr = getelementptr i32 %weights_13, i64 0, i64 %zext_ln30" [../hls/dense_gemv.cpp:36]   --->   Operation 168 'getelementptr' 'weights_13_addr' <Predicate = true> <Delay = 0.00>
ST_2 : Operation 169 [2/2] (0.00ns)   --->   "%weights_13_load = load i5 %weights_13_addr" [../hls/dense_gemv.cpp:36]   --->   Operation 169 'load' 'weights_13_load' <Predicate = true> <Delay = 0.00> <CoreInst = "RAM_1P">   --->   Core 85 'RAM_1P' <Latency = 1> <II = 1> <Delay = 3.25> <Storage> <Opcode : 'load' 'store'> <Ports = 1> <Width = 32> <Depth = 32> <RAM>
ST_2 : Operation 170 [1/1] (0.00ns)   --->   "%weights_14_addr = getelementptr i32 %weights_14, i64 0, i64 %zext_ln30" [../hls/dense_gemv.cpp:36]   --->   Operation 170 'getelementptr' 'weights_14_addr' <Predicate = true> <Delay = 0.00>
ST_2 : Operation 171 [2/2] (0.00ns)   --->   "%weights_14_load = load i5 %weights_14_addr" [../hls/dense_gemv.cpp:36]   --->   Operation 171 'load' 'weights_14_load' <Predicate = true> <Delay = 0.00> <CoreInst = "RAM_1P">   --->   Core 85 'RAM_1P' <Latency = 1> <II = 1> <Delay = 3.25> <Storage> <Opcode : 'load' 'store'> <Ports = 1> <Width = 32> <Depth = 32> <RAM>
ST_2 : Operation 172 [1/1] (0.00ns)   --->   "%weights_15_addr = getelementptr i32 %weights_15, i64 0, i64 %zext_ln30" [../hls/dense_gemv.cpp:36]   --->   Operation 172 'getelementptr' 'weights_15_addr' <Predicate = true> <Delay = 0.00>
ST_2 : Operation 173 [2/2] (0.00ns)   --->   "%weights_15_load = load i5 %weights_15_addr" [../hls/dense_gemv.cpp:36]   --->   Operation 173 'load' 'weights_15_load' <Predicate = true> <Delay = 0.00> <CoreInst = "RAM_1P">   --->   Core 85 'RAM_1P' <Latency = 1> <II = 1> <Delay = 3.25> <Storage> <Opcode : 'load' 'store'> <Ports = 1> <Width = 32> <Depth = 32> <RAM>
ST_2 : Operation 174 [1/1] (0.00ns)   --->   "%weights_16_addr = getelementptr i32 %weights_16, i64 0, i64 %zext_ln30" [../hls/dense_gemv.cpp:36]   --->   Operation 174 'getelementptr' 'weights_16_addr' <Predicate = true> <Delay = 0.00>
ST_2 : Operation 175 [2/2] (0.00ns)   --->   "%weights_16_load = load i5 %weights_16_addr" [../hls/dense_gemv.cpp:36]   --->   Operation 175 'load' 'weights_16_load' <Predicate = true> <Delay = 0.00> <CoreInst = "RAM_1P">   --->   Core 85 'RAM_1P' <Latency = 1> <II = 1> <Delay = 3.25> <Storage> <Opcode : 'load' 'store'> <Ports = 1> <Width = 32> <Depth = 32> <RAM>
ST_2 : Operation 176 [1/1] (0.00ns)   --->   "%weights_17_addr = getelementptr i32 %weights_17, i64 0, i64 %zext_ln30" [../hls/dense_gemv.cpp:36]   --->   Operation 176 'getelementptr' 'weights_17_addr' <Predicate = true> <Delay = 0.00>
ST_2 : Operation 177 [2/2] (0.00ns)   --->   "%weights_17_load = load i5 %weights_17_addr" [../hls/dense_gemv.cpp:36]   --->   Operation 177 'load' 'weights_17_load' <Predicate = true> <Delay = 0.00> <CoreInst = "RAM_1P">   --->   Core 85 'RAM_1P' <Latency = 1> <II = 1> <Delay = 3.25> <Storage> <Opcode : 'load' 'store'> <Ports = 1> <Width = 32> <Depth = 32> <RAM>
ST_2 : Operation 178 [1/1] (0.00ns)   --->   "%weights_18_addr = getelementptr i32 %weights_18, i64 0, i64 %zext_ln30" [../hls/dense_gemv.cpp:36]   --->   Operation 178 'getelementptr' 'weights_18_addr' <Predicate = true> <Delay = 0.00>
ST_2 : Operation 179 [2/2] (0.00ns)   --->   "%weights_18_load = load i5 %weights_18_addr" [../hls/dense_gemv.cpp:36]   --->   Operation 179 'load' 'weights_18_load' <Predicate = true> <Delay = 0.00> <CoreInst = "RAM_1P">   --->   Core 85 'RAM_1P' <Latency = 1> <II = 1> <Delay = 3.25> <Storage> <Opcode : 'load' 'store'> <Ports = 1> <Width = 32> <Depth = 32> <RAM>
ST_2 : Operation 180 [1/1] (0.00ns)   --->   "%weights_19_addr = getelementptr i32 %weights_19, i64 0, i64 %zext_ln30" [../hls/dense_gemv.cpp:36]   --->   Operation 180 'getelementptr' 'weights_19_addr' <Predicate = true> <Delay = 0.00>
ST_2 : Operation 181 [2/2] (0.00ns)   --->   "%weights_19_load = load i5 %weights_19_addr" [../hls/dense_gemv.cpp:36]   --->   Operation 181 'load' 'weights_19_load' <Predicate = true> <Delay = 0.00> <CoreInst = "RAM_1P">   --->   Core 85 'RAM_1P' <Latency = 1> <II = 1> <Delay = 3.25> <Storage> <Opcode : 'load' 'store'> <Ports = 1> <Width = 32> <Depth = 32> <RAM>
ST_2 : Operation 182 [1/1] (0.00ns)   --->   "%weights_20_addr = getelementptr i32 %weights_20, i64 0, i64 %zext_ln30" [../hls/dense_gemv.cpp:36]   --->   Operation 182 'getelementptr' 'weights_20_addr' <Predicate = true> <Delay = 0.00>
ST_2 : Operation 183 [2/2] (0.00ns)   --->   "%weights_20_load = load i5 %weights_20_addr" [../hls/dense_gemv.cpp:36]   --->   Operation 183 'load' 'weights_20_load' <Predicate = true> <Delay = 0.00> <CoreInst = "RAM_1P">   --->   Core 85 'RAM_1P' <Latency = 1> <II = 1> <Delay = 3.25> <Storage> <Opcode : 'load' 'store'> <Ports = 1> <Width = 32> <Depth = 32> <RAM>
ST_2 : Operation 184 [1/1] (0.00ns)   --->   "%weights_21_addr = getelementptr i32 %weights_21, i64 0, i64 %zext_ln30" [../hls/dense_gemv.cpp:36]   --->   Operation 184 'getelementptr' 'weights_21_addr' <Predicate = true> <Delay = 0.00>
ST_2 : Operation 185 [2/2] (0.00ns)   --->   "%weights_21_load = load i5 %weights_21_addr" [../hls/dense_gemv.cpp:36]   --->   Operation 185 'load' 'weights_21_load' <Predicate = true> <Delay = 0.00> <CoreInst = "RAM_1P">   --->   Core 85 'RAM_1P' <Latency = 1> <II = 1> <Delay = 3.25> <Storage> <Opcode : 'load' 'store'> <Ports = 1> <Width = 32> <Depth = 32> <RAM>
ST_2 : Operation 186 [1/1] (0.00ns)   --->   "%weights_22_addr = getelementptr i32 %weights_22, i64 0, i64 %zext_ln30" [../hls/dense_gemv.cpp:36]   --->   Operation 186 'getelementptr' 'weights_22_addr' <Predicate = true> <Delay = 0.00>
ST_2 : Operation 187 [2/2] (0.00ns)   --->   "%weights_22_load = load i5 %weights_22_addr" [../hls/dense_gemv.cpp:36]   --->   Operation 187 'load' 'weights_22_load' <Predicate = true> <Delay = 0.00> <CoreInst = "RAM_1P">   --->   Core 85 'RAM_1P' <Latency = 1> <II = 1> <Delay = 3.25> <Storage> <Opcode : 'load' 'store'> <Ports = 1> <Width = 32> <Depth = 32> <RAM>
ST_2 : Operation 188 [1/1] (0.00ns)   --->   "%weights_23_addr = getelementptr i32 %weights_23, i64 0, i64 %zext_ln30" [../hls/dense_gemv.cpp:36]   --->   Operation 188 'getelementptr' 'weights_23_addr' <Predicate = true> <Delay = 0.00>
ST_2 : Operation 189 [2/2] (0.00ns)   --->   "%weights_23_load = load i5 %weights_23_addr" [../hls/dense_gemv.cpp:36]   --->   Operation 189 'load' 'weights_23_load' <Predicate = true> <Delay = 0.00> <CoreInst = "RAM_1P">   --->   Core 85 'RAM_1P' <Latency = 1> <II = 1> <Delay = 3.25> <Storage> <Opcode : 'load' 'store'> <Ports = 1> <Width = 32> <Depth = 32> <RAM>
ST_2 : Operation 190 [1/1] (0.00ns)   --->   "%weights_24_addr = getelementptr i32 %weights_24, i64 0, i64 %zext_ln30" [../hls/dense_gemv.cpp:36]   --->   Operation 190 'getelementptr' 'weights_24_addr' <Predicate = true> <Delay = 0.00>
ST_2 : Operation 191 [2/2] (0.00ns)   --->   "%weights_24_load = load i5 %weights_24_addr" [../hls/dense_gemv.cpp:36]   --->   Operation 191 'load' 'weights_24_load' <Predicate = true> <Delay = 0.00> <CoreInst = "RAM_1P">   --->   Core 85 'RAM_1P' <Latency = 1> <II = 1> <Delay = 3.25> <Storage> <Opcode : 'load' 'store'> <Ports = 1> <Width = 32> <Depth = 32> <RAM>
ST_2 : Operation 192 [1/1] (0.00ns)   --->   "%weights_25_addr = getelementptr i32 %weights_25, i64 0, i64 %zext_ln30" [../hls/dense_gemv.cpp:36]   --->   Operation 192 'getelementptr' 'weights_25_addr' <Predicate = true> <Delay = 0.00>
ST_2 : Operation 193 [2/2] (0.00ns)   --->   "%weights_25_load = load i5 %weights_25_addr" [../hls/dense_gemv.cpp:36]   --->   Operation 193 'load' 'weights_25_load' <Predicate = true> <Delay = 0.00> <CoreInst = "RAM_1P">   --->   Core 85 'RAM_1P' <Latency = 1> <II = 1> <Delay = 3.25> <Storage> <Opcode : 'load' 'store'> <Ports = 1> <Width = 32> <Depth = 32> <RAM>
ST_2 : Operation 194 [1/1] (0.00ns)   --->   "%weights_26_addr = getelementptr i32 %weights_26, i64 0, i64 %zext_ln30" [../hls/dense_gemv.cpp:36]   --->   Operation 194 'getelementptr' 'weights_26_addr' <Predicate = true> <Delay = 0.00>
ST_2 : Operation 195 [2/2] (0.00ns)   --->   "%weights_26_load = load i5 %weights_26_addr" [../hls/dense_gemv.cpp:36]   --->   Operation 195 'load' 'weights_26_load' <Predicate = true> <Delay = 0.00> <CoreInst = "RAM_1P">   --->   Core 85 'RAM_1P' <Latency = 1> <II = 1> <Delay = 3.25> <Storage> <Opcode : 'load' 'store'> <Ports = 1> <Width = 32> <Depth = 32> <RAM>
ST_2 : Operation 196 [1/1] (0.00ns)   --->   "%weights_27_addr = getelementptr i32 %weights_27, i64 0, i64 %zext_ln30" [../hls/dense_gemv.cpp:36]   --->   Operation 196 'getelementptr' 'weights_27_addr' <Predicate = true> <Delay = 0.00>
ST_2 : Operation 197 [2/2] (0.00ns)   --->   "%weights_27_load = load i5 %weights_27_addr" [../hls/dense_gemv.cpp:36]   --->   Operation 197 'load' 'weights_27_load' <Predicate = true> <Delay = 0.00> <CoreInst = "RAM_1P">   --->   Core 85 'RAM_1P' <Latency = 1> <II = 1> <Delay = 3.25> <Storage> <Opcode : 'load' 'store'> <Ports = 1> <Width = 32> <Depth = 32> <RAM>
ST_2 : Operation 198 [1/2] ( I:0.00ns O:0.00ns )   --->   "%weights_28_load = load i5 %weights_28_addr" [../hls/dense_gemv.cpp:36]   --->   Operation 198 'load' 'weights_28_load' <Predicate = true> <Delay = 0.00> <CoreInst = "RAM_1P">   --->   Core 85 'RAM_1P' <Latency = 1> <II = 1> <Delay = 3.25> <Storage> <Opcode : 'load' 'store'> <Ports = 1> <Width = 32> <Depth = 32> <RAM>
ST_2 : Operation 199 [1/2] ( I:0.00ns O:0.00ns )   --->   "%weights_29_load = load i5 %weights_29_addr" [../hls/dense_gemv.cpp:36]   --->   Operation 199 'load' 'weights_29_load' <Predicate = true> <Delay = 0.00> <CoreInst = "RAM_1P">   --->   Core 85 'RAM_1P' <Latency = 1> <II = 1> <Delay = 3.25> <Storage> <Opcode : 'load' 'store'> <Ports = 1> <Width = 32> <Depth = 32> <RAM>
ST_2 : Operation 200 [1/2] ( I:0.00ns O:0.00ns )   --->   "%weights_30_load = load i5 %weights_30_addr" [../hls/dense_gemv.cpp:36]   --->   Operation 200 'load' 'weights_30_load' <Predicate = true> <Delay = 0.00> <CoreInst = "RAM_1P">   --->   Core 85 'RAM_1P' <Latency = 1> <II = 1> <Delay = 3.25> <Storage> <Opcode : 'load' 'store'> <Ports = 1> <Width = 32> <Depth = 32> <RAM>
ST_2 : Operation 201 [1/2] ( I:0.00ns O:0.00ns )   --->   "%weights_31_load = load i5 %weights_31_addr" [../hls/dense_gemv.cpp:36]   --->   Operation 201 'load' 'weights_31_load' <Predicate = true> <Delay = 0.00> <CoreInst = "RAM_1P">   --->   Core 85 'RAM_1P' <Latency = 1> <II = 1> <Delay = 3.25> <Storage> <Opcode : 'load' 'store'> <Ports = 1> <Width = 32> <Depth = 32> <RAM>
ST_2 : Operation 202 [2/2] (6.86ns)   --->   "%mul_ln36 = mul i32 %weights_31_load, i32 %sext_ln36_31_cast" [../hls/dense_gemv.cpp:36]   --->   Operation 202 'mul' 'mul_ln36' <Predicate = true> <Delay = 6.86> <CoreInst = "Multiplier">   --->   Core 3 'Multiplier' <Latency = 1> <II = 1> <Delay = 6.86> <FuncUnit> <Opcode : 'mul'> <InPorts = 2> <OutPorts = 1>
ST_2 : Operation 203 [2/2] (6.86ns)   --->   "%mul_ln36_1 = mul i32 %weights_30_load, i32 %sext_ln36_30_cast" [../hls/dense_gemv.cpp:36]   --->   Operation 203 'mul' 'mul_ln36_1' <Predicate = true> <Delay = 6.86> <CoreInst = "Multiplier">   --->   Core 3 'Multiplier' <Latency = 1> <II = 1> <Delay = 6.86> <FuncUnit> <Opcode : 'mul'> <InPorts = 2> <OutPorts = 1>
ST_2 : Operation 204 [2/2] (6.86ns)   --->   "%mul_ln36_2 = mul i32 %weights_29_load, i32 %sext_ln36_29_cast" [../hls/dense_gemv.cpp:36]   --->   Operation 204 'mul' 'mul_ln36_2' <Predicate = true> <Delay = 6.86> <CoreInst = "Multiplier">   --->   Core 3 'Multiplier' <Latency = 1> <II = 1> <Delay = 6.86> <FuncUnit> <Opcode : 'mul'> <InPorts = 2> <OutPorts = 1>
ST_2 : Operation 205 [2/2] (6.86ns)   --->   "%mul_ln36_3 = mul i32 %weights_28_load, i32 %sext_ln36_28_cast" [../hls/dense_gemv.cpp:36]   --->   Operation 205 'mul' 'mul_ln36_3' <Predicate = true> <Delay = 6.86> <CoreInst = "Multiplier">   --->   Core 3 'Multiplier' <Latency = 1> <II = 1> <Delay = 6.86> <FuncUnit> <Opcode : 'mul'> <InPorts = 2> <OutPorts = 1>

State 3 <SV = 2> <Delay = 6.86>
ST_3 : Operation 206 [1/1] (0.00ns)   --->   "%weights_0_addr = getelementptr i32 %weights_0, i64 0, i64 %zext_ln30" [../hls/dense_gemv.cpp:36]   --->   Operation 206 'getelementptr' 'weights_0_addr' <Predicate = true> <Delay = 0.00>
ST_3 : Operation 207 [2/2] (0.00ns)   --->   "%weights_0_load = load i5 %weights_0_addr" [../hls/dense_gemv.cpp:36]   --->   Operation 207 'load' 'weights_0_load' <Predicate = true> <Delay = 0.00> <CoreInst = "RAM_1P">   --->   Core 85 'RAM_1P' <Latency = 1> <II = 1> <Delay = 3.25> <Storage> <Opcode : 'load' 'store'> <Ports = 1> <Width = 32> <Depth = 32> <RAM>
ST_3 : Operation 208 [1/1] (0.00ns)   --->   "%weights_1_addr = getelementptr i32 %weights_1, i64 0, i64 %zext_ln30" [../hls/dense_gemv.cpp:36]   --->   Operation 208 'getelementptr' 'weights_1_addr' <Predicate = true> <Delay = 0.00>
ST_3 : Operation 209 [2/2] (0.00ns)   --->   "%weights_1_load = load i5 %weights_1_addr" [../hls/dense_gemv.cpp:36]   --->   Operation 209 'load' 'weights_1_load' <Predicate = true> <Delay = 0.00> <CoreInst = "RAM_1P">   --->   Core 85 'RAM_1P' <Latency = 1> <II = 1> <Delay = 3.25> <Storage> <Opcode : 'load' 'store'> <Ports = 1> <Width = 32> <Depth = 32> <RAM>
ST_3 : Operation 210 [1/1] (0.00ns)   --->   "%weights_2_addr = getelementptr i32 %weights_2, i64 0, i64 %zext_ln30" [../hls/dense_gemv.cpp:36]   --->   Operation 210 'getelementptr' 'weights_2_addr' <Predicate = true> <Delay = 0.00>
ST_3 : Operation 211 [2/2] (0.00ns)   --->   "%weights_2_load = load i5 %weights_2_addr" [../hls/dense_gemv.cpp:36]   --->   Operation 211 'load' 'weights_2_load' <Predicate = true> <Delay = 0.00> <CoreInst = "RAM_1P">   --->   Core 85 'RAM_1P' <Latency = 1> <II = 1> <Delay = 3.25> <Storage> <Opcode : 'load' 'store'> <Ports = 1> <Width = 32> <Depth = 32> <RAM>
ST_3 : Operation 212 [1/1] (0.00ns)   --->   "%weights_3_addr = getelementptr i32 %weights_3, i64 0, i64 %zext_ln30" [../hls/dense_gemv.cpp:36]   --->   Operation 212 'getelementptr' 'weights_3_addr' <Predicate = true> <Delay = 0.00>
ST_3 : Operation 213 [2/2] (0.00ns)   --->   "%weights_3_load = load i5 %weights_3_addr" [../hls/dense_gemv.cpp:36]   --->   Operation 213 'load' 'weights_3_load' <Predicate = true> <Delay = 0.00> <CoreInst = "RAM_1P">   --->   Core 85 'RAM_1P' <Latency = 1> <II = 1> <Delay = 3.25> <Storage> <Opcode : 'load' 'store'> <Ports = 1> <Width = 32> <Depth = 32> <RAM>
ST_3 : Operation 214 [1/2] ( I:0.00ns O:0.00ns )   --->   "%weights_4_load = load i5 %weights_4_addr" [../hls/dense_gemv.cpp:36]   --->   Operation 214 'load' 'weights_4_load' <Predicate = true> <Delay = 0.00> <CoreInst = "RAM_1P">   --->   Core 85 'RAM_1P' <Latency = 1> <II = 1> <Delay = 3.25> <Storage> <Opcode : 'load' 'store'> <Ports = 1> <Width = 32> <Depth = 32> <RAM>
ST_3 : Operation 215 [1/2] ( I:0.00ns O:0.00ns )   --->   "%weights_5_load = load i5 %weights_5_addr" [../hls/dense_gemv.cpp:36]   --->   Operation 215 'load' 'weights_5_load' <Predicate = true> <Delay = 0.00> <CoreInst = "RAM_1P">   --->   Core 85 'RAM_1P' <Latency = 1> <II = 1> <Delay = 3.25> <Storage> <Opcode : 'load' 'store'> <Ports = 1> <Width = 32> <Depth = 32> <RAM>
ST_3 : Operation 216 [1/2] ( I:0.00ns O:0.00ns )   --->   "%weights_6_load = load i5 %weights_6_addr" [../hls/dense_gemv.cpp:36]   --->   Operation 216 'load' 'weights_6_load' <Predicate = true> <Delay = 0.00> <CoreInst = "RAM_1P">   --->   Core 85 'RAM_1P' <Latency = 1> <II = 1> <Delay = 3.25> <Storage> <Opcode : 'load' 'store'> <Ports = 1> <Width = 32> <Depth = 32> <RAM>
ST_3 : Operation 217 [1/2] ( I:0.00ns O:0.00ns )   --->   "%weights_7_load = load i5 %weights_7_addr" [../hls/dense_gemv.cpp:36]   --->   Operation 217 'load' 'weights_7_load' <Predicate = true> <Delay = 0.00> <CoreInst = "RAM_1P">   --->   Core 85 'RAM_1P' <Latency = 1> <II = 1> <Delay = 3.25> <Storage> <Opcode : 'load' 'store'> <Ports = 1> <Width = 32> <Depth = 32> <RAM>
ST_3 : Operation 218 [1/1] (0.00ns)   --->   "%weights_8_addr = getelementptr i32 %weights_8, i64 0, i64 %zext_ln30" [../hls/dense_gemv.cpp:36]   --->   Operation 218 'getelementptr' 'weights_8_addr' <Predicate = true> <Delay = 0.00>
ST_3 : Operation 219 [2/2] (0.00ns)   --->   "%weights_8_load = load i5 %weights_8_addr" [../hls/dense_gemv.cpp:36]   --->   Operation 219 'load' 'weights_8_load' <Predicate = true> <Delay = 0.00> <CoreInst = "RAM_1P">   --->   Core 85 'RAM_1P' <Latency = 1> <II = 1> <Delay = 3.25> <Storage> <Opcode : 'load' 'store'> <Ports = 1> <Width = 32> <Depth = 32> <RAM>
ST_3 : Operation 220 [1/1] (0.00ns)   --->   "%weights_9_addr = getelementptr i32 %weights_9, i64 0, i64 %zext_ln30" [../hls/dense_gemv.cpp:36]   --->   Operation 220 'getelementptr' 'weights_9_addr' <Predicate = true> <Delay = 0.00>
ST_3 : Operation 221 [2/2] (0.00ns)   --->   "%weights_9_load = load i5 %weights_9_addr" [../hls/dense_gemv.cpp:36]   --->   Operation 221 'load' 'weights_9_load' <Predicate = true> <Delay = 0.00> <CoreInst = "RAM_1P">   --->   Core 85 'RAM_1P' <Latency = 1> <II = 1> <Delay = 3.25> <Storage> <Opcode : 'load' 'store'> <Ports = 1> <Width = 32> <Depth = 32> <RAM>
ST_3 : Operation 222 [1/1] (0.00ns)   --->   "%weights_10_addr = getelementptr i32 %weights_10, i64 0, i64 %zext_ln30" [../hls/dense_gemv.cpp:36]   --->   Operation 222 'getelementptr' 'weights_10_addr' <Predicate = true> <Delay = 0.00>
ST_3 : Operation 223 [2/2] (0.00ns)   --->   "%weights_10_load = load i5 %weights_10_addr" [../hls/dense_gemv.cpp:36]   --->   Operation 223 'load' 'weights_10_load' <Predicate = true> <Delay = 0.00> <CoreInst = "RAM_1P">   --->   Core 85 'RAM_1P' <Latency = 1> <II = 1> <Delay = 3.25> <Storage> <Opcode : 'load' 'store'> <Ports = 1> <Width = 32> <Depth = 32> <RAM>
ST_3 : Operation 224 [1/1] (0.00ns)   --->   "%weights_11_addr = getelementptr i32 %weights_11, i64 0, i64 %zext_ln30" [../hls/dense_gemv.cpp:36]   --->   Operation 224 'getelementptr' 'weights_11_addr' <Predicate = true> <Delay = 0.00>
ST_3 : Operation 225 [2/2] (0.00ns)   --->   "%weights_11_load = load i5 %weights_11_addr" [../hls/dense_gemv.cpp:36]   --->   Operation 225 'load' 'weights_11_load' <Predicate = true> <Delay = 0.00> <CoreInst = "RAM_1P">   --->   Core 85 'RAM_1P' <Latency = 1> <II = 1> <Delay = 3.25> <Storage> <Opcode : 'load' 'store'> <Ports = 1> <Width = 32> <Depth = 32> <RAM>
ST_3 : Operation 226 [1/2] ( I:0.00ns O:0.00ns )   --->   "%weights_12_load = load i5 %weights_12_addr" [../hls/dense_gemv.cpp:36]   --->   Operation 226 'load' 'weights_12_load' <Predicate = true> <Delay = 0.00> <CoreInst = "RAM_1P">   --->   Core 85 'RAM_1P' <Latency = 1> <II = 1> <Delay = 3.25> <Storage> <Opcode : 'load' 'store'> <Ports = 1> <Width = 32> <Depth = 32> <RAM>
ST_3 : Operation 227 [1/2] ( I:0.00ns O:0.00ns )   --->   "%weights_13_load = load i5 %weights_13_addr" [../hls/dense_gemv.cpp:36]   --->   Operation 227 'load' 'weights_13_load' <Predicate = true> <Delay = 0.00> <CoreInst = "RAM_1P">   --->   Core 85 'RAM_1P' <Latency = 1> <II = 1> <Delay = 3.25> <Storage> <Opcode : 'load' 'store'> <Ports = 1> <Width = 32> <Depth = 32> <RAM>
ST_3 : Operation 228 [1/2] ( I:0.00ns O:0.00ns )   --->   "%weights_14_load = load i5 %weights_14_addr" [../hls/dense_gemv.cpp:36]   --->   Operation 228 'load' 'weights_14_load' <Predicate = true> <Delay = 0.00> <CoreInst = "RAM_1P">   --->   Core 85 'RAM_1P' <Latency = 1> <II = 1> <Delay = 3.25> <Storage> <Opcode : 'load' 'store'> <Ports = 1> <Width = 32> <Depth = 32> <RAM>
ST_3 : Operation 229 [1/2] ( I:0.00ns O:0.00ns )   --->   "%weights_15_load = load i5 %weights_15_addr" [../hls/dense_gemv.cpp:36]   --->   Operation 229 'load' 'weights_15_load' <Predicate = true> <Delay = 0.00> <CoreInst = "RAM_1P">   --->   Core 85 'RAM_1P' <Latency = 1> <II = 1> <Delay = 3.25> <Storage> <Opcode : 'load' 'store'> <Ports = 1> <Width = 32> <Depth = 32> <RAM>
ST_3 : Operation 230 [1/2] ( I:0.00ns O:0.00ns )   --->   "%weights_16_load = load i5 %weights_16_addr" [../hls/dense_gemv.cpp:36]   --->   Operation 230 'load' 'weights_16_load' <Predicate = true> <Delay = 0.00> <CoreInst = "RAM_1P">   --->   Core 85 'RAM_1P' <Latency = 1> <II = 1> <Delay = 3.25> <Storage> <Opcode : 'load' 'store'> <Ports = 1> <Width = 32> <Depth = 32> <RAM>
ST_3 : Operation 231 [1/2] ( I:0.00ns O:0.00ns )   --->   "%weights_17_load = load i5 %weights_17_addr" [../hls/dense_gemv.cpp:36]   --->   Operation 231 'load' 'weights_17_load' <Predicate = true> <Delay = 0.00> <CoreInst = "RAM_1P">   --->   Core 85 'RAM_1P' <Latency = 1> <II = 1> <Delay = 3.25> <Storage> <Opcode : 'load' 'store'> <Ports = 1> <Width = 32> <Depth = 32> <RAM>
ST_3 : Operation 232 [1/2] ( I:0.00ns O:0.00ns )   --->   "%weights_18_load = load i5 %weights_18_addr" [../hls/dense_gemv.cpp:36]   --->   Operation 232 'load' 'weights_18_load' <Predicate = true> <Delay = 0.00> <CoreInst = "RAM_1P">   --->   Core 85 'RAM_1P' <Latency = 1> <II = 1> <Delay = 3.25> <Storage> <Opcode : 'load' 'store'> <Ports = 1> <Width = 32> <Depth = 32> <RAM>
ST_3 : Operation 233 [1/2] ( I:0.00ns O:0.00ns )   --->   "%weights_19_load = load i5 %weights_19_addr" [../hls/dense_gemv.cpp:36]   --->   Operation 233 'load' 'weights_19_load' <Predicate = true> <Delay = 0.00> <CoreInst = "RAM_1P">   --->   Core 85 'RAM_1P' <Latency = 1> <II = 1> <Delay = 3.25> <Storage> <Opcode : 'load' 'store'> <Ports = 1> <Width = 32> <Depth = 32> <RAM>
ST_3 : Operation 234 [1/2] ( I:0.00ns O:0.00ns )   --->   "%weights_20_load = load i5 %weights_20_addr" [../hls/dense_gemv.cpp:36]   --->   Operation 234 'load' 'weights_20_load' <Predicate = true> <Delay = 0.00> <CoreInst = "RAM_1P">   --->   Core 85 'RAM_1P' <Latency = 1> <II = 1> <Delay = 3.25> <Storage> <Opcode : 'load' 'store'> <Ports = 1> <Width = 32> <Depth = 32> <RAM>
ST_3 : Operation 235 [1/2] ( I:0.00ns O:0.00ns )   --->   "%weights_21_load = load i5 %weights_21_addr" [../hls/dense_gemv.cpp:36]   --->   Operation 235 'load' 'weights_21_load' <Predicate = true> <Delay = 0.00> <CoreInst = "RAM_1P">   --->   Core 85 'RAM_1P' <Latency = 1> <II = 1> <Delay = 3.25> <Storage> <Opcode : 'load' 'store'> <Ports = 1> <Width = 32> <Depth = 32> <RAM>
ST_3 : Operation 236 [1/2] ( I:0.00ns O:0.00ns )   --->   "%weights_22_load = load i5 %weights_22_addr" [../hls/dense_gemv.cpp:36]   --->   Operation 236 'load' 'weights_22_load' <Predicate = true> <Delay = 0.00> <CoreInst = "RAM_1P">   --->   Core 85 'RAM_1P' <Latency = 1> <II = 1> <Delay = 3.25> <Storage> <Opcode : 'load' 'store'> <Ports = 1> <Width = 32> <Depth = 32> <RAM>
ST_3 : Operation 237 [1/2] ( I:0.00ns O:0.00ns )   --->   "%weights_23_load = load i5 %weights_23_addr" [../hls/dense_gemv.cpp:36]   --->   Operation 237 'load' 'weights_23_load' <Predicate = true> <Delay = 0.00> <CoreInst = "RAM_1P">   --->   Core 85 'RAM_1P' <Latency = 1> <II = 1> <Delay = 3.25> <Storage> <Opcode : 'load' 'store'> <Ports = 1> <Width = 32> <Depth = 32> <RAM>
ST_3 : Operation 238 [1/2] ( I:0.00ns O:0.00ns )   --->   "%weights_24_load = load i5 %weights_24_addr" [../hls/dense_gemv.cpp:36]   --->   Operation 238 'load' 'weights_24_load' <Predicate = true> <Delay = 0.00> <CoreInst = "RAM_1P">   --->   Core 85 'RAM_1P' <Latency = 1> <II = 1> <Delay = 3.25> <Storage> <Opcode : 'load' 'store'> <Ports = 1> <Width = 32> <Depth = 32> <RAM>
ST_3 : Operation 239 [1/2] ( I:0.00ns O:0.00ns )   --->   "%weights_25_load = load i5 %weights_25_addr" [../hls/dense_gemv.cpp:36]   --->   Operation 239 'load' 'weights_25_load' <Predicate = true> <Delay = 0.00> <CoreInst = "RAM_1P">   --->   Core 85 'RAM_1P' <Latency = 1> <II = 1> <Delay = 3.25> <Storage> <Opcode : 'load' 'store'> <Ports = 1> <Width = 32> <Depth = 32> <RAM>
ST_3 : Operation 240 [1/2] ( I:0.00ns O:0.00ns )   --->   "%weights_26_load = load i5 %weights_26_addr" [../hls/dense_gemv.cpp:36]   --->   Operation 240 'load' 'weights_26_load' <Predicate = true> <Delay = 0.00> <CoreInst = "RAM_1P">   --->   Core 85 'RAM_1P' <Latency = 1> <II = 1> <Delay = 3.25> <Storage> <Opcode : 'load' 'store'> <Ports = 1> <Width = 32> <Depth = 32> <RAM>
ST_3 : Operation 241 [1/2] ( I:0.00ns O:0.00ns )   --->   "%weights_27_load = load i5 %weights_27_addr" [../hls/dense_gemv.cpp:36]   --->   Operation 241 'load' 'weights_27_load' <Predicate = true> <Delay = 0.00> <CoreInst = "RAM_1P">   --->   Core 85 'RAM_1P' <Latency = 1> <II = 1> <Delay = 3.25> <Storage> <Opcode : 'load' 'store'> <Ports = 1> <Width = 32> <Depth = 32> <RAM>
ST_3 : Operation 242 [1/2] (6.86ns)   --->   "%mul_ln36 = mul i32 %weights_31_load, i32 %sext_ln36_31_cast" [../hls/dense_gemv.cpp:36]   --->   Operation 242 'mul' 'mul_ln36' <Predicate = true> <Delay = 6.86> <CoreInst = "Multiplier">   --->   Core 3 'Multiplier' <Latency = 1> <II = 1> <Delay = 6.86> <FuncUnit> <Opcode : 'mul'> <InPorts = 2> <OutPorts = 1>
ST_3 : Operation 243 [1/2] (6.86ns)   --->   "%mul_ln36_1 = mul i32 %weights_30_load, i32 %sext_ln36_30_cast" [../hls/dense_gemv.cpp:36]   --->   Operation 243 'mul' 'mul_ln36_1' <Predicate = true> <Delay = 6.86> <CoreInst = "Multiplier">   --->   Core 3 'Multiplier' <Latency = 1> <II = 1> <Delay = 6.86> <FuncUnit> <Opcode : 'mul'> <InPorts = 2> <OutPorts = 1>
ST_3 : Operation 244 [1/2] (6.86ns)   --->   "%mul_ln36_2 = mul i32 %weights_29_load, i32 %sext_ln36_29_cast" [../hls/dense_gemv.cpp:36]   --->   Operation 244 'mul' 'mul_ln36_2' <Predicate = true> <Delay = 6.86> <CoreInst = "Multiplier">   --->   Core 3 'Multiplier' <Latency = 1> <II = 1> <Delay = 6.86> <FuncUnit> <Opcode : 'mul'> <InPorts = 2> <OutPorts = 1>
ST_3 : Operation 245 [1/2] (6.86ns)   --->   "%mul_ln36_3 = mul i32 %weights_28_load, i32 %sext_ln36_28_cast" [../hls/dense_gemv.cpp:36]   --->   Operation 245 'mul' 'mul_ln36_3' <Predicate = true> <Delay = 6.86> <CoreInst = "Multiplier">   --->   Core 3 'Multiplier' <Latency = 1> <II = 1> <Delay = 6.86> <FuncUnit> <Opcode : 'mul'> <InPorts = 2> <OutPorts = 1>
ST_3 : Operation 246 [2/2] (6.86ns)   --->   "%mul_ln36_4 = mul i32 %weights_27_load, i32 %sext_ln36_27_cast" [../hls/dense_gemv.cpp:36]   --->   Operation 246 'mul' 'mul_ln36_4' <Predicate = true> <Delay = 6.86> <CoreInst = "Multiplier">   --->   Core 3 'Multiplier' <Latency = 1> <II = 1> <Delay = 6.86> <FuncUnit> <Opcode : 'mul'> <InPorts = 2> <OutPorts = 1>
ST_3 : Operation 247 [2/2] (6.86ns)   --->   "%mul_ln36_5 = mul i32 %weights_26_load, i32 %sext_ln36_26_cast" [../hls/dense_gemv.cpp:36]   --->   Operation 247 'mul' 'mul_ln36_5' <Predicate = true> <Delay = 6.86> <CoreInst = "Multiplier">   --->   Core 3 'Multiplier' <Latency = 1> <II = 1> <Delay = 6.86> <FuncUnit> <Opcode : 'mul'> <InPorts = 2> <OutPorts = 1>
ST_3 : Operation 248 [2/2] (6.86ns)   --->   "%mul_ln36_6 = mul i32 %weights_25_load, i32 %sext_ln36_25_cast" [../hls/dense_gemv.cpp:36]   --->   Operation 248 'mul' 'mul_ln36_6' <Predicate = true> <Delay = 6.86> <CoreInst = "Multiplier">   --->   Core 3 'Multiplier' <Latency = 1> <II = 1> <Delay = 6.86> <FuncUnit> <Opcode : 'mul'> <InPorts = 2> <OutPorts = 1>
ST_3 : Operation 249 [2/2] (6.86ns)   --->   "%mul_ln36_7 = mul i32 %weights_24_load, i32 %sext_ln36_24_cast" [../hls/dense_gemv.cpp:36]   --->   Operation 249 'mul' 'mul_ln36_7' <Predicate = true> <Delay = 6.86> <CoreInst = "Multiplier">   --->   Core 3 'Multiplier' <Latency = 1> <II = 1> <Delay = 6.86> <FuncUnit> <Opcode : 'mul'> <InPorts = 2> <OutPorts = 1>
ST_3 : Operation 250 [2/2] (6.86ns)   --->   "%mul_ln36_8 = mul i32 %weights_23_load, i32 %sext_ln36_23_cast" [../hls/dense_gemv.cpp:36]   --->   Operation 250 'mul' 'mul_ln36_8' <Predicate = true> <Delay = 6.86> <CoreInst = "Multiplier">   --->   Core 3 'Multiplier' <Latency = 1> <II = 1> <Delay = 6.86> <FuncUnit> <Opcode : 'mul'> <InPorts = 2> <OutPorts = 1>
ST_3 : Operation 251 [2/2] (6.86ns)   --->   "%mul_ln36_9 = mul i32 %weights_22_load, i32 %sext_ln36_22_cast" [../hls/dense_gemv.cpp:36]   --->   Operation 251 'mul' 'mul_ln36_9' <Predicate = true> <Delay = 6.86> <CoreInst = "Multiplier">   --->   Core 3 'Multiplier' <Latency = 1> <II = 1> <Delay = 6.86> <FuncUnit> <Opcode : 'mul'> <InPorts = 2> <OutPorts = 1>
ST_3 : Operation 252 [2/2] (6.86ns)   --->   "%mul_ln36_10 = mul i32 %weights_21_load, i32 %sext_ln36_21_cast" [../hls/dense_gemv.cpp:36]   --->   Operation 252 'mul' 'mul_ln36_10' <Predicate = true> <Delay = 6.86> <CoreInst = "Multiplier">   --->   Core 3 'Multiplier' <Latency = 1> <II = 1> <Delay = 6.86> <FuncUnit> <Opcode : 'mul'> <InPorts = 2> <OutPorts = 1>
ST_3 : Operation 253 [2/2] (6.86ns)   --->   "%mul_ln36_11 = mul i32 %weights_20_load, i32 %sext_ln36_20_cast" [../hls/dense_gemv.cpp:36]   --->   Operation 253 'mul' 'mul_ln36_11' <Predicate = true> <Delay = 6.86> <CoreInst = "Multiplier">   --->   Core 3 'Multiplier' <Latency = 1> <II = 1> <Delay = 6.86> <FuncUnit> <Opcode : 'mul'> <InPorts = 2> <OutPorts = 1>
ST_3 : Operation 254 [2/2] (6.86ns)   --->   "%mul_ln36_12 = mul i32 %weights_19_load, i32 %sext_ln36_19_cast" [../hls/dense_gemv.cpp:36]   --->   Operation 254 'mul' 'mul_ln36_12' <Predicate = true> <Delay = 6.86> <CoreInst = "Multiplier">   --->   Core 3 'Multiplier' <Latency = 1> <II = 1> <Delay = 6.86> <FuncUnit> <Opcode : 'mul'> <InPorts = 2> <OutPorts = 1>
ST_3 : Operation 255 [2/2] (6.86ns)   --->   "%mul_ln36_13 = mul i32 %weights_18_load, i32 %sext_ln36_18_cast" [../hls/dense_gemv.cpp:36]   --->   Operation 255 'mul' 'mul_ln36_13' <Predicate = true> <Delay = 6.86> <CoreInst = "Multiplier">   --->   Core 3 'Multiplier' <Latency = 1> <II = 1> <Delay = 6.86> <FuncUnit> <Opcode : 'mul'> <InPorts = 2> <OutPorts = 1>
ST_3 : Operation 256 [2/2] (6.86ns)   --->   "%mul_ln36_14 = mul i32 %weights_17_load, i32 %sext_ln36_17_cast" [../hls/dense_gemv.cpp:36]   --->   Operation 256 'mul' 'mul_ln36_14' <Predicate = true> <Delay = 6.86> <CoreInst = "Multiplier">   --->   Core 3 'Multiplier' <Latency = 1> <II = 1> <Delay = 6.86> <FuncUnit> <Opcode : 'mul'> <InPorts = 2> <OutPorts = 1>
ST_3 : Operation 257 [2/2] (6.86ns)   --->   "%mul_ln36_15 = mul i32 %weights_16_load, i32 %sext_ln36_16_cast" [../hls/dense_gemv.cpp:36]   --->   Operation 257 'mul' 'mul_ln36_15' <Predicate = true> <Delay = 6.86> <CoreInst = "Multiplier">   --->   Core 3 'Multiplier' <Latency = 1> <II = 1> <Delay = 6.86> <FuncUnit> <Opcode : 'mul'> <InPorts = 2> <OutPorts = 1>
ST_3 : Operation 258 [2/2] (6.86ns)   --->   "%mul_ln36_16 = mul i32 %weights_15_load, i32 %sext_ln36_15_cast" [../hls/dense_gemv.cpp:36]   --->   Operation 258 'mul' 'mul_ln36_16' <Predicate = true> <Delay = 6.86> <CoreInst = "Multiplier">   --->   Core 3 'Multiplier' <Latency = 1> <II = 1> <Delay = 6.86> <FuncUnit> <Opcode : 'mul'> <InPorts = 2> <OutPorts = 1>
ST_3 : Operation 259 [2/2] (6.86ns)   --->   "%mul_ln36_17 = mul i32 %weights_14_load, i32 %sext_ln36_14_cast" [../hls/dense_gemv.cpp:36]   --->   Operation 259 'mul' 'mul_ln36_17' <Predicate = true> <Delay = 6.86> <CoreInst = "Multiplier">   --->   Core 3 'Multiplier' <Latency = 1> <II = 1> <Delay = 6.86> <FuncUnit> <Opcode : 'mul'> <InPorts = 2> <OutPorts = 1>
ST_3 : Operation 260 [2/2] (6.86ns)   --->   "%mul_ln36_18 = mul i32 %weights_13_load, i32 %sext_ln36_13_cast" [../hls/dense_gemv.cpp:36]   --->   Operation 260 'mul' 'mul_ln36_18' <Predicate = true> <Delay = 6.86> <CoreInst = "Multiplier">   --->   Core 3 'Multiplier' <Latency = 1> <II = 1> <Delay = 6.86> <FuncUnit> <Opcode : 'mul'> <InPorts = 2> <OutPorts = 1>
ST_3 : Operation 261 [2/2] (6.86ns)   --->   "%mul_ln36_19 = mul i32 %weights_12_load, i32 %sext_ln36_12_cast" [../hls/dense_gemv.cpp:36]   --->   Operation 261 'mul' 'mul_ln36_19' <Predicate = true> <Delay = 6.86> <CoreInst = "Multiplier">   --->   Core 3 'Multiplier' <Latency = 1> <II = 1> <Delay = 6.86> <FuncUnit> <Opcode : 'mul'> <InPorts = 2> <OutPorts = 1>
ST_3 : Operation 262 [2/2] (6.86ns)   --->   "%mul_ln36_24 = mul i32 %weights_7_load, i32 %sext_ln36_7_cast" [../hls/dense_gemv.cpp:36]   --->   Operation 262 'mul' 'mul_ln36_24' <Predicate = true> <Delay = 6.86> <CoreInst = "Multiplier">   --->   Core 3 'Multiplier' <Latency = 1> <II = 1> <Delay = 6.86> <FuncUnit> <Opcode : 'mul'> <InPorts = 2> <OutPorts = 1>
ST_3 : Operation 263 [2/2] (6.86ns)   --->   "%mul_ln36_25 = mul i32 %weights_6_load, i32 %sext_ln36_6_cast" [../hls/dense_gemv.cpp:36]   --->   Operation 263 'mul' 'mul_ln36_25' <Predicate = true> <Delay = 6.86> <CoreInst = "Multiplier">   --->   Core 3 'Multiplier' <Latency = 1> <II = 1> <Delay = 6.86> <FuncUnit> <Opcode : 'mul'> <InPorts = 2> <OutPorts = 1>
ST_3 : Operation 264 [2/2] (6.86ns)   --->   "%mul_ln36_26 = mul i32 %weights_5_load, i32 %sext_ln36_5_cast" [../hls/dense_gemv.cpp:36]   --->   Operation 264 'mul' 'mul_ln36_26' <Predicate = true> <Delay = 6.86> <CoreInst = "Multiplier">   --->   Core 3 'Multiplier' <Latency = 1> <II = 1> <Delay = 6.86> <FuncUnit> <Opcode : 'mul'> <InPorts = 2> <OutPorts = 1>
ST_3 : Operation 265 [2/2] (6.86ns)   --->   "%mul_ln36_27 = mul i32 %weights_4_load, i32 %sext_ln36_4_cast" [../hls/dense_gemv.cpp:36]   --->   Operation 265 'mul' 'mul_ln36_27' <Predicate = true> <Delay = 6.86> <CoreInst = "Multiplier">   --->   Core 3 'Multiplier' <Latency = 1> <II = 1> <Delay = 6.86> <FuncUnit> <Opcode : 'mul'> <InPorts = 2> <OutPorts = 1>

State 4 <SV = 3> <Delay = 7.20>
ST_4 : Operation 266 [1/2] ( I:0.00ns O:0.00ns )   --->   "%weights_0_load = load i5 %weights_0_addr" [../hls/dense_gemv.cpp:36]   --->   Operation 266 'load' 'weights_0_load' <Predicate = true> <Delay = 0.00> <CoreInst = "RAM_1P">   --->   Core 85 'RAM_1P' <Latency = 1> <II = 1> <Delay = 3.25> <Storage> <Opcode : 'load' 'store'> <Ports = 1> <Width = 32> <Depth = 32> <RAM>
ST_4 : Operation 267 [1/2] ( I:0.00ns O:0.00ns )   --->   "%weights_1_load = load i5 %weights_1_addr" [../hls/dense_gemv.cpp:36]   --->   Operation 267 'load' 'weights_1_load' <Predicate = true> <Delay = 0.00> <CoreInst = "RAM_1P">   --->   Core 85 'RAM_1P' <Latency = 1> <II = 1> <Delay = 3.25> <Storage> <Opcode : 'load' 'store'> <Ports = 1> <Width = 32> <Depth = 32> <RAM>
ST_4 : Operation 268 [1/2] ( I:0.00ns O:0.00ns )   --->   "%weights_2_load = load i5 %weights_2_addr" [../hls/dense_gemv.cpp:36]   --->   Operation 268 'load' 'weights_2_load' <Predicate = true> <Delay = 0.00> <CoreInst = "RAM_1P">   --->   Core 85 'RAM_1P' <Latency = 1> <II = 1> <Delay = 3.25> <Storage> <Opcode : 'load' 'store'> <Ports = 1> <Width = 32> <Depth = 32> <RAM>
ST_4 : Operation 269 [1/2] ( I:0.00ns O:0.00ns )   --->   "%weights_3_load = load i5 %weights_3_addr" [../hls/dense_gemv.cpp:36]   --->   Operation 269 'load' 'weights_3_load' <Predicate = true> <Delay = 0.00> <CoreInst = "RAM_1P">   --->   Core 85 'RAM_1P' <Latency = 1> <II = 1> <Delay = 3.25> <Storage> <Opcode : 'load' 'store'> <Ports = 1> <Width = 32> <Depth = 32> <RAM>
ST_4 : Operation 270 [1/2] ( I:0.00ns O:0.00ns )   --->   "%weights_8_load = load i5 %weights_8_addr" [../hls/dense_gemv.cpp:36]   --->   Operation 270 'load' 'weights_8_load' <Predicate = true> <Delay = 0.00> <CoreInst = "RAM_1P">   --->   Core 85 'RAM_1P' <Latency = 1> <II = 1> <Delay = 3.25> <Storage> <Opcode : 'load' 'store'> <Ports = 1> <Width = 32> <Depth = 32> <RAM>
ST_4 : Operation 271 [1/2] ( I:0.00ns O:0.00ns )   --->   "%weights_9_load = load i5 %weights_9_addr" [../hls/dense_gemv.cpp:36]   --->   Operation 271 'load' 'weights_9_load' <Predicate = true> <Delay = 0.00> <CoreInst = "RAM_1P">   --->   Core 85 'RAM_1P' <Latency = 1> <II = 1> <Delay = 3.25> <Storage> <Opcode : 'load' 'store'> <Ports = 1> <Width = 32> <Depth = 32> <RAM>
ST_4 : Operation 272 [1/2] ( I:0.00ns O:0.00ns )   --->   "%weights_10_load = load i5 %weights_10_addr" [../hls/dense_gemv.cpp:36]   --->   Operation 272 'load' 'weights_10_load' <Predicate = true> <Delay = 0.00> <CoreInst = "RAM_1P">   --->   Core 85 'RAM_1P' <Latency = 1> <II = 1> <Delay = 3.25> <Storage> <Opcode : 'load' 'store'> <Ports = 1> <Width = 32> <Depth = 32> <RAM>
ST_4 : Operation 273 [1/2] ( I:0.00ns O:0.00ns )   --->   "%weights_11_load = load i5 %weights_11_addr" [../hls/dense_gemv.cpp:36]   --->   Operation 273 'load' 'weights_11_load' <Predicate = true> <Delay = 0.00> <CoreInst = "RAM_1P">   --->   Core 85 'RAM_1P' <Latency = 1> <II = 1> <Delay = 3.25> <Storage> <Opcode : 'load' 'store'> <Ports = 1> <Width = 32> <Depth = 32> <RAM>
ST_4 : Operation 274 [1/2] (6.86ns)   --->   "%mul_ln36_4 = mul i32 %weights_27_load, i32 %sext_ln36_27_cast" [../hls/dense_gemv.cpp:36]   --->   Operation 274 'mul' 'mul_ln36_4' <Predicate = true> <Delay = 6.86> <CoreInst = "Multiplier">   --->   Core 3 'Multiplier' <Latency = 1> <II = 1> <Delay = 6.86> <FuncUnit> <Opcode : 'mul'> <InPorts = 2> <OutPorts = 1>
ST_4 : Operation 275 [1/2] (6.86ns)   --->   "%mul_ln36_5 = mul i32 %weights_26_load, i32 %sext_ln36_26_cast" [../hls/dense_gemv.cpp:36]   --->   Operation 275 'mul' 'mul_ln36_5' <Predicate = true> <Delay = 6.86> <CoreInst = "Multiplier">   --->   Core 3 'Multiplier' <Latency = 1> <II = 1> <Delay = 6.86> <FuncUnit> <Opcode : 'mul'> <InPorts = 2> <OutPorts = 1>
ST_4 : Operation 276 [1/2] (6.86ns)   --->   "%mul_ln36_6 = mul i32 %weights_25_load, i32 %sext_ln36_25_cast" [../hls/dense_gemv.cpp:36]   --->   Operation 276 'mul' 'mul_ln36_6' <Predicate = true> <Delay = 6.86> <CoreInst = "Multiplier">   --->   Core 3 'Multiplier' <Latency = 1> <II = 1> <Delay = 6.86> <FuncUnit> <Opcode : 'mul'> <InPorts = 2> <OutPorts = 1>
ST_4 : Operation 277 [1/2] (6.86ns)   --->   "%mul_ln36_7 = mul i32 %weights_24_load, i32 %sext_ln36_24_cast" [../hls/dense_gemv.cpp:36]   --->   Operation 277 'mul' 'mul_ln36_7' <Predicate = true> <Delay = 6.86> <CoreInst = "Multiplier">   --->   Core 3 'Multiplier' <Latency = 1> <II = 1> <Delay = 6.86> <FuncUnit> <Opcode : 'mul'> <InPorts = 2> <OutPorts = 1>
ST_4 : Operation 278 [1/2] (6.86ns)   --->   "%mul_ln36_8 = mul i32 %weights_23_load, i32 %sext_ln36_23_cast" [../hls/dense_gemv.cpp:36]   --->   Operation 278 'mul' 'mul_ln36_8' <Predicate = true> <Delay = 6.86> <CoreInst = "Multiplier">   --->   Core 3 'Multiplier' <Latency = 1> <II = 1> <Delay = 6.86> <FuncUnit> <Opcode : 'mul'> <InPorts = 2> <OutPorts = 1>
ST_4 : Operation 279 [1/2] (6.86ns)   --->   "%mul_ln36_9 = mul i32 %weights_22_load, i32 %sext_ln36_22_cast" [../hls/dense_gemv.cpp:36]   --->   Operation 279 'mul' 'mul_ln36_9' <Predicate = true> <Delay = 6.86> <CoreInst = "Multiplier">   --->   Core 3 'Multiplier' <Latency = 1> <II = 1> <Delay = 6.86> <FuncUnit> <Opcode : 'mul'> <InPorts = 2> <OutPorts = 1>
ST_4 : Operation 280 [1/2] (6.86ns)   --->   "%mul_ln36_10 = mul i32 %weights_21_load, i32 %sext_ln36_21_cast" [../hls/dense_gemv.cpp:36]   --->   Operation 280 'mul' 'mul_ln36_10' <Predicate = true> <Delay = 6.86> <CoreInst = "Multiplier">   --->   Core 3 'Multiplier' <Latency = 1> <II = 1> <Delay = 6.86> <FuncUnit> <Opcode : 'mul'> <InPorts = 2> <OutPorts = 1>
ST_4 : Operation 281 [1/2] (6.86ns)   --->   "%mul_ln36_11 = mul i32 %weights_20_load, i32 %sext_ln36_20_cast" [../hls/dense_gemv.cpp:36]   --->   Operation 281 'mul' 'mul_ln36_11' <Predicate = true> <Delay = 6.86> <CoreInst = "Multiplier">   --->   Core 3 'Multiplier' <Latency = 1> <II = 1> <Delay = 6.86> <FuncUnit> <Opcode : 'mul'> <InPorts = 2> <OutPorts = 1>
ST_4 : Operation 282 [1/2] (6.86ns)   --->   "%mul_ln36_12 = mul i32 %weights_19_load, i32 %sext_ln36_19_cast" [../hls/dense_gemv.cpp:36]   --->   Operation 282 'mul' 'mul_ln36_12' <Predicate = true> <Delay = 6.86> <CoreInst = "Multiplier">   --->   Core 3 'Multiplier' <Latency = 1> <II = 1> <Delay = 6.86> <FuncUnit> <Opcode : 'mul'> <InPorts = 2> <OutPorts = 1>
ST_4 : Operation 283 [1/2] (6.86ns)   --->   "%mul_ln36_13 = mul i32 %weights_18_load, i32 %sext_ln36_18_cast" [../hls/dense_gemv.cpp:36]   --->   Operation 283 'mul' 'mul_ln36_13' <Predicate = true> <Delay = 6.86> <CoreInst = "Multiplier">   --->   Core 3 'Multiplier' <Latency = 1> <II = 1> <Delay = 6.86> <FuncUnit> <Opcode : 'mul'> <InPorts = 2> <OutPorts = 1>
ST_4 : Operation 284 [1/2] (6.86ns)   --->   "%mul_ln36_14 = mul i32 %weights_17_load, i32 %sext_ln36_17_cast" [../hls/dense_gemv.cpp:36]   --->   Operation 284 'mul' 'mul_ln36_14' <Predicate = true> <Delay = 6.86> <CoreInst = "Multiplier">   --->   Core 3 'Multiplier' <Latency = 1> <II = 1> <Delay = 6.86> <FuncUnit> <Opcode : 'mul'> <InPorts = 2> <OutPorts = 1>
ST_4 : Operation 285 [1/2] (6.86ns)   --->   "%mul_ln36_15 = mul i32 %weights_16_load, i32 %sext_ln36_16_cast" [../hls/dense_gemv.cpp:36]   --->   Operation 285 'mul' 'mul_ln36_15' <Predicate = true> <Delay = 6.86> <CoreInst = "Multiplier">   --->   Core 3 'Multiplier' <Latency = 1> <II = 1> <Delay = 6.86> <FuncUnit> <Opcode : 'mul'> <InPorts = 2> <OutPorts = 1>
ST_4 : Operation 286 [1/2] (6.86ns)   --->   "%mul_ln36_16 = mul i32 %weights_15_load, i32 %sext_ln36_15_cast" [../hls/dense_gemv.cpp:36]   --->   Operation 286 'mul' 'mul_ln36_16' <Predicate = true> <Delay = 6.86> <CoreInst = "Multiplier">   --->   Core 3 'Multiplier' <Latency = 1> <II = 1> <Delay = 6.86> <FuncUnit> <Opcode : 'mul'> <InPorts = 2> <OutPorts = 1>
ST_4 : Operation 287 [1/2] (6.86ns)   --->   "%mul_ln36_17 = mul i32 %weights_14_load, i32 %sext_ln36_14_cast" [../hls/dense_gemv.cpp:36]   --->   Operation 287 'mul' 'mul_ln36_17' <Predicate = true> <Delay = 6.86> <CoreInst = "Multiplier">   --->   Core 3 'Multiplier' <Latency = 1> <II = 1> <Delay = 6.86> <FuncUnit> <Opcode : 'mul'> <InPorts = 2> <OutPorts = 1>
ST_4 : Operation 288 [1/2] (6.86ns)   --->   "%mul_ln36_18 = mul i32 %weights_13_load, i32 %sext_ln36_13_cast" [../hls/dense_gemv.cpp:36]   --->   Operation 288 'mul' 'mul_ln36_18' <Predicate = true> <Delay = 6.86> <CoreInst = "Multiplier">   --->   Core 3 'Multiplier' <Latency = 1> <II = 1> <Delay = 6.86> <FuncUnit> <Opcode : 'mul'> <InPorts = 2> <OutPorts = 1>
ST_4 : Operation 289 [1/2] (6.86ns)   --->   "%mul_ln36_19 = mul i32 %weights_12_load, i32 %sext_ln36_12_cast" [../hls/dense_gemv.cpp:36]   --->   Operation 289 'mul' 'mul_ln36_19' <Predicate = true> <Delay = 6.86> <CoreInst = "Multiplier">   --->   Core 3 'Multiplier' <Latency = 1> <II = 1> <Delay = 6.86> <FuncUnit> <Opcode : 'mul'> <InPorts = 2> <OutPorts = 1>
ST_4 : Operation 290 [2/2] (6.86ns)   --->   "%mul_ln36_20 = mul i32 %weights_11_load, i32 %sext_ln36_11_cast" [../hls/dense_gemv.cpp:36]   --->   Operation 290 'mul' 'mul_ln36_20' <Predicate = true> <Delay = 6.86> <CoreInst = "Multiplier">   --->   Core 3 'Multiplier' <Latency = 1> <II = 1> <Delay = 6.86> <FuncUnit> <Opcode : 'mul'> <InPorts = 2> <OutPorts = 1>
ST_4 : Operation 291 [2/2] (6.86ns)   --->   "%mul_ln36_21 = mul i32 %weights_10_load, i32 %sext_ln36_10_cast" [../hls/dense_gemv.cpp:36]   --->   Operation 291 'mul' 'mul_ln36_21' <Predicate = true> <Delay = 6.86> <CoreInst = "Multiplier">   --->   Core 3 'Multiplier' <Latency = 1> <II = 1> <Delay = 6.86> <FuncUnit> <Opcode : 'mul'> <InPorts = 2> <OutPorts = 1>
ST_4 : Operation 292 [2/2] (6.86ns)   --->   "%mul_ln36_22 = mul i32 %weights_9_load, i32 %sext_ln36_9_cast" [../hls/dense_gemv.cpp:36]   --->   Operation 292 'mul' 'mul_ln36_22' <Predicate = true> <Delay = 6.86> <CoreInst = "Multiplier">   --->   Core 3 'Multiplier' <Latency = 1> <II = 1> <Delay = 6.86> <FuncUnit> <Opcode : 'mul'> <InPorts = 2> <OutPorts = 1>
ST_4 : Operation 293 [2/2] (6.86ns)   --->   "%mul_ln36_23 = mul i32 %weights_8_load, i32 %sext_ln36_8_cast" [../hls/dense_gemv.cpp:36]   --->   Operation 293 'mul' 'mul_ln36_23' <Predicate = true> <Delay = 6.86> <CoreInst = "Multiplier">   --->   Core 3 'Multiplier' <Latency = 1> <II = 1> <Delay = 6.86> <FuncUnit> <Opcode : 'mul'> <InPorts = 2> <OutPorts = 1>
ST_4 : Operation 294 [1/2] (6.86ns)   --->   "%mul_ln36_24 = mul i32 %weights_7_load, i32 %sext_ln36_7_cast" [../hls/dense_gemv.cpp:36]   --->   Operation 294 'mul' 'mul_ln36_24' <Predicate = true> <Delay = 6.86> <CoreInst = "Multiplier">   --->   Core 3 'Multiplier' <Latency = 1> <II = 1> <Delay = 6.86> <FuncUnit> <Opcode : 'mul'> <InPorts = 2> <OutPorts = 1>
ST_4 : Operation 295 [1/2] (6.86ns)   --->   "%mul_ln36_25 = mul i32 %weights_6_load, i32 %sext_ln36_6_cast" [../hls/dense_gemv.cpp:36]   --->   Operation 295 'mul' 'mul_ln36_25' <Predicate = true> <Delay = 6.86> <CoreInst = "Multiplier">   --->   Core 3 'Multiplier' <Latency = 1> <II = 1> <Delay = 6.86> <FuncUnit> <Opcode : 'mul'> <InPorts = 2> <OutPorts = 1>
ST_4 : Operation 296 [1/2] (6.86ns)   --->   "%mul_ln36_26 = mul i32 %weights_5_load, i32 %sext_ln36_5_cast" [../hls/dense_gemv.cpp:36]   --->   Operation 296 'mul' 'mul_ln36_26' <Predicate = true> <Delay = 6.86> <CoreInst = "Multiplier">   --->   Core 3 'Multiplier' <Latency = 1> <II = 1> <Delay = 6.86> <FuncUnit> <Opcode : 'mul'> <InPorts = 2> <OutPorts = 1>
ST_4 : Operation 297 [1/2] (6.86ns)   --->   "%mul_ln36_27 = mul i32 %weights_4_load, i32 %sext_ln36_4_cast" [../hls/dense_gemv.cpp:36]   --->   Operation 297 'mul' 'mul_ln36_27' <Predicate = true> <Delay = 6.86> <CoreInst = "Multiplier">   --->   Core 3 'Multiplier' <Latency = 1> <II = 1> <Delay = 6.86> <FuncUnit> <Opcode : 'mul'> <InPorts = 2> <OutPorts = 1>
ST_4 : Operation 298 [2/2] (6.86ns)   --->   "%mul_ln36_28 = mul i32 %weights_3_load, i32 %sext_ln36_3_cast" [../hls/dense_gemv.cpp:36]   --->   Operation 298 'mul' 'mul_ln36_28' <Predicate = true> <Delay = 6.86> <CoreInst = "Multiplier">   --->   Core 3 'Multiplier' <Latency = 1> <II = 1> <Delay = 6.86> <FuncUnit> <Opcode : 'mul'> <InPorts = 2> <OutPorts = 1>
ST_4 : Operation 299 [2/2] (6.86ns)   --->   "%mul_ln36_29 = mul i32 %weights_2_load, i32 %sext_ln36_2_cast" [../hls/dense_gemv.cpp:36]   --->   Operation 299 'mul' 'mul_ln36_29' <Predicate = true> <Delay = 6.86> <CoreInst = "Multiplier">   --->   Core 3 'Multiplier' <Latency = 1> <II = 1> <Delay = 6.86> <FuncUnit> <Opcode : 'mul'> <InPorts = 2> <OutPorts = 1>
ST_4 : Operation 300 [2/2] (6.86ns)   --->   "%mul_ln36_30 = mul i32 %weights_0_load, i32 %sext_ln36_cast" [../hls/dense_gemv.cpp:36]   --->   Operation 300 'mul' 'mul_ln36_30' <Predicate = true> <Delay = 6.86> <CoreInst = "Multiplier">   --->   Core 3 'Multiplier' <Latency = 1> <II = 1> <Delay = 6.86> <FuncUnit> <Opcode : 'mul'> <InPorts = 2> <OutPorts = 1>
ST_4 : Operation 301 [2/2] (6.86ns)   --->   "%mul_ln36_31 = mul i32 %weights_1_load, i32 %sext_ln36_1_cast" [../hls/dense_gemv.cpp:36]   --->   Operation 301 'mul' 'mul_ln36_31' <Predicate = true> <Delay = 6.86> <CoreInst = "Multiplier">   --->   Core 3 'Multiplier' <Latency = 1> <II = 1> <Delay = 6.86> <FuncUnit> <Opcode : 'mul'> <InPorts = 2> <OutPorts = 1>
ST_4 : Operation 302 [1/1] (0.00ns) (grouped into TernaryAdder)   --->   "%add_ln36_25 = add i32 %mul_ln36_3, i32 %mul_ln36_2" [../hls/dense_gemv.cpp:36]   --->   Operation 302 'add' 'add_ln36_25' <Predicate = true> <Delay = 0.00> <CoreInst = "TAddSub">   --->   Core 10 'TAddSub' <Latency = 0> <II = 1> <Delay = 2.25> <IPBlock> <Opcode : 'add' 'sub'> <InPorts = 3> <OutPorts = 1> <Sync> <CReg>
ST_4 : Operation 303 [1/1] (2.70ns)   --->   "%add_ln36_26 = add i32 %mul_ln36_1, i32 %mul_ln36" [../hls/dense_gemv.cpp:36]   --->   Operation 303 'add' 'add_ln36_26' <Predicate = true> <Delay = 2.70> <CoreInst = "Adder">   --->   Core 1 'Adder' <Latency = 0> <II = 1> <Delay = 2.70> <FuncUnit> <Opcode : 'add' 'sub'> <InPorts = 2> <OutPorts = 1>
ST_4 : Operation 304 [1/1] (4.50ns) (root node of TernaryAdder)   --->   "%add_ln36_27 = add i32 %add_ln36_26, i32 %add_ln36_25" [../hls/dense_gemv.cpp:36]   --->   Operation 304 'add' 'add_ln36_27' <Predicate = true> <Delay = 4.50> <CoreInst = "TAddSub">   --->   Core 10 'TAddSub' <Latency = 0> <II = 1> <Delay = 2.25> <IPBlock> <Opcode : 'add' 'sub'> <InPorts = 3> <OutPorts = 1> <Sync> <CReg>

State 5 <SV = 4> <Delay = 7.20>
ST_5 : Operation 305 [1/2] (6.86ns)   --->   "%mul_ln36_20 = mul i32 %weights_11_load, i32 %sext_ln36_11_cast" [../hls/dense_gemv.cpp:36]   --->   Operation 305 'mul' 'mul_ln36_20' <Predicate = true> <Delay = 6.86> <CoreInst = "Multiplier">   --->   Core 3 'Multiplier' <Latency = 1> <II = 1> <Delay = 6.86> <FuncUnit> <Opcode : 'mul'> <InPorts = 2> <OutPorts = 1>
ST_5 : Operation 306 [1/2] (6.86ns)   --->   "%mul_ln36_21 = mul i32 %weights_10_load, i32 %sext_ln36_10_cast" [../hls/dense_gemv.cpp:36]   --->   Operation 306 'mul' 'mul_ln36_21' <Predicate = true> <Delay = 6.86> <CoreInst = "Multiplier">   --->   Core 3 'Multiplier' <Latency = 1> <II = 1> <Delay = 6.86> <FuncUnit> <Opcode : 'mul'> <InPorts = 2> <OutPorts = 1>
ST_5 : Operation 307 [1/2] (6.86ns)   --->   "%mul_ln36_22 = mul i32 %weights_9_load, i32 %sext_ln36_9_cast" [../hls/dense_gemv.cpp:36]   --->   Operation 307 'mul' 'mul_ln36_22' <Predicate = true> <Delay = 6.86> <CoreInst = "Multiplier">   --->   Core 3 'Multiplier' <Latency = 1> <II = 1> <Delay = 6.86> <FuncUnit> <Opcode : 'mul'> <InPorts = 2> <OutPorts = 1>
ST_5 : Operation 308 [1/2] (6.86ns)   --->   "%mul_ln36_23 = mul i32 %weights_8_load, i32 %sext_ln36_8_cast" [../hls/dense_gemv.cpp:36]   --->   Operation 308 'mul' 'mul_ln36_23' <Predicate = true> <Delay = 6.86> <CoreInst = "Multiplier">   --->   Core 3 'Multiplier' <Latency = 1> <II = 1> <Delay = 6.86> <FuncUnit> <Opcode : 'mul'> <InPorts = 2> <OutPorts = 1>
ST_5 : Operation 309 [1/2] (6.86ns)   --->   "%mul_ln36_28 = mul i32 %weights_3_load, i32 %sext_ln36_3_cast" [../hls/dense_gemv.cpp:36]   --->   Operation 309 'mul' 'mul_ln36_28' <Predicate = true> <Delay = 6.86> <CoreInst = "Multiplier">   --->   Core 3 'Multiplier' <Latency = 1> <II = 1> <Delay = 6.86> <FuncUnit> <Opcode : 'mul'> <InPorts = 2> <OutPorts = 1>
ST_5 : Operation 310 [1/2] (6.86ns)   --->   "%mul_ln36_29 = mul i32 %weights_2_load, i32 %sext_ln36_2_cast" [../hls/dense_gemv.cpp:36]   --->   Operation 310 'mul' 'mul_ln36_29' <Predicate = true> <Delay = 6.86> <CoreInst = "Multiplier">   --->   Core 3 'Multiplier' <Latency = 1> <II = 1> <Delay = 6.86> <FuncUnit> <Opcode : 'mul'> <InPorts = 2> <OutPorts = 1>
ST_5 : Operation 311 [1/2] (6.86ns)   --->   "%mul_ln36_30 = mul i32 %weights_0_load, i32 %sext_ln36_cast" [../hls/dense_gemv.cpp:36]   --->   Operation 311 'mul' 'mul_ln36_30' <Predicate = true> <Delay = 6.86> <CoreInst = "Multiplier">   --->   Core 3 'Multiplier' <Latency = 1> <II = 1> <Delay = 6.86> <FuncUnit> <Opcode : 'mul'> <InPorts = 2> <OutPorts = 1>
ST_5 : Operation 312 [1/2] (6.86ns)   --->   "%mul_ln36_31 = mul i32 %weights_1_load, i32 %sext_ln36_1_cast" [../hls/dense_gemv.cpp:36]   --->   Operation 312 'mul' 'mul_ln36_31' <Predicate = true> <Delay = 6.86> <CoreInst = "Multiplier">   --->   Core 3 'Multiplier' <Latency = 1> <II = 1> <Delay = 6.86> <FuncUnit> <Opcode : 'mul'> <InPorts = 2> <OutPorts = 1>
ST_5 : Operation 313 [1/1] (0.00ns) (grouped into TernaryAdder)   --->   "%add_ln36_3 = add i32 %mul_ln36_27, i32 %mul_ln36_26" [../hls/dense_gemv.cpp:36]   --->   Operation 313 'add' 'add_ln36_3' <Predicate = true> <Delay = 0.00> <CoreInst = "TAddSub">   --->   Core 10 'TAddSub' <Latency = 0> <II = 1> <Delay = 2.25> <IPBlock> <Opcode : 'add' 'sub'> <InPorts = 3> <OutPorts = 1> <Sync> <CReg>
ST_5 : Operation 314 [1/1] (2.70ns)   --->   "%add_ln36_4 = add i32 %mul_ln36_25, i32 %mul_ln36_24" [../hls/dense_gemv.cpp:36]   --->   Operation 314 'add' 'add_ln36_4' <Predicate = true> <Delay = 2.70> <CoreInst = "Adder">   --->   Core 1 'Adder' <Latency = 0> <II = 1> <Delay = 2.70> <FuncUnit> <Opcode : 'add' 'sub'> <InPorts = 2> <OutPorts = 1>
ST_5 : Operation 315 [1/1] (4.50ns) (root node of TernaryAdder)   --->   "%add_ln36_5 = add i32 %add_ln36_4, i32 %add_ln36_3" [../hls/dense_gemv.cpp:36]   --->   Operation 315 'add' 'add_ln36_5' <Predicate = true> <Delay = 4.50> <CoreInst = "TAddSub">   --->   Core 10 'TAddSub' <Latency = 0> <II = 1> <Delay = 2.25> <IPBlock> <Opcode : 'add' 'sub'> <InPorts = 3> <OutPorts = 1> <Sync> <CReg>
ST_5 : Operation 316 [1/1] (0.00ns) (grouped into TernaryAdder)   --->   "%add_ln36_10 = add i32 %mul_ln36_19, i32 %mul_ln36_18" [../hls/dense_gemv.cpp:36]   --->   Operation 316 'add' 'add_ln36_10' <Predicate = true> <Delay = 0.00> <CoreInst = "TAddSub">   --->   Core 10 'TAddSub' <Latency = 0> <II = 1> <Delay = 2.25> <IPBlock> <Opcode : 'add' 'sub'> <InPorts = 3> <OutPorts = 1> <Sync> <CReg>
ST_5 : Operation 317 [1/1] (2.70ns)   --->   "%add_ln36_11 = add i32 %mul_ln36_17, i32 %mul_ln36_16" [../hls/dense_gemv.cpp:36]   --->   Operation 317 'add' 'add_ln36_11' <Predicate = true> <Delay = 2.70> <CoreInst = "Adder">   --->   Core 1 'Adder' <Latency = 0> <II = 1> <Delay = 2.70> <FuncUnit> <Opcode : 'add' 'sub'> <InPorts = 2> <OutPorts = 1>
ST_5 : Operation 318 [1/1] (4.50ns) (root node of TernaryAdder)   --->   "%add_ln36_12 = add i32 %add_ln36_11, i32 %add_ln36_10" [../hls/dense_gemv.cpp:36]   --->   Operation 318 'add' 'add_ln36_12' <Predicate = true> <Delay = 4.50> <CoreInst = "TAddSub">   --->   Core 10 'TAddSub' <Latency = 0> <II = 1> <Delay = 2.25> <IPBlock> <Opcode : 'add' 'sub'> <InPorts = 3> <OutPorts = 1> <Sync> <CReg>
ST_5 : Operation 319 [1/1] (0.00ns) (grouped into TernaryAdder)   --->   "%add_ln36_15 = add i32 %mul_ln36_15, i32 %mul_ln36_14" [../hls/dense_gemv.cpp:36]   --->   Operation 319 'add' 'add_ln36_15' <Predicate = true> <Delay = 0.00> <CoreInst = "TAddSub">   --->   Core 10 'TAddSub' <Latency = 0> <II = 1> <Delay = 2.25> <IPBlock> <Opcode : 'add' 'sub'> <InPorts = 3> <OutPorts = 1> <Sync> <CReg>
ST_5 : Operation 320 [1/1] (2.70ns)   --->   "%add_ln36_16 = add i32 %mul_ln36_13, i32 %mul_ln36_12" [../hls/dense_gemv.cpp:36]   --->   Operation 320 'add' 'add_ln36_16' <Predicate = true> <Delay = 2.70> <CoreInst = "Adder">   --->   Core 1 'Adder' <Latency = 0> <II = 1> <Delay = 2.70> <FuncUnit> <Opcode : 'add' 'sub'> <InPorts = 2> <OutPorts = 1>
ST_5 : Operation 321 [1/1] (4.50ns) (root node of TernaryAdder)   --->   "%add_ln36_17 = add i32 %add_ln36_16, i32 %add_ln36_15" [../hls/dense_gemv.cpp:36]   --->   Operation 321 'add' 'add_ln36_17' <Predicate = true> <Delay = 4.50> <CoreInst = "TAddSub">   --->   Core 10 'TAddSub' <Latency = 0> <II = 1> <Delay = 2.25> <IPBlock> <Opcode : 'add' 'sub'> <InPorts = 3> <OutPorts = 1> <Sync> <CReg>
ST_5 : Operation 322 [1/1] (0.00ns) (grouped into TernaryAdder)   --->   "%add_ln36_18 = add i32 %mul_ln36_11, i32 %mul_ln36_10" [../hls/dense_gemv.cpp:36]   --->   Operation 322 'add' 'add_ln36_18' <Predicate = true> <Delay = 0.00> <CoreInst = "TAddSub">   --->   Core 10 'TAddSub' <Latency = 0> <II = 1> <Delay = 2.25> <IPBlock> <Opcode : 'add' 'sub'> <InPorts = 3> <OutPorts = 1> <Sync> <CReg>
ST_5 : Operation 323 [1/1] (2.70ns)   --->   "%add_ln36_19 = add i32 %mul_ln36_9, i32 %mul_ln36_8" [../hls/dense_gemv.cpp:36]   --->   Operation 323 'add' 'add_ln36_19' <Predicate = true> <Delay = 2.70> <CoreInst = "Adder">   --->   Core 1 'Adder' <Latency = 0> <II = 1> <Delay = 2.70> <FuncUnit> <Opcode : 'add' 'sub'> <InPorts = 2> <OutPorts = 1>
ST_5 : Operation 324 [1/1] (4.50ns) (root node of TernaryAdder)   --->   "%add_ln36_20 = add i32 %add_ln36_19, i32 %add_ln36_18" [../hls/dense_gemv.cpp:36]   --->   Operation 324 'add' 'add_ln36_20' <Predicate = true> <Delay = 4.50> <CoreInst = "TAddSub">   --->   Core 10 'TAddSub' <Latency = 0> <II = 1> <Delay = 2.25> <IPBlock> <Opcode : 'add' 'sub'> <InPorts = 3> <OutPorts = 1> <Sync> <CReg>
ST_5 : Operation 325 [1/1] (2.70ns)   --->   "%add_ln36_22 = add i32 %mul_ln36_7, i32 %mul_ln36_6" [../hls/dense_gemv.cpp:36]   --->   Operation 325 'add' 'add_ln36_22' <Predicate = true> <Delay = 2.70> <CoreInst = "Adder">   --->   Core 1 'Adder' <Latency = 0> <II = 1> <Delay = 2.70> <FuncUnit> <Opcode : 'add' 'sub'> <InPorts = 2> <OutPorts = 1>
ST_5 : Operation 326 [1/1] (2.70ns)   --->   "%add_ln36_23 = add i32 %mul_ln36_5, i32 %mul_ln36_4" [../hls/dense_gemv.cpp:36]   --->   Operation 326 'add' 'add_ln36_23' <Predicate = true> <Delay = 2.70> <CoreInst = "Adder">   --->   Core 1 'Adder' <Latency = 0> <II = 1> <Delay = 2.70> <FuncUnit> <Opcode : 'add' 'sub'> <InPorts = 2> <OutPorts = 1>
ST_5 : Operation 327 [1/1] (0.00ns) (grouped into TernaryAdder)   --->   "%add_ln36_24 = add i32 %add_ln36_23, i32 %add_ln36_22" [../hls/dense_gemv.cpp:36]   --->   Operation 327 'add' 'add_ln36_24' <Predicate = true> <Delay = 0.00> <CoreInst = "TAddSub">   --->   Core 10 'TAddSub' <Latency = 0> <II = 1> <Delay = 2.25> <IPBlock> <Opcode : 'add' 'sub'> <InPorts = 3> <OutPorts = 1> <Sync> <CReg>
ST_5 : Operation 328 [1/1] (4.50ns) (root node of TernaryAdder)   --->   "%add_ln36_28 = add i32 %add_ln36_27, i32 %add_ln36_24" [../hls/dense_gemv.cpp:36]   --->   Operation 328 'add' 'add_ln36_28' <Predicate = true> <Delay = 4.50> <CoreInst = "TAddSub">   --->   Core 10 'TAddSub' <Latency = 0> <II = 1> <Delay = 2.25> <IPBlock> <Opcode : 'add' 'sub'> <InPorts = 3> <OutPorts = 1> <Sync> <CReg>

State 6 <SV = 5> <Delay = 7.20>
ST_6 : Operation 329 [1/1] (2.70ns)   --->   "%add_ln36 = add i32 %mul_ln36_31, i32 %mul_ln36_30" [../hls/dense_gemv.cpp:36]   --->   Operation 329 'add' 'add_ln36' <Predicate = true> <Delay = 2.70> <CoreInst = "Adder">   --->   Core 1 'Adder' <Latency = 0> <II = 1> <Delay = 2.70> <FuncUnit> <Opcode : 'add' 'sub'> <InPorts = 2> <OutPorts = 1>
ST_6 : Operation 330 [1/1] (2.70ns)   --->   "%add_ln36_1 = add i32 %mul_ln36_29, i32 %mul_ln36_28" [../hls/dense_gemv.cpp:36]   --->   Operation 330 'add' 'add_ln36_1' <Predicate = true> <Delay = 2.70> <CoreInst = "Adder">   --->   Core 1 'Adder' <Latency = 0> <II = 1> <Delay = 2.70> <FuncUnit> <Opcode : 'add' 'sub'> <InPorts = 2> <OutPorts = 1>
ST_6 : Operation 331 [1/1] (0.00ns) (grouped into TernaryAdder)   --->   "%add_ln36_2 = add i32 %add_ln36_1, i32 %add_ln36" [../hls/dense_gemv.cpp:36]   --->   Operation 331 'add' 'add_ln36_2' <Predicate = true> <Delay = 0.00> <CoreInst = "TAddSub">   --->   Core 10 'TAddSub' <Latency = 0> <II = 1> <Delay = 2.25> <IPBlock> <Opcode : 'add' 'sub'> <InPorts = 3> <OutPorts = 1> <Sync> <CReg>
ST_6 : Operation 332 [1/1] (4.50ns) (root node of TernaryAdder)   --->   "%add_ln36_6 = add i32 %add_ln36_5, i32 %add_ln36_2" [../hls/dense_gemv.cpp:36]   --->   Operation 332 'add' 'add_ln36_6' <Predicate = true> <Delay = 4.50> <CoreInst = "TAddSub">   --->   Core 10 'TAddSub' <Latency = 0> <II = 1> <Delay = 2.25> <IPBlock> <Opcode : 'add' 'sub'> <InPorts = 3> <OutPorts = 1> <Sync> <CReg>
ST_6 : Operation 333 [1/1] (2.70ns)   --->   "%add_ln36_7 = add i32 %mul_ln36_23, i32 %mul_ln36_22" [../hls/dense_gemv.cpp:36]   --->   Operation 333 'add' 'add_ln36_7' <Predicate = true> <Delay = 2.70> <CoreInst = "Adder">   --->   Core 1 'Adder' <Latency = 0> <II = 1> <Delay = 2.70> <FuncUnit> <Opcode : 'add' 'sub'> <InPorts = 2> <OutPorts = 1>
ST_6 : Operation 334 [1/1] (2.70ns)   --->   "%add_ln36_8 = add i32 %mul_ln36_21, i32 %mul_ln36_20" [../hls/dense_gemv.cpp:36]   --->   Operation 334 'add' 'add_ln36_8' <Predicate = true> <Delay = 2.70> <CoreInst = "Adder">   --->   Core 1 'Adder' <Latency = 0> <II = 1> <Delay = 2.70> <FuncUnit> <Opcode : 'add' 'sub'> <InPorts = 2> <OutPorts = 1>
ST_6 : Operation 335 [1/1] (0.00ns) (grouped into TernaryAdder)   --->   "%add_ln36_9 = add i32 %add_ln36_8, i32 %add_ln36_7" [../hls/dense_gemv.cpp:36]   --->   Operation 335 'add' 'add_ln36_9' <Predicate = true> <Delay = 0.00> <CoreInst = "TAddSub">   --->   Core 10 'TAddSub' <Latency = 0> <II = 1> <Delay = 2.25> <IPBlock> <Opcode : 'add' 'sub'> <InPorts = 3> <OutPorts = 1> <Sync> <CReg>
ST_6 : Operation 336 [1/1] (4.50ns) (root node of TernaryAdder)   --->   "%add_ln36_13 = add i32 %add_ln36_12, i32 %add_ln36_9" [../hls/dense_gemv.cpp:36]   --->   Operation 336 'add' 'add_ln36_13' <Predicate = true> <Delay = 4.50> <CoreInst = "TAddSub">   --->   Core 10 'TAddSub' <Latency = 0> <II = 1> <Delay = 2.25> <IPBlock> <Opcode : 'add' 'sub'> <InPorts = 3> <OutPorts = 1> <Sync> <CReg>
ST_6 : Operation 337 [1/1] (0.00ns) (grouped into TernaryAdder)   --->   "%add_ln36_21 = add i32 %add_ln36_20, i32 %add_ln36_17" [../hls/dense_gemv.cpp:36]   --->   Operation 337 'add' 'add_ln36_21' <Predicate = true> <Delay = 0.00> <CoreInst = "TAddSub">   --->   Core 10 'TAddSub' <Latency = 0> <II = 1> <Delay = 2.25> <IPBlock> <Opcode : 'add' 'sub'> <InPorts = 3> <OutPorts = 1> <Sync> <CReg>
ST_6 : Operation 338 [1/1] (4.50ns) (root node of TernaryAdder)   --->   "%add_ln36_29 = add i32 %add_ln36_28, i32 %add_ln36_21" [../hls/dense_gemv.cpp:36]   --->   Operation 338 'add' 'add_ln36_29' <Predicate = true> <Delay = 4.50> <CoreInst = "TAddSub">   --->   Core 10 'TAddSub' <Latency = 0> <II = 1> <Delay = 2.25> <IPBlock> <Opcode : 'add' 'sub'> <InPorts = 3> <OutPorts = 1> <Sync> <CReg>
ST_6 : Operation 345 [1/1] (1.61ns)   --->   "%ret_ln0 = ret"   --->   Operation 345 'ret' 'ret_ln0' <Predicate = (!icmp_ln30)> <Delay = 1.61>

State 7 <SV = 6> <Delay = 5.82>
ST_7 : Operation 339 [1/1] (0.00ns)   --->   "%specpipeline_ln32 = specpipeline void @_ssdm_op_SpecPipeline, i32 1, i32 0, i32 0, i32 0, i32 4294967295, void @empty" [../hls/dense_gemv.cpp:32]   --->   Operation 339 'specpipeline' 'specpipeline_ln32' <Predicate = true> <Delay = 0.00>
ST_7 : Operation 340 [1/1] (0.00ns)   --->   "%specloopname_ln30 = specloopname void @_ssdm_op_SpecLoopName, void @empty_38" [../hls/dense_gemv.cpp:30]   --->   Operation 340 'specloopname' 'specloopname_ln30' <Predicate = true> <Delay = 0.00>
ST_7 : Operation 341 [1/1] (0.00ns) (grouped into TernaryAdder)   --->   "%add_ln36_14 = add i32 %add_ln36_13, i32 %add_ln36_6" [../hls/dense_gemv.cpp:36]   --->   Operation 341 'add' 'add_ln36_14' <Predicate = true> <Delay = 0.00> <CoreInst = "TAddSub">   --->   Core 10 'TAddSub' <Latency = 0> <II = 1> <Delay = 2.25> <IPBlock> <Opcode : 'add' 'sub'> <InPorts = 3> <OutPorts = 1> <Sync> <CReg>
ST_7 : Operation 342 [1/1] (4.50ns) (root node of TernaryAdder)   --->   "%acc = add i32 %add_ln36_29, i32 %add_ln36_14" [../hls/dense_gemv.cpp:36]   --->   Operation 342 'add' 'acc' <Predicate = true> <Delay = 4.50> <CoreInst = "TAddSub">   --->   Core 10 'TAddSub' <Latency = 0> <II = 1> <Delay = 2.25> <IPBlock> <Opcode : 'add' 'sub'> <InPorts = 3> <OutPorts = 1> <Sync> <CReg>
ST_7 : Operation 343 [1/1] ( I:1.31ns O:1.31ns )   --->   "%write_ln39 = write void @_ssdm_op_Write.axis.volatile.i32P128A, i32 %out_stream, i32 %acc" [../hls/dense_gemv.cpp:39]   --->   Operation 343 'write' 'write_ln39' <Predicate = true> <Delay = 1.31> <CoreInst = "regslice">   --->   Core 135 'regslice' <Latency = 0> <II = 1> <Delay = 2.05> <Adapter> <Opcode : 'read' 'write'>
ST_7 : Operation 344 [1/1] (0.00ns)   --->   "%br_ln30 = br void %VITIS_LOOP_35_3" [../hls/dense_gemv.cpp:30]   --->   Operation 344 'br' 'br_ln30' <Predicate = true> <Delay = 0.00>


============================================================
+ Verbose Summary: Timing violations
============================================================
Target clock period: 10.000ns, clock uncertainty: 2.700ns.

 <State 1>: 5.922ns
The critical path consists of the following:
	'store' operation ('store_ln30', ../hls/dense_gemv.cpp:30) of constant 0 31 bit on local variable 'i', ../hls/dense_gemv.cpp:30 [198]  (1.610 ns)
	'load' operation 31 bit ('i', ../hls/dense_gemv.cpp:30) on local variable 'i', ../hls/dense_gemv.cpp:30 [201]  (0.000 ns)
	'icmp' operation 1 bit ('icmp_ln30', ../hls/dense_gemv.cpp:30) [203]  (2.702 ns)
	'store' operation ('store_ln30', ../hls/dense_gemv.cpp:30) of variable 'add_ln30', ../hls/dense_gemv.cpp:30 31 bit on local variable 'i', ../hls/dense_gemv.cpp:30 [338]  (1.610 ns)

 <State 2>: 6.860ns
The critical path consists of the following:
	'load' operation 32 bit ('weights_31_load', ../hls/dense_gemv.cpp:36) on array 'weights_31' [273]  (0.000 ns)
	'mul' operation 32 bit ('mul_ln36', ../hls/dense_gemv.cpp:36) [274]  (6.860 ns)

 <State 3>: 6.860ns
The critical path consists of the following:
	'mul' operation 32 bit ('mul_ln36', ../hls/dense_gemv.cpp:36) [274]  (6.860 ns)

 <State 4>: 7.207ns
The critical path consists of the following:
	'add' operation 32 bit ('add_ln36_26', ../hls/dense_gemv.cpp:36) [332]  (2.702 ns)
	'add' operation 32 bit ('add_ln36_27', ../hls/dense_gemv.cpp:36) [333]  (4.505 ns)

 <State 5>: 7.207ns
The critical path consists of the following:
	'add' operation 32 bit ('add_ln36_4', ../hls/dense_gemv.cpp:36) [310]  (2.702 ns)
	'add' operation 32 bit ('add_ln36_5', ../hls/dense_gemv.cpp:36) [311]  (4.505 ns)

 <State 6>: 7.207ns
The critical path consists of the following:
	'add' operation 32 bit ('add_ln36', ../hls/dense_gemv.cpp:36) [306]  (2.702 ns)
	'add' operation 32 bit ('add_ln36_2', ../hls/dense_gemv.cpp:36) [308]  (0.000 ns)
	'add' operation 32 bit ('add_ln36_6', ../hls/dense_gemv.cpp:36) [312]  (4.505 ns)

 <State 7>: 5.823ns
The critical path consists of the following:
	'add' operation 32 bit ('add_ln36_14', ../hls/dense_gemv.cpp:36) [320]  (0.000 ns)
	'add' operation 32 bit ('acc', ../hls/dense_gemv.cpp:36) [336]  (4.505 ns)
	axis write operation ('write_ln39', ../hls/dense_gemv.cpp:39) on port 'out_stream' (../hls/dense_gemv.cpp:39) [337]  (1.318 ns)


============================================================
+ Verbose Summary: Binding
============================================================
N/A
* FSMD analyzer results:
  - Output states:
 - Input state : 
  - Chain level:
	State 1
	State 2
	State 3
	State 4
	State 5
	State 6
	State 7


============================================================
+ Verbose Summary: Datapath Resource usage 
============================================================
N/A
